Budget,Runtime,Popularity,Vote_Average,Vote_Count,Genres,Revenue,Release_Year,Release_Month,Release_Quarter,Revenue_Log,Budget_Log
30000000.0,81.0,21.946943,7.7,5415.0,Animation,373554033.0,1995,10,4,19.73857322141759,17.216707972959764
65000000.0,104.0,17.015539,6.9,2413.0,Adventure,262797249.0,1995,12,4,19.386893380288626,17.989897843244528
16000000.0,127.0,3.859495,6.1,34.0,Comedy,81452156.0,1995,12,4,18.215526375166277,16.588099342704055
60000000.0,170.0,17.924927,7.7,1886.0,Action,187436818.0,1995,12,4,19.04895238125583,17.909855136853043
35000000.0,106.0,5.23158,5.5,174.0,Action,64350171.0,1995,12,4,17.979850164885512,17.370858648025116
58000000.0,130.0,14.686036,6.6,1194.0,Adventure,352194034.0,1995,11,4,19.679692817483186,17.87595358575207
62000000.0,106.0,6.318445,6.5,199.0,Comedy,107879496.0,1995,11,4,18.496525393636873,17.9426449591384
44000000.0,192.0,5.092,7.1,72.0,History,13681765.0,1995,12,4,16.43157455539407,17.599700214609808
98000000.0,119.0,7.284477,5.7,137.0,Action,10017322.0,1995,12,4,16.119826452257225,18.400478046838927
52000000.0,178.0,10.137389,7.8,1343.0,Drama,116112375.0,1995,11,4,18.570069038747533,17.76675429577647
16500000.0,136.0,10.673167,7.2,364.0,Drama,135000000.0,1995,12,4,18.72078534381011,16.61887099947687
4000000.0,98.0,9.026586,6.5,539.0,Crime,4300000.0,1995,12,4,15.274125813221904,15.201805169084134
30000000.0,90.0,8.205448,6.1,1128.0,Crime,212385533.0,1995,11,4,19.173913737668016,17.216707972959764
60000000.0,103.0,7.337906,5.4,224.0,Action,35431113.0,1995,11,4,17.38310091862791,17.909855136853043
30250000.0,105.0,12.669608,6.4,305.0,Comedy,115101622.0,1995,10,4,18.561325974374626,17.225006775498976
50000000.0,132.0,11.065939,6.0,394.0,Action,30303072.0,1995,10,4,17.22675968447894,17.72753358339242
3600000.0,112.0,10.332025,7.1,365.0,Drama,49800000.0,1995,10,4,17.723525562075203,15.096444681204078
12000000.0,100.0,8.681325,6.6,91.0,Comedy,27400000.0,1995,10,4,17.126053607854647,16.300417291085605
18000000.0,108.0,9.822423,7.6,308.0,Fantasy,1738611.0,1995,5,2,14.368597651708424,16.705882371415992
29500000.0,129.0,12.297305,7.4,2470.0,Science Fiction,168840000.0,1995,12,4,18.94446208480134,17.19990085520835
30000000.0,89.0,14.404764,6.0,756.0,Fantasy,254134910.0,1995,7,3,19.35337582964417,17.216707972959764
11000000.0,122.0,6.891317,7.3,350.0,Drama,39363635.0,1995,12,4,17.488353003930516,16.213405921671733
18000000.0,101.0,10.870138,5.4,452.0,Action,122195920.0,1995,8,3,18.621136224439255,16.705882371415992
20000000.0,106.0,10.448481,6.7,177.0,Fantasy,21284514.0,1995,5,2,16.873490370985255,16.811242881518265
10000000.0,116.0,4.485958,6.5,38.0,Drama,23574130.0,1995,10,4,16.975660524722755,16.118095750958314
33000000.0,127.0,18.45743,8.1,5915.0,Crime,327311859.0,1995,9,3,19.606423974684137,17.312018149733785
55000000.0,81.0,13.280069,6.7,1509.0,Adventure,346079773.0,1995,6,2,19.66217986714061,17.822843761378564
6000000.0,106.0,16.302466,8.1,3334.0,Drama,23341568.0,1995,7,3,16.96574640621366,15.607270193858982
15000000.0,95.0,15.899134,6.7,145.0,Comedy,6700000.0,1995,9,3,15.717618233614914,16.52356082573315
3500000.0,91.0,14.56965,7.0,513.0,Comedy,28215918.0,1995,4,2,17.155396880182252,15.068273812173887
19000000.0,108.0,15.339153,6.9,1644.0,Horror,25836616.0,1996,1,1,17.067303307255134,16.759949589762293
50000000.0,91.0,5.912223,4.1,54.0,Action,11534477.0,1995,11,4,16.260851194989943,17.72753358339242
15000000.0,90.0,2.936443,3.9,16.0,Comedy,2042530.0,1996,1,1,14.529700283079698,16.52356082573315
20000000.0,108.0,12.758848,6.1,154.0,Horror,5781885.0,1995,9,3,15.570240485002937,16.811242881518265
8000000.0,116.0,4.486179,6.7,87.0,Drama,529766.0,1995,12,4,13.18019256622443,15.894952224644102
38000000.0,129.0,9.568604,6.3,86.0,Action,10300000.0,1996,2,1,16.14765455028724,17.453096744006448
8169363.0,90.0,6.848591,6.1,190.0,Crime,8175346.0,1995,11,4,15.916633720329946,15.915901618028812
47000000.0,104.0,12.866139,5.7,77.0,Drama,12379402.0,1996,2,1,16.331544601117734,17.665658180950928
14000000.0,100.0,9.071127,4.5,113.0,Comedy,19800000.0,1995,10,4,16.801192546169812,16.454567959008102
50000000.0,108.0,14.957626,5.7,459.0,Action,150270147.0,1996,2,1,18.82794521889528,17.72753358339242
7000000.0,91.0,6.904831,6.8,285.0,Comedy,560069.0,1996,2,1,13.235817054899483,15.76142084987672
12000000.0,92.0,9.592265,6.5,767.0,Comedy,41205099.0,1996,2,1,17.534072593066618,16.300417291085605
24000000.0,135.0,5.951077,7.3,397.0,Drama,182016617.0,1995,5,2,19.019608548565085,16.993564429978885
72000000.0,177.0,20.755149,7.7,3404.0,Action,210000000.0,1995,5,2,19.162618093443648,18.09217669086922
1300000.0,114.0,14.092713,8.1,2632.0,Crime,28262574.0,1976,2,1,17.157049049257896,14.077875591662238
7500000.0,91.0,12.314278,6.5,245.0,Crime,32392047.0,1995,1,1,17.293423518540404,15.830413711839864
25000000.0,113.0,1.522412,5.1,7.0,Comedy,6278139.0,1995,9,3,15.652584316230964,17.034386422832473
40000000.0,117.0,6.506983,5.4,139.0,Comedy,70100000.0,1992,6,2,18.065433366270153,17.50439003707821
7000000.0,92.0,5.579088,6.3,66.0,Comedy,14702438.0,1996,3,1,16.50352395635338,15.76142084987672
50000000.0,95.0,11.418917,5.1,45.0,Action,9851610.0,1995,10,4,16.10314555307438,17.72753358339242
31000000.0,117.0,6.49968,6.7,303.0,Comedy,185260553.0,1996,3,1,19.037273792177565,17.249497794707484
19000000.0,118.0,9.262184,6.5,1729.0,Action,141407024.0,1995,4,2,18.76715299194654,16.759949589762293
4000000.0,113.0,0.922958,6.0,11.0,Romance,851545.0,1995,7,3,13.65480879993929,15.201805169084134
52000000.0,140.0,18.761467,7.3,1637.0,Drama,355237933.0,1995,6,2,19.688298359551155,17.76675429577647
28000000.0,139.0,10.193549,6.5,151.0,Adventure,31596911.0,1995,4,2,17.268569952263096,17.147715103853763
100000000.0,121.0,13.321354,5.2,1529.0,Action,336529144.0,1995,6,2,19.63419531548269,18.420680753952364
2000000.0,83.0,11.528147,6.8,28.0,Comedy,1275000.0,1995,9,3,14.058457520888082,14.508658238524095
11000000.0,91.0,5.391556,5.9,57.0,Action,178104.0,1995,6,2,12.090128542999349,16.213405921671733
50000000.0,100.0,12.812539,6.0,1045.0,Fantasy,287928194.0,1995,5,2,19.478221684097427,17.72753358339242
25000000.0,128.0,4.558992,6.8,69.0,Mystery,13071518.0,1995,9,3,16.385946299199293,17.034386422832473
50000000.0,109.0,7.260574,5.0,214.0,Action,152022101.0,1995,6,2,18.839536476134583,17.72753358339242
53000000.0,116.0,8.657365,7.0,508.0,Action,157387195.0,1995,5,2,18.874219543751828,17.78580249038432
7000000.0,104.0,6.950458,6.8,898.0,Thriller,25405445.0,1995,8,3,17.050474118455163,15.76142084987672
27000000.0,102.0,4.646132,6.3,88.0,Drama,16140822.0,1995,9,3,16.59686221083196,17.11134746100564
90000000.0,128.0,15.138855,6.9,2094.0,Action,366101666.0,1995,5,2,19.71842163148081,18.31532023940565
55000000.0,134.0,15.178338,5.9,319.0,Action,127600435.0,1995,7,3,18.664414345797027,17.822843761378564
20000000.0,107.0,14.810519,6.2,406.0,Action,7563728.0,1995,9,3,15.838874880514219,16.811242881518265
25000000.0,97.0,11.715868,5.5,380.0,Adventure,19075720.0,1995,5,2,16.7639269325856,17.034386422832473
90000000.0,96.0,8.184815,5.4,643.0,Science Fiction,113493481.0,1995,6,2,18.547255965923945,18.31532023940565
1500000.0,91.0,4.877872,6.8,280.0,Drama,7412216.0,1995,7,3,15.818640142807183,14.220976332738882
500000.0,89.0,10.058329,7.2,64.0,Drama,1148752.0,1995,1,1,13.9541875641829,13.122365377402328
6000000.0,94.0,8.25547,6.8,400.0,Romance,2122561.0,1995,10,4,14.56813440757729,15.607270193858982
15000000.0,92.0,7.024227,5.2,153.0,Action,66000000.0,1995,6,2,18.005165315142214,16.52356082573315
2.0,95.0,2.466066,6.4,36.0,Thriller,1.0,1995,9,3,0.6931471805599453,1.0986122886681098
22000000.0,114.0,13.304342,5.6,359.0,Crime,110627965.0,1995,7,3,18.521683472232386,16.906553056777135
150000.0,94.0,1.165039,5.8,14.0,Comedy,472370.0,1995,6,2,13.0655199727673,11.918397239722838
8.0,98.0,10.187623,6.4,139.0,Fantasy,16.0,1995,9,3,2.833213344056216,2.1972245773362196
50000000.0,135.0,6.752119,5.5,111.0,Drama,10382407.0,1995,10,4,16.155623393383497,17.72753358339242
45000000.0,128.0,17.502375,4.9,261.0,Drama,20350754.0,1995,9,3,16.828628569901763,17.622173069956816
7000000.0,112.0,5.552946,7.2,115.0,Comedy,8349430.0,1995,6,2,15.937703950792574,15.76142084987672
35000000.0,108.0,13.492845,5.5,457.0,Science Fiction,113374103.0,1995,7,3,18.5462035633915,17.370858648025116
42000000.0,145.0,11.223055,6.8,334.0,Crime,7959291.0,1995,10,4,15.889850609141131,17.553180200057167
14000000.0,99.0,1.820419,4.6,9.0,Thriller,5780000.0,1995,9,3,15.569914413658926,16.454567959008102
60000000.0,100.0,7.490247,5.6,217.0,Action,104324083.0,1995,7,3,18.46301280414933,17.909855136853043
20000000.0,103.0,9.715639,6.5,168.0,Drama,50012507.0,1995,8,3,17.727783692107625,16.811242881518265
175000000.0,135.0,16.885184,5.9,1017.0,Adventure,264218220.0,1995,7,3,19.392285914366305,18.980296537602072
2800000.0,135.0,2.486073,6.7,35.0,Drama,2616503.0,1994,5,2,14.777349633553024,14.845130332288226
2500000.0,105.0,11.304979,7.7,984.0,Drama,5535405.0,1995,1,1,15.526675472834972,14.731801689838349
10000000.0,89.0,6.638116,6.2,464.0,Comedy,26488734.0,1995,2,1,17.092230106238617,16.118095750958314
21000000.0,115.0,3.030309,6.3,48.0,Comedy,23450000.0,1995,2,1,16.970381095500485,16.860033043306743
27000.0,92.0,10.513367,7.4,769.0,Comedy,3151130.0,1994,9,3,14.963271993978692,10.203629181337648
25000000.0,97.0,7.438934,6.3,184.0,Romance,22200000.0,1994,10,4,16.915602891887552,17.034386422832473
55000000.0,123.0,11.812244,5.9,217.0,Drama,214015089.0,1994,12,4,19.181557084518822,17.822843761378564
16000000.0,107.0,9.844558,6.5,1894.0,Comedy,247275374.0,1994,12,4,19.32601315211921,16.588099342704055
18000000.0,127.0,11.720358,7.3,639.0,Comedy,5887457.0,1994,9,3,15.588334883523403,16.705882371415992
15000000.0,103.0,8.182165,5.0,24.0,Drama,12201255.0,1995,3,1,16.317049455224087,16.52356082573315
700000.0,171.0,9.47666,7.7,91.0,Documentary,7830611.0,1994,9,3,15.87355122583212,13.45883704259595
5000000.0,99.0,9.438042,6.9,299.0,Drama,3049135.0,1994,9,3,14.930368829764083,15.424948670398354
10500000.0,113.0,2.688562,6.0,17.0,Comedy,26325256.0,1995,1,1,17.086039378519754,16.166885910365842
60000000.0,123.0,11.970205,7.2,1558.0,Horror,223664608.0,1994,11,4,19.22565820652359,17.909855136853043
14000000.0,139.0,1.596058,5.2,10.0,Drama,2474000.0,1995,3,1,14.721347236138207,16.454567959008102
60000000.0,109.0,6.710215,4.7,381.0,Comedy,37000000.0,1994,11,4,17.426428497635523,17.909855136853043
11000000.0,121.0,42.149697,8.1,6778.0,Adventure,775398007.0,1977,5,2,20.468887014201155,16.213405921671733
2000000.0,105.0,4.126083,6.6,70.0,Drama,21665468.0,1992,4,2,16.891230260740898,14.508658238524095
30000000.0,133.0,12.199047,7.2,636.0,Adventure,160638883.0,1994,12,4,18.894669447232353,17.216707972959764
17000000.0,106.0,7.698526,6.4,28.0,Drama,7603766.0,1995,3,1,15.844154340353498,16.648723960844016
45000000.0,123.0,14.287753,6.1,272.0,Drama,112006296.0,1994,11,4,18.53406565089319,17.622173069956816
6.0,95.0,1.137266,5.6,7.0,Comedy,5.0,1995,1,1,1.791759469228055,1.9459101490553132
31000000.0,112.0,5.930957,6.1,128.0,Drama,106683817.0,1994,12,4,18.485380045914006,17.249497794707484
34000000.0,119.0,11.226856,6.9,927.0,Crime,50282766.0,1994,8,3,17.733172971993923,17.341871111992198
50000000.0,127.0,13.676444,6.4,522.0,Action,189859560.0,1995,3,1,19.061795204185188,17.72753358339242
16000000.0,110.0,20.477329,8.2,4293.0,Thriller,45284974.0,1994,9,3,17.628485857731853,16.588099342704055
11000000.0,113.0,1.433544,6.6,9.0,Comedy,2832826.0,1995,5,2,14.856785710940283,16.213405921671733
8000000.0,154.0,140.950236,8.3,8670.0,Thriller,213928762.0,1994,9,3,19.18115363439065,15.894952224644102
400000.0,105.0,1.638622,6.1,9.0,Comedy,152322.0,1992,2,1,11.933758545209391,12.899222326086994
32000000.0,107.0,7.54701,6.2,431.0,Action,18552460.0,1995,2,1,16.73611300668165,17.281246492014
22000000.0,108.0,3.395867,6.4,7.0,Drama,12400000.0,1995,3,1,16.333207111220425,16.906553056777135
15000000.0,133.0,6.259433,5.3,33.0,Drama,11300653.0,1994,12,4,16.240371158114005,16.52356082573315
35000000.0,89.0,8.910462,6.5,251.0,Animation,9771658.0,1994,11,4,16.094996815130763,17.370858648025116
45000000.0,110.0,10.388183,5.5,317.0,Action,170362582.0,1994,10,4,18.953439564914206,17.622173069956816
55000000.0,121.0,13.328924,6.8,942.0,Action,196567262.0,1994,10,4,19.096515236043995,17.822843761378564
22000000.0,97.0,9.665424,6.3,501.0,Fantasy,189833357.0,1994,11,4,19.061657182121934,16.906553056777135
25000000.0,142.0,51.645403,8.5,8358.0,Drama,28341469.0,1994,9,3,17.1598366610298,17.034386422832473
25000000.0,98.0,7.602087,5.5,140.0,Action,4064495.0,1995,3,1,15.21780030803739,17.034386422832473
38000000.0,118.0,8.105708,6.4,461.0,Science Fiction,120000000.0,1994,11,4,18.603002309079653,17.453096744006448
6000000.0,98.0,2.86007,5.4,33.0,Crime,12000000.0,1995,5,2,16.300417291085605,15.607270193858982
11000000.0,118.0,10.3919,7.5,943.0,Romance,10032765.0,1993,12,4,16.121366894601774,16.213405921671733
30000000.0,106.0,5.188399,5.4,163.0,Action,24048000.0,1995,8,3,16.99556243255839,17.216707972959764
17000000.0,103.0,15.783615,6.5,340.0,Comedy,182057016.0,1995,4,2,19.019830476198848,16.648723960844016
3000000.0,106.0,5.254847,6.9,104.0,Drama,15119639.0,1994,9,3,16.5315051189084,14.914123179965662
15000000.0,86.0,11.247957,6.4,1684.0,Comedy,107217396.0,1994,2,1,18.490369078881876,16.52356082573315
5000000.0,139.0,11.298195,7.0,115.0,Thriller,1862805.0,1992,9,3,14.43759451104287,15.424948670398354
62000000.0,141.0,7.513245,6.4,390.0,Action,215887717.0,1994,8,3,19.19026900641899,17.9426449591384
45000000.0,119.0,15.263829,6.4,287.0,Drama,117615211.0,1994,7,3,18.582928938804823,17.622173069956816
15000000.0,102.0,15.799336,7.3,980.0,Fantasy,94000000.0,1994,5,2,18.358805350872576,16.52356082573315
46000000.0,91.0,15.019586,5.0,559.0,Fantasy,341631208.0,1994,5,2,19.649242376946724,17.6441519761925
55000000.0,142.0,48.307194,8.2,8147.0,Comedy,677945399.0,1994,7,3,20.334577311688424,17.822843761378564
6000000.0,117.0,8.990345,6.6,654.0,Comedy,254700832.0,1994,3,1,19.355600210458668,15.607270193858982
45000000.0,123.0,3.570874,5.3,41.0,Action,61947267.0,1994,6,2,17.94179406498628,17.622173069956816
45000000.0,89.0,21.605761,8.0,5520.0,Family,788241776.0,1994,6,2,20.485315424365478,17.622173069956816
35000000.0,140.0,5.681522,6.0,76.0,Drama,4858139.0,1993,12,4,15.396166206572815,17.370858648025116
14000000.0,112.0,9.860522,6.4,297.0,Horror,18090181.0,1994,10,4,16.710879918127944,16.454567959008102
23000000.0,101.0,14.13488,6.6,2550.0,Romance,351583407.0,1994,7,3,19.67795753267319,16.951004817371683
30000000.0,83.0,10.587232,6.4,535.0,Comedy,51132598.0,1994,3,1,17.74993279697887,17.216707972959764
11500000.0,99.0,6.514592,6.5,180.0,Drama,20079850.0,1994,2,1,16.815227432441546,16.257857680289998
8000000.0,98.0,5.137903,6.4,71.0,Crime,2000000.0,1993,7,3,14.508658238524095,15.894952224644102
30000000.0,116.0,10.859292,6.8,1814.0,Action,350448145.0,1994,6,2,19.674723310555624,17.216707972959764
27000000.0,99.0,8.907074,5.5,288.0,Thriller,101646581.0,1994,9,3,18.437012472288835,17.11134746100564
115000000.0,141.0,11.396099,6.8,1138.0,Action,378882411.0,1994,7,3,19.752736456331352,18.560442695023177
63000000.0,191.0,9.277147,6.5,203.0,Drama,25052000.0,1994,6,2,17.036464262544413,17.958645300228824
10000000.0,100.0,3.021526,6.0,31.0,Action,29392418.0,1994,11,4,17.196247341915182,16.118095750958314
7000000.0,119.0,0.912909,5.9,9.0,Crime,20851521.0,1994,9,3,16.85293750114681,15.76142084987672
35000000.0,102.0,13.58449,4.1,330.0,Action,99423521.0,1994,12,4,18.414899283471048,17.370858648025116
26000000.0,99.0,6.866634,4.5,110.0,Action,36800000.0,1994,11,4,17.421008430313073,17.073607134447293
8000000.0,95.0,8.497643,7.1,307.0,Horror,8946600.0,1994,12,4,16.006784241581354,15.894952224644102
34000000.0,139.0,8.013617,7.0,172.0,Drama,32255440.0,1993,9,3,17.289197300153884,17.341871111992198
17080000.0,107.0,1.896273,5.1,42.0,Comedy,21011500.0,1994,1,1,16.860580512439707,16.653418804872704
50000000.0,104.0,11.787784,5.5,445.0,Action,119208989.0,1994,5,2,18.596388729214706,17.72753358339242
13000000.0,87.0,6.559693,5.8,102.0,Horror,428868.0,1993,6,2,12.968906789972536,16.380459992348886
22000000.0,121.0,6.115628,7.4,447.0,Drama,17287898.0,1993,9,3,16.665517334949108,16.906553056777135
13000000.0,90.0,1.316741,3.7,10.0,Drama,2570145.0,1993,9,3,14.759473264596334,16.380459992348886
30000000.0,144.0,8.698509,7.7,805.0,Action,36516012.0,1993,11,4,17.41326143467537,17.216707972959764
70000000.0,112.0,9.830853,6.1,600.0,Action,255000211.0,1993,5,2,19.356774934494904,18.064005814299346
40000000.0,121.0,14.228963,5.4,117.0,Drama,19726050.0,1994,8,3,16.79745070591299,17.50439003707821
6900000.0,102.0,6.8652,7.4,588.0,Comedy,7993039.0,1993,9,3,15.894081720974466,15.747032114495013
57000000.0,115.0,11.626116,6.4,1018.0,Crime,159055768.0,1993,10,4,18.88476544711433,17.858561843342684
30000000.0,94.0,8.468869,5.7,77.0,Comedy,11146270.0,1993,10,4,16.22661556047117,17.216707972959764
42000000.0,154.0,9.678367,6.6,513.0,Drama,270248367.0,1993,6,2,19.414851975612443,17.553180200057167
20000000.0,112.0,5.990572,6.0,429.0,Family,153698625.0,1993,7,3,18.850504268976348,16.811242881518265
44000000.0,130.0,10.08937,7.2,1240.0,Adventure,368875760.0,1993,8,3,19.725970454254732,17.599700214609808
35000000.0,115.0,4.653462,5.9,44.0,History,18635620.0,1993,12,4,16.74058541472984,17.370858648025116
18000000.0,97.0,7.834351,6.1,237.0,Action,74189677.0,1993,8,3,18.122135587948716,16.705882371415992
25000000.0,86.0,13.482371,6.2,463.0,Action,133752825.0,1993,5,2,18.711504072489138,17.034386422832473
40000000.0,128.0,12.637158,6.8,392.0,Action,176997168.0,1993,7,3,18.99164429605991,17.50439003707821
13000000.0,133.0,7.405895,7.6,363.0,Drama,65796862.0,1993,12,4,18.00208272038703,16.380459992348886
63000000.0,127.0,8.863776,7.6,4956.0,Adventure,920100000.0,1993,6,2,20.63999291883943,17.958645300228824
9000000.0,117.0,8.4337,6.5,209.0,Thriller,2395231.0,1993,9,3,14.688990652611697,16.012735246411598
1500000.0,96.0,4.948569,6.1,111.0,Action,418961.0,1993,10,4,12.94553550266739,14.220976332738882
85000000.0,130.0,9.434006,6.1,725.0,Adventure,137298489.0,1993,6,2,18.73766787286272,18.258161826219297
13500000.0,104.0,8.939404,7.1,169.0,Comedy,11285588.0,1993,8,3,16.23903716004854,16.41820031748273
3500000.0,97.0,5.260924,7.2,179.0,Drama,27900000.0,1993,5,2,17.14413728263389,15.068273812173887
55000000.0,133.0,13.106291,5.8,261.0,Action,121969216.0,1996,3,1,18.619279251187436,17.822843761378564
25000000.0,125.0,11.16553,7.0,1638.0,Comedy,441286195.0,1993,11,4,19.905204193442355,17.034386422832473
12000000.0,107.0,9.9697,4.8,202.0,Adventure,15826984.0,1994,7,3,16.57722695256745,16.300417291085605
20000000.0,118.0,9.715187,6.1,86.0,Action,15340000.0,1994,4,2,16.54597441909243,16.811242881518265
30000000.0,138.0,8.040589,7.2,376.0,Crime,135130999.0,1993,11,4,18.7217552362681,17.216707972959764
26000000.0,125.0,13.373006,7.6,1019.0,Drama,206678440.0,1993,12,4,19.14667471829307,17.073607134447293
7000000.0,121.0,7.436758,7.1,290.0,Drama,116700000.0,1993,5,2,18.575117105825765,15.76142084987672
14000000.0,109.0,6.972599,6.9,47.0,Drama,27515786.0,1993,7,3,17.13027047064736,16.454567959008102
11000000.0,97.0,5.868677,6.7,99.0,Comedy,11439193.0,1994,3,1,16.252556086888433,16.213405921671733
11500000.0,134.0,12.222576,7.5,213.0,Drama,23237911.0,1993,11,4,16.961295640817006,16.257857680289998
40000000.0,128.0,4.985157,5.9,83.0,Comedy,24332324.0,1994,6,2,17.007316271229797,17.50439003707821
22000000.0,104.0,8.685798,4.2,309.0,Action,10696210.0,1993,4,2,16.18540012457009,16.906553056777135
20000000.0,104.0,17.136672,6.4,575.0,Comedy,35739755.0,1993,7,3,17.391774240587754,16.811242881518265
11500000.0,100.0,9.796318,5.7,36.0,Action,3275585.0,1993,9,3,15.002007342342903,16.257857680289998
800000.0,114.0,0.941994,5.6,10.0,Drama,1001437.0,1993,10,4,13.816947525032393,13.592368256649284
12000000.0,114.0,5.914833,7.2,187.0,Drama,22750363.0,1993,9,3,16.940091703233236,16.300417291085605
22000000.0,195.0,41.725123,8.3,4436.0,Drama,321365567.0,1993,11,4,19.58808987422816,16.906553056777135
13000000.0,95.0,5.305311,6.4,137.0,Comedy,7820688.0,1994,4,2,15.872283216057143,16.380459992348886
25000000.0,108.0,7.881107,5.4,140.0,Adventure,48063435.0,1994,7,3,17.6880322796829,17.034386422832473
21000000.0,105.0,10.234919,6.5,630.0,Comedy,227799884.0,1993,6,2,19.243978104148432,16.860033043306743
40000000.0,108.0,11.23297,4.9,144.0,Drama,116300000.0,1993,5,2,18.571683626087346,17.50439003707821
28000000.0,117.0,96.272374,7.9,3833.0,Science Fiction,33139618.0,1982,6,2,17.316240073215855,17.147715103853763
20000000.0,93.0,8.051914,6.1,131.0,Comedy,11585483.0,1993,7,3,16.265263493137347,16.811242881518265
48000000.0,104.0,7.198455,4.0,236.0,Adventure,20915465.0,1993,5,2,16.85599944327004,17.6867115897055
7400000.0,96.0,3.644641,6.1,53.0,Action,7690013.0,1994,4,2,15.855433162026333,15.816990693309524
50000000.0,102.0,8.012225,5.0,82.0,Action,16478900.0,1994,9,3,16.617591393328727,17.72753358339242
18000000.0,76.0,17.730913,7.6,2135.0,Fantasy,75634409.0,1993,10,4,18.141421896326605,16.705882371415992
30000000.0,105.0,6.34785,6.2,219.0,Action,53898845.0,1993,11,4,17.802619625631475,17.216707972959764
25000000.0,130.0,11.338194,7.4,632.0,Action,56505065.0,1993,12,4,17.849840855813934,17.034386422832473
12500000.0,120.0,17.189328,7.5,762.0,Action,12281551.0,1993,9,3,16.32360885706226,16.341239282272525
27000000.0,80.0,7.436001,6.2,178.0,Fantasy,13670688.0,1994,11,4,16.43076460977087,17.11134746100564
18000000.0,103.0,0.702543,7.1,2487.0,Comedy,476684675.0,1990,11,4,19.982365773654585,16.705882371415992
22000000.0,127.0,11.945397,6.9,1381.0,Fantasy,505000000.0,1990,7,3,20.040068989219833,16.906553056777135
28000000.0,90.0,16.357419,7.4,3495.0,Animation,504050219.0,1992,11,4,20.038186463928767,17.147715103853763
100000000.0,137.0,22.661695,7.7,4274.0,Action,520000000.0,1991,7,3,20.069339371462824,18.420680753952364
22000000.0,181.0,11.654349,7.6,1084.0,Adventure,424208848.0,1990,11,4,19.865736460320466,16.906553056777135
35000000.0,126.0,19.10673,7.0,2145.0,Fantasy,411348924.0,1989,6,2,19.8349523782295,17.370858648025116
19000000.0,119.0,4.307222,8.1,4549.0,Crime,272742922.0,1991,2,1,19.424040235503067,16.759949589762293
1488423.0,83.0,16.263878,6.9,1973.0,Fantasy,184925486.0,1937,12,4,19.035463528934805,14.213228400022265
25000000.0,84.0,23.433511,7.5,3029.0,Romance,377350553.0,1991,11,4,19.74868516482711,17.034386422832473
2600000.0,88.0,14.202284,6.9,1412.0,Animation,84300000.0,1940,2,1,18.24989243483448,14.77102238760702
14000000.0,119.0,13.348451,7.0,1807.0,Romance,463000000.0,1990,3,1,19.953237614210334,16.454567959008102
6244087.0,145.0,11.722424,7.7,266.0,Adventure,638641.0,1969,6,2,13.367099325969543,15.647145654047936
7000000.0,98.0,12.61469,7.7,2080.0,Crime,60611975.0,1996,4,2,17.920003055276915,15.76142084987672
4000000.0,86.0,5.263187,4.9,111.0,Horror,16675000.0,1996,3,1,16.629421209735973,15.201805169084134
4000000.0,78.0,9.834047,7.1,1287.0,Animation,55675257.0,1970,12,4,17.835046405133788,15.201805169084134
30000000.0,129.0,10.326213,7.4,644.0,Crime,102616183.0,1996,4,2,18.44650621705291,17.216707972959764
12000000.0,108.0,4.405169,5.7,17.0,Comedy,4939939.0,1996,3,1,15.412863743341358,16.300417291085605
46000000.0,117.0,11.595316,6.2,240.0,Drama,100860818.0,1996,7,3,18.429252094746452,17.6441519761925
80000000.0,110.0,15.793477,6.7,2677.0,Adventure,457696359.0,1996,5,2,19.94171655278473,18.197537205138154
57000000.0,103.0,23.63659,6.4,553.0,Fantasy,115267375.0,1996,5,2,18.562764996372575,17.858561843342684
38000000.0,79.0,13.217623,6.2,375.0,Adventure,28921264.0,1996,4,2,17.180087695653675,17.453096744006448
13000000.0,91.0,1.296862,4.8,4.0,Comedy,9789900.0,1996,4,2,16.096861902096013,16.380459992348886
80000000.0,88.0,11.054251,6.5,1335.0,Animation,250200000.0,1996,11,4,19.33777115999389,18.197537205138154
9000000.0,98.0,14.304205,5.7,149.0,Science Fiction,2500000.0,1968,10,4,14.731801689838349,16.012735246411598
25000000.0,105.0,9.1861,5.5,26.0,Comedy,10070000.0,1996,4,2,16.125071363999606,17.034386422832473
30000000.0,95.0,7.941972,5.3,126.0,Action,57400547.0,1996,4,2,17.865564408282548,17.216707972959764
31000000.0,74.0,10.813579,6.5,372.0,Animation,74151346.0,1988,11,4,18.12161879226319,17.249497794707484
25530000.0,95.0,4.557006,5.3,85.0,Adventure,20080020.0,1996,5,2,16.815235898603987,17.05536482838727
35000000.0,135.0,1.690768,6.7,25.0,War,15000000.0,1995,9,3,16.52356082573315,17.370858648025116
15000000.0,101.0,12.860385,6.3,388.0,Drama,24769466.0,1996,5,2,17.025122283268747,16.52356082573315
4800000.0,99.0,0.343579,5.5,5.0,Action,3014000.0,1996,5,2,14.918778989953527,15.38412668421143
75000000.0,136.0,13.249824,6.9,1474.0,Action,335062621.0,1996,6,2,19.62982800366314,18.132998684833918
92000000.0,113.0,8.739144,6.1,966.0,Action,494471524.0,1996,5,2,20.019000123951457,18.33729914588288
25000000.0,115.0,6.497591,6.1,200.0,Action,14048372.0,1996,5,2,16.458017146326863,17.034386422832473
1800000.0,95.0,9.80398,8.0,1472.0,Drama,9440272.0,1964,1,1,16.06049545719505,14.403297778421795
45000000.0,100.0,8.079541,4.7,138.0,Adventure,17300889.0,1996,6,2,16.66626850323146,17.622173069956816
50000000.0,115.0,11.341502,4.4,210.0,Drama,113309743.0,1996,6,2,18.54563572406552,17.72753358339242
45000000.0,113.0,6.287245,5.9,340.0,Comedy,58620973.0,1996,8,3,17.886603108598578,17.622173069956816
4000000.0,93.0,19.348466,7.8,2737.0,Drama,16491080.0,1996,2,1,16.6183302472689,15.201805169084134
75000000.0,145.0,17.634197,6.7,3334.0,Action,816969268.0,1996,6,2,20.521112037673753,18.132998684833918
55000000.0,116.0,12.202063,5.7,202.0,Drama,18626419.0,1996,8,3,16.740091560934392,17.822843761378564
100000000.0,91.0,13.553999,6.8,1182.0,Drama,100138851.0,1996,6,2,18.42206830084989,18.420680753952364
47000000.0,96.0,7.586577,5.7,603.0,Comedy,102825796.0,1996,6,2,18.448546823084033,17.665658180950928
27000000.0,113.0,11.633347,6.7,248.0,Comedy,25023434.0,1996,7,3,17.03532334374747,17.11134746100564
100000000.0,115.0,6.919314,5.6,553.0,Action,242295562.0,1996,6,2,19.305668873609182,18.420680753952364
54000000.0,95.0,9.651581,5.4,717.0,Fantasy,128769345.0,1996,6,2,18.673533346414363,17.804494623047066
80000000.0,115.0,11.995799,5.8,385.0,Action,159212469.0,1996,12,4,18.88575015745272,18.197537205138154
30000000.0,110.0,12.09096,6.7,413.0,Horror,29359216.0,1996,7,3,17.195117092417636,17.216707972959764
5000000.0,135.0,9.069963,6.9,79.0,Drama,13269963.0,1996,6,2,16.401013693418502,15.424948670398354
32000000.0,123.0,5.575992,6.2,328.0,Drama,152036382.0,1996,7,3,18.83963041201018,17.281246492014
3500000.0,96.0,10.827266,5.7,71.0,Comedy,9482579.0,1996,8,3,16.06496698910333,15.068273812173887
40000000.0,149.0,13.309013,7.0,522.0,Crime,152266007.0,1996,7,3,18.8411396018843,17.50439003707821
25000000.0,98.0,3.906949,5.2,49.0,Action,17193231.0,1996,7,3,16.660026375974724,17.034386422832473
13000000.0,78.0,9.490858,5.0,87.0,Fantasy,4619014.0,1996,7,3,15.345692036863628,16.380459992348886
26000000.0,102.0,10.177303,6.5,172.0,Comedy,116400000.0,1996,9,3,18.572543101852677,17.073607134447293
80000000.0,117.0,8.772188,6.4,482.0,Action,309492681.0,1996,11,4,19.55044500522134,18.197537205138154
50000000.0,107.0,15.874491,5.3,291.0,Action,60209334.0,1996,8,3,17.913337964702674,17.72753358339242
36000000.0,98.0,10.034915,6.9,892.0,Comedy,33459416.0,1996,8,3,17.325843829581558,17.399029524198163
6000000.0,121.0,6.593011,6.7,152.0,Drama,22231658.0,1996,8,3,16.917027912035675,15.607270193858982
13000000.0,84.0,6.554679,5.2,119.0,Action,17917287.0,1996,8,3,16.7012766147724,16.380459992348886
15000000.0,87.0,3.450402,5.0,63.0,Horror,5600000.0,1996,8,3,15.53827733427679,16.52356082573315
6000000.0,117.0,1.19589,6.8,17.0,Comedy,12643776.0,1996,8,3,16.352675715338325,15.607270193858982
50000000.0,97.0,12.229381,5.6,381.0,Action,42277365.0,1996,8,3,17.55976241806633,17.72753358339242
2962051.0,108.0,4.797674,6.6,97.0,Drama,3011195.0,1996,8,3,14.917847899998245,14.901392829361386
45000000.0,135.0,6.24966,5.9,152.0,Comedy,53854588.0,1996,8,3,17.801798176134508,17.622173069956816
200000.0,109.0,0.124273,6.0,1.0,Drama,300000.0,1991,6,2,12.611541086966115,12.206077645517674
6000000.0,175.0,41.109264,8.5,6024.0,Drama,245066411.0,1972,3,1,19.31703980116409,15.607270193858982
900000.0,95.0,6.751864,6.7,109.0,Action,20483423.0,1992,7,3,16.83512653166131,13.710151153416941
500000.0,88.0,1.143656,6.3,9.0,Drama,431326.0,1996,1,1,12.974621782114061,13.122365377402328
4500000.0,108.0,12.449574,6.9,203.0,Crime,7011317.0,1996,9,3,15.763036258456172,15.319588176962746
60000000.0,110.0,7.699967,5.8,130.0,Horror,33956608.0,1997,1,1,17.34059406165384,17.909855136853043
40000000.0,96.0,12.725343,4.6,148.0,Fantasy,49627779.0,1996,8,3,17.720061315553693,17.50439003707821
25000000.0,84.0,7.859132,5.4,164.0,Action,22611954.0,1996,9,3,16.933989306681582,17.034386422832473
5000000.0,88.0,8.768288,5.0,173.0,Horror,15116634.0,1995,9,3,16.531306351037035,15.424948670398354
2540800.0,103.0,11.064858,7.9,747.0,Comedy,7200000.0,1952,4,2,15.789591722875162,14.747989943611703
2723903.0,113.0,5.565203,6.9,133.0,Drama,4500000.0,1951,8,3,15.319588176962746,14.817576703339768
2500000.0,110.0,10.879289,7.6,1082.0,Comedy,9500000.0,1961,10,4,16.066802461833923,14.731801689838349
2479000.0,128.0,18.20822,8.0,1162.0,Mystery,28000000.0,1958,5,2,17.147715103853763,14.72336621440571
1000000.0,112.0,17.911314,8.2,1531.0,Drama,36764313.0,1954,8,3,17.42003820438765,13.815511557963774
325000.0,105.0,6.465257,7.7,283.0,Comedy,4500000.0,1934,2,1,15.319588176962746,12.691583538230217
4000000.0,136.0,12.410427,7.8,1062.0,Mystery,13275000.0,1959,7,3,16.40139320042184,15.201805169084134
3000000.0,125.0,11.994281,8.1,498.0,Comedy,25000000.0,1960,6,2,17.034386422832473,14.914123179965662
2883848.0,122.0,11.845107,8.0,835.0,Comedy,25000000.0,1959,3,1,17.034386422832473,14.87463641817992
4000000.0,113.0,7.098731,7.7,351.0,Comedy,13474588.0,1963,12,4,16.41631617336653,15.201805169084134
878000.0,102.0,13.916101,7.9,1462.0,Drama,10462500.0,1942,11,4,16.163308089359315,13.68540301156877
375000.0,100.0,5.782544,7.8,435.0,Mystery,1000000.0,1941,11,4,13.815511557963774,12.834683971615659
17000000.0,170.0,12.494394,7.4,361.0,Drama,72070731.0,1964,10,4,18.093158583641053,16.648723960844016
2238813.0,113.0,7.359741,7.4,284.0,Comedy,10000000.0,1954,9,3,16.118095750958314,14.621456819329799
1500000.0,119.0,11.954806,7.8,502.0,Comedy,12000000.0,1953,9,3,16.300417291085605,14.220976332738882
2777000.0,102.0,22.064932,7.4,1689.0,Adventure,33754967.0,1939,8,3,17.334638164449956,14.8368821263897
4000000.0,238.0,14.240357,7.7,995.0,Drama,400176459.0,1939,12,4,19.807416157794204,15.201805169084134
1752000.0,110.0,11.709777,8.2,533.0,Drama,5000000.0,1950,8,3,15.424948670398354,14.376269121254566
839727.0,119.0,15.811921,8.0,1244.0,Mystery,23217674.0,1941,4,2,16.96042440002179,13.640833308858063
10500000.0,149.0,22.494622,7.9,3075.0,Science Fiction,68700000.0,1968,4,2,18.04525977174862,16.166885910365842
1400000.0,138.0,12.06308,8.0,367.0,Drama,63463.0,1950,11,4,11.058228094981839,14.151983508870947
1688000.0,133.0,5.076649,6.4,26.0,Comedy,2270000.0,1939,1,1,14.635290829986122,14.339055546554926
1288000.0,130.0,8.590813,7.7,346.0,Drama,6000000.0,1940,4,2,15.607270193858982,14.06860196204365
2000000.0,102.0,10.135111,7.8,345.0,Thriller,24464742.0,1946,8,3,17.012743577847406,14.508658238524095
1500000.0,111.0,5.47596,7.3,166.0,Drama,7000000.0,1945,12,4,15.76142084987672,14.220976332738882
2500000.0,106.0,5.490505,7.1,299.0,Crime,8750000.0,1955,8,3,15.984564372619506,14.731801689838349
1365000.0,110.0,5.120036,7.3,77.0,Comedy,2279000.0,1939,10,4,14.639247747016668,14.126665719201661
2033000.0,102.0,10.685036,7.6,170.0,Action,3981000.0,1938,5,2,15.19704385317559,14.525023584494278
1020000.0,88.0,9.884516,7.6,173.0,Drama,2000000.0,1944,10,4,14.508658238524095,13.83531416565213
609000.0,101.0,7.122093,7.4,62.0,Comedy,3202000.0,1935,9,3,14.979286484843557,13.31957518872681
5400000.0,201.0,10.864284,7.5,169.0,Action,35000000.0,1956,10,4,17.370858648025116,15.501909696719672
1.0,115.0,6.42883,7.5,163.0,Drama,5.0,1955,3,1,1.791759469228055,0.6931471805599453
226408.0,93.0,10.573867,7.4,97.0,Comedy,1423000.0,1934,5,2,14.168278579812432,12.330098377171225
6000000.0,167.0,6.164226,6.5,85.0,Adventure,42000000.0,1956,10,4,17.553180200057167,15.607270193858982
3180000.0,130.0,15.031588,8.0,1103.0,Drama,9644124.0,1946,12,4,16.081859479625994,14.97239206922172
1500000.0,129.0,8.168694,7.9,245.0,Comedy,9600000.0,1939,10,4,16.077273760604726,14.220976332738882
114000.0,96.0,14.384198,7.5,591.0,Horror,30000000.0,1968,10,4,17.216707972959764,11.643962499267984
1300000.0,105.0,6.636872,7.4,232.0,Adventure,10750000.0,1951,12,4,16.190416405561198,14.077875591662238
3000000.0,108.0,11.794846,7.6,168.0,Drama,17570324.0,1958,2,1,16.68172195743102,14.914123179965662
4.0,89.0,1.914697,6.2,29.0,Drama,25.0,1932,12,4,3.258096538021482,1.6094379124341003
25000000.0,100.0,7.370163,5.3,104.0,Action,51702483.0,1996,9,3,17.761016384746128,17.034386422832473
28000000.0,132.0,6.728199,6.8,98.0,Drama,16900000.0,1996,10,4,16.642824239064897,17.147715103853763
67000000.0,101.0,11.845918,6.2,263.0,Action,47267001.0,1996,9,3,17.67132297786832,18.020203192280615
9000000.0,118.0,6.85606,6.9,66.0,Drama,41590886.0,1996,11,4,17.543391638733798,16.012735246411598
2300000.0,88.0,2.781581,6.2,29.0,Comedy,49620.0,1996,9,3,10.812169410206767,14.648420115681892
38000000.0,118.0,4.990506,5.7,80.0,Drama,17380126.0,1996,9,3,16.670837985024534,17.453096744006448
50000000.0,113.0,3.998494,5.9,62.0,Crime,22540359.0,1996,10,4,16.930818038054394,17.72753358339242
5000000.0,127.0,8.722406,6.9,160.0,Adventure,28200000.0,1954,12,4,17.154832571369333,15.424948670398354
14000000.0,98.0,8.30721,6.8,510.0,Comedy,154864401.0,1993,9,3,18.858060466193653,16.454567959008102
2900000.0,74.0,14.436858,6.8,1760.0,Family,263591415.0,1950,3,1,19.38991079557074,14.88022163978423
3000000.0,79.0,10.636458,6.9,935.0,Animation,22182353.0,1963,12,4,16.914807665905066,14.914123179965662
48000000.0,143.0,10.639244,6.6,937.0,Adventure,390493908.0,1991,6,2,19.782922929171022,17.6867115897055
6000000.0,139.0,15.11549,7.4,1217.0,Comedy,102272727.0,1964,8,3,18.443153606915534,15.607270193858982
812000.0,64.0,14.655879,6.8,1206.0,Animation,1600000.0,1941,10,4,14.285514812209815,13.60725685067015
20000000.0,117.0,10.362012,6.8,260.0,Adventure,17900000.0,1971,10,4,16.700311326676903,16.811242881518265
3000000.0,75.0,16.488937,7.0,1557.0,Animation,572000000.0,1951,7,3,20.164649551092324,14.914123179965662
12000000.0,82.0,10.197106,7.0,884.0,Adventure,29800000.0,1981,7,3,17.21001898503268,16.300417291085605
8200000.0,174.0,9.06773,7.4,966.0,Drama,286214286.0,1965,3,1,19.4722513434773,15.919644834185693
28000000.0,131.0,16.640522,7.5,4005.0,Action,140767956.0,1988,7,3,18.762623397663386,17.147715103853763
10000000.0,108.0,6.685948,5.4,198.0,Horror,32101000.0,1992,3,1,17.284397771414664,16.118095750958314
4500000.0,142.0,11.223572,7.1,127.0,Drama,13417292.0,1996,5,2,16.412054955300924,15.319588176962746
16000000.0,125.0,2.167132,5.3,21.0,Drama,1985001.0,1996,9,3,14.501130479659595,16.588099342704055
65000000.0,120.0,14.482345,6.4,323.0,Crime,89456761.0,1996,10,4,18.30926596036646,17.989897843244528
50000000.0,109.0,10.789928,6.4,238.0,Adventure,75000000.0,1996,10,4,18.132998684833918,17.72753358339242
2400000.0,120.0,5.230661,7.0,11.0,Drama,5731103.0,1996,10,4,15.56141874028948,14.690979711984754
45000000.0,103.0,3.733574,4.0,12.0,Action,2154540.0,1997,1,1,14.583088265794304,17.622173069956816
7000000.0,123.0,3.379677,6.6,38.0,Drama,405000.0,1996,2,1,12.91164481522143,15.76142084987672
14500000.0,120.0,11.774061,6.7,1406.0,Drama,147298761.0,1996,10,4,18.80797347678111,16.489659276356317
200000.0,94.0,6.578025,6.8,255.0,Comedy,4505922.0,1996,10,4,15.320903311501644,12.206077645517674
44000000.0,147.0,9.198283,7.3,729.0,Crime,165615285.0,1996,10,4,18.925178102418712,17.599700214609808
3000000.0,100.0,12.416635,7.4,826.0,Family,4000000.0,1971,6,2,15.201805169084134,14.914123179965662
2000000.0,89.0,6.048904,7.0,206.0,Comedy,18344729.0,1973,12,4,16.724852897756424,14.508658238524095
2000000.0,82.0,4.331819,6.7,167.0,Comedy,11833696.0,1971,4,2,16.28646169769967,14.508658238524095
7500000.0,108.0,11.400353,7.1,576.0,Comedy,62493712.0,1988,7,3,17.950576517646915,15.830413711839864
4000000.0,94.0,10.714173,7.7,1230.0,Comedy,20045115.0,1979,8,3,16.813496091021296,15.201805169084134
12000000.0,160.0,4.473327,7.2,64.0,Adventure,25333333.0,1965,7,3,17.047631635898284,16.300417291085605
2500000.0,111.0,12.109198,7.6,384.0,Crime,50700000.0,1967,7,3,17.741436488285277,14.731801689838349
1400000.0,104.0,7.853231,7.9,539.0,Crime,3000000.0,1954,5,2,14.914123179965662,14.151983508870947
6000000.0,100.0,14.044122,7.1,1371.0,Drama,213954274.0,1987,8,3,19.18127288193152,15.607270193858982
1200000.0,99.0,12.22034,8.1,3821.0,Crime,14661007.0,1992,9,3,16.500702010585623,13.997832948091215
6000000.0,120.0,18.206972,7.5,1236.0,Drama,138530565.0,1986,12,4,18.746601552383314,15.607270193858982
6500000.0,97.0,8.051891,6.4,255.0,Comedy,30218387.0,1989,7,3,17.223961171228613,15.687312888712007
49000000.0,127.0,16.628427,6.5,869.0,Thriller,352927224.0,1992,3,1,19.681772432170284,17.707330876483063
38000000.0,140.0,7.829619,6.7,285.0,Drama,34416893.0,1991,3,1,17.354058106442366,17.453096744006448
3705538.0,112.0,7.404329,6.9,180.0,Romance,62548947.0,1992,9,3,17.9514599761906,15.12533928521359
12500000.0,100.0,6.792215,7.5,330.0,Crime,10725228.0,1992,9,3,16.188109374531756,16.341239282272525
12000000.0,151.0,15.417202,7.4,149.0,Drama,30036000.0,1982,12,4,17.21790725349529,16.300417291085605
10500000.0,115.0,19.358546,7.3,3359.0,Science Fiction,792965326.0,1982,4,2,20.491290054809664,16.166885910365842
60000000.0,107.0,7.046753,5.9,359.0,Adventure,157920733.0,1990,6,2,18.877603781561643,17.909855136853043
15000000.0,110.0,20.301019,6.7,1736.0,Action,356830601.0,1986,5,2,19.69277172292949,16.52356082573315
1800000.0,125.0,7.301719,7.6,291.0,Drama,8000000.0,1951,9,3,15.894952224644102,14.403297778421795
12500000.0,99.0,2.772039,7.3,31.0,Crime,1227324.0,1996,1,1,14.020347562295841,16.341239282272525
36000000.0,129.0,9.178371,6.8,257.0,Drama,20300385.0,1996,10,4,16.82615045860956,17.399029524198163
5000000.0,113.0,6.501177,6.7,138.0,Mystery,41833347.0,1975,5,2,17.54920437846555,15.424948670398354
6788000.0,103.0,7.88101,5.9,107.0,Comedy,13878334.0,1991,4,2,16.44583954907521,15.730667052655042
70000000.0,139.0,9.809585,7.1,822.0,Adventure,90000098.0,1989,8,3,18.315321328293933,18.064005814299346
1000000.0,89.0,9.194572,6.4,318.0,Horror,21378361.0,1980,2,1,16.87788984696857,13.815511557963774
6000000.0,99.0,10.124544,6.9,720.0,Science Fiction,50244700.0,1981,5,2,17.73241564660661,15.607270193858982
1000000.0,91.0,6.715512,6.4,165.0,Drama,17985893.0,1981,4,2,16.70509834196653,13.815511557963774
400000.0,91.0,10.43389,7.8,1742.0,Adventure,5028948.0,1975,3,1,15.43072157392153,12.899222326086994
7000000.0,80.0,2.661026,5.7,33.0,Horror,1100000.0,1996,11,4,13.910821646859095,15.76142084987672
4000000.0,99.0,12.565447,7.4,320.0,Comedy,1794187.0,1991,4,2,14.400063109867364,15.201805169084134
27000000.0,162.0,15.564161,7.0,559.0,Drama,231976425.0,1996,11,4,19.262146312398762,17.11134746100564
645180.0,103.0,5.841931,7.5,208.0,Drama,14743391.0,1989,7,3,16.50630554036812,13.377286176566477
3000000.0,94.0,3.233531,6.2,83.0,Comedy,33946224.0,1992,8,3,17.340288212855807,14.914123179965662
4.0,119.0,1.325299,6.3,32.0,Documentary,29.0,1991,5,2,3.4011973816621555,1.6094379124341003
500000.0,71.0,4.101295,8.2,67.0,Documentary,3779620.0,1990,3,1,15.14513429801868,13.122365377402328
3000000.0,133.0,35.529554,8.3,3001.0,Drama,108981275.0,1975,11,4,18.506686645621063,14.914123179965662
18000000.0,124.0,19.470959,8.2,5998.0,Adventure,538400000.0,1980,5,2,20.10411233815215,16.705882371415992
16000000.0,98.0,15.15267,7.6,1518.0,Adventure,30857814.0,1987,9,3,17.2449005987633,16.588099342704055
18000000.0,115.0,19.901576,7.7,3949.0,Adventure,389925971.0,1981,6,2,19.78146746368613,16.705882371415992
18500000.0,137.0,21.761179,7.7,3282.0,Horror,183316455.0,1986,7,3,19.026724485103248,16.733281344102608
1200000.0,161.0,16.788787,8.1,2371.0,Western,6000000.0,1966,12,4,15.607270193858982,13.997832948091215
350000.0,96.0,16.503959,8.2,2130.0,Drama,1000000.0,1957,3,1,13.815511557963774,12.765691290604371
15000000.0,216.0,10.893332,7.8,870.0,Adventure,69995385.0,1962,12,4,18.063939883555477,16.52356082573315
2200000.0,136.0,17.112594,8.0,3432.0,Science Fiction,26589000.0,1971,12,4,17.09600819199818,14.603968372873895
2000000.0,129.0,14.284787,7.9,676.0,Crime,13129846.0,1962,12,4,16.390398593507353,14.508658238524095
31500000.0,153.0,13.5963,8.0,2112.0,Drama,89460381.0,1979,8,3,18.309306426024694,17.265498135541893
5000000.0,175.0,15.589351,8.1,1160.0,Western,5321508.0,1968,12,4,15.487267467714272,15.424948670398354
32350000.0,135.0,14.586087,7.9,4763.0,Adventure,572700000.0,1983,5,2,20.1658725791102,17.292124609823084
2500000.0,128.0,6.357321,7.5,256.0,Drama,3200000.0,1987,1,1,14.978661680269907,14.731801689838349
25000000.0,145.0,15.424092,8.2,3211.0,Drama,46836394.0,1990,9,3,17.66217112959868,17.034386422832473
11000000.0,117.0,23.37742,7.9,4564.0,Horror,104931801.0,1979,5,2,18.468821192340297,16.213405921671733
11500000.0,162.0,12.250232,7.9,349.0,Action,4069653.0,1985,6,2,15.219068541520016,16.257857680289998
806948.0,109.0,36.826309,8.3,2405.0,Drama,32000000.0,1960,6,2,17.281246492014,13.601015748229047
27000000.0,133.0,10.076901,7.5,1092.0,Music,115229890.0,1980,6,2,18.56243974305553,17.11134746100564
13000000.0,200.0,36.629307,8.3,3418.0,Drama,47542841.0,1974,12,4,17.677141799346348,16.380459992348886
17000000.0,116.0,13.94148,7.9,2595.0,Drama,46357676.0,1987,6,2,17.651897467328787,16.648723960844016
18000000.0,160.0,12.677592,7.8,1107.0,Drama,51973029.0,1984,10,4,17.766235488152116,16.705882371415992
18000000.0,129.0,8.868558,7.7,968.0,Drama,23000000.0,1980,11,4,16.951004817371683,16.705882371415992
4000000.0,93.0,18.146043,7.8,1044.0,Comedy,38251425.0,1977,4,2,17.45969139858765,15.201805169084134
27000000.0,193.0,14.902397,7.4,241.0,Drama,21500000.0,1983,10,4,16.88356353960952,17.11134746100564
14000000.0,149.0,8.80338,7.9,623.0,Action,85000000.0,1981,9,3,18.258161826219297,16.454567959008102
5500000.0,129.0,12.016821,7.9,639.0,Comedy,159616327.0,1973,12,4,18.888283543511516,15.520258832020865
6400000.0,108.0,19.293562,7.4,4208.0,Action,78371200.0,1984,10,4,18.176967083653235,15.671808704579888
3000000.0,104.0,13.645568,7.4,388.0,Horror,242623.0,1992,8,3,12.399268198876007,14.914123179965662
18000000.0,122.0,7.521346,7.4,391.0,War,26828365.0,1989,12,4,17.104970318571805,16.705882371415992
14000000.0,115.0,7.495853,7.5,431.0,Drama,5080409.0,1990,9,3,15.440902524959313,16.454567959008102
16400000.0,129.0,19.905716,8.1,2786.0,Drama,235860116.0,1989,6,2,19.278749462682956,16.612791953770035
3000000.0,106.0,12.057829,7.6,855.0,Drama,104945305.0,1967,12,4,18.468949877170648,14.914123179965662
829000.0,95.0,9.665347,7.6,292.0,Drama,2247465.0,1958,4,2,14.625313917293573,13.627976640389322
3000000.0,161.0,8.851646,7.7,554.0,Drama,27200000.0,1957,10,4,17.11872756803093,14.914123179965662
6000000.0,130.0,12.29227,7.9,939.0,Crime,30000000.0,1974,6,2,17.216707972959764,15.607270193858982
3800000.0,126.0,8.070589,7.9,285.0,Action,4307000.0,1948,1,1,15.275752396216392,15.150511887854474
19000000.0,144.0,19.611589,8.1,3890.0,Horror,44017374.0,1980,5,2,17.60009500029907,16.759949589762293
8000000.0,89.0,15.206957,7.8,1568.0,Crime,52287414.0,1986,8,3,17.772266269103728,15.894952224644102
3600000.0,84.0,13.520764,7.5,760.0,Horror,5923044.0,1987,3,1,15.594361232731508,15.096444681204078
4000000.0,172.0,14.384114,7.8,731.0,Adventure,11744471.0,1963,6,2,16.2788932197645,15.201805169084134
15000000.0,183.0,7.729445,7.8,943.0,Drama,50000000.0,1978,12,4,17.72753358339242,16.52356082573315
14600000.0,101.0,12.989627,7.4,2358.0,Romance,70906973.0,1993,2,1,18.076879350557753,16.496532155171714
14000000.0,131.0,10.942149,7.7,1133.0,Western,159157447.0,1992,8,3,18.88540450921501,16.454567959008102
80000000.0,126.0,7.991677,7.7,188.0,Mystery,96105910.0,1962,10,4,18.380961380893883,18.197537205138154
19000000.0,116.0,25.778509,8.0,6239.0,Adventure,381109762.0,1985,7,3,19.758597983464,16.759949589762293
11000000.0,130.0,6.584254,7.6,298.0,Drama,119418501.0,1991,12,4,18.59814470504196,16.213405921671733
12000000.0,172.0,14.382289,7.3,327.0,Drama,89800000.0,1970,1,1,18.313095544408284,16.300417291085605
8000000.0,124.0,10.888917,7.8,792.0,Science Fiction,553171.0,1988,7,3,13.223424262885848,15.894952224644102
16000000.0,116.0,16.870392,6.8,642.0,Adventure,5900000.0,1986,3,1,15.59046307836746,16.588099342704055
3000000.0,126.0,9.718713,7.7,390.0,Crime,16217773.0,1967,6,2,16.601618359255742,14.914123179965662
2800000.0,106.0,9.339316,7.7,880.0,Comedy,86273333.0,1974,12,4,18.273031116417066,14.845130332288226
3500000.0,129.0,8.291886,7.5,165.0,Comedy,2015810.0,1991,10,4,14.51653215377859,15.068273812173887
2000000.0,125.0,9.241748,8.1,756.0,Comedy,11000000.0,1940,10,4,16.213405921671733,14.508658238524095
2280000.0,124.0,8.03796,7.2,831.0,Animation,83320000.0,1940,11,4,18.238199186358965,14.639686439527019
730000.0,85.0,16.715935,7.6,343.0,Western,8000000.0,1952,3,1,15.894952224644102,13.500801182986649
15000000.0,212.0,14.319743,7.5,660.0,Action,146900000.0,1959,12,4,18.80526264795146,16.52356082573315
2500000.0,82.0,13.981499,7.6,413.0,Comedy,4736202.0,1984,5,2,15.370746317803055,14.731801689838349
48000000.0,127.0,14.788987,7.6,3221.0,Adventure,474171806.0,1989,5,2,19.977080276011176,17.6867115897055
22000000.0,191.0,12.383755,7.4,730.0,Drama,77737889.0,1982,11,4,18.16885334126544,16.906553056777135
17000000.0,171.0,6.815147,7.0,89.0,Comedy,10006806.0,1988,2,1,16.118776119387157,16.648723960844016
3000000.0,117.0,6.175166,6.9,164.0,Drama,20966644.0,1985,12,4,16.858443399615698,14.914123179965662
12000000.0,95.0,6.773407,7.7,363.0,Music,22244207.0,1982,7,3,16.917592218082053,16.300417291085605
14400000.0,141.0,11.460364,7.5,180.0,War,34700291.0,1984,11,4,17.362258659867273,16.48273883399067
1900000.0,98.0,6.379966,7.2,238.0,Adventure,3250000.0,1956,3,1,14.99416586199818,14.45736497045232
6000000.0,110.0,6.714577,7.4,659.0,History,102308889.0,1969,9,3,18.44350712841693,15.607270193858982
1746964.0,147.0,11.635837,7.7,282.0,Drama,2181987.0,1984,5,2,14.595746945818325,14.373390554570912
16000000.0,96.0,8.34322,7.3,974.0,Comedy,92823546.0,1989,7,3,18.346210904794216,16.588099342704055
50000000.0,114.0,17.126768,6.2,1664.0,Science Fiction,159773545.0,1992,5,2,18.88926803316192,17.72753358339242
10000000.0,97.0,13.390802,7.2,571.0,Horror,31973249.0,1981,8,3,17.28041017367341,16.118095750958314
2500000.0,119.0,11.591462,7.3,959.0,Horror,11403529.0,1963,3,1,16.249433514556134,14.731801689838349
40000000.0,128.0,16.777675,7.1,1087.0,Romance,215862692.0,1992,11,4,19.190153082962333,17.50439003707821
6000000.0,99.0,12.721362,6.2,303.0,Drama,25792310.0,1992,10,4,17.065586982218274,15.607270193858982
35000000.0,128.0,10.302735,7.0,692.0,Crime,182300000.0,1991,11,4,19.021164245134354,17.370858648025116
1800000.0,98.0,9.277692,7.0,977.0,Horror,33800000.0,1976,11,4,17.335971390039045,14.403297778421795
1800000.0,91.0,13.694713,7.2,1212.0,Horror,25504513.0,1984,11,4,17.054366014070375,14.403297778421795
2800000.0,111.0,16.641277,7.2,485.0,Horror,60922980.0,1976,6,2,17.925121017820974,14.845130332288226
46000000.0,111.0,8.808497,7.0,671.0,Science Fiction,150000000.0,1996,11,4,18.826145858727198,17.6441519761925
1000000.0,135.0,9.475693,7.4,236.0,Drama,24444121.0,1996,8,3,17.011900335984325,13.815511557963774
60000000.0,89.0,7.898202,5.5,583.0,Family,129832389.0,1996,11,4,18.681754868855283,17.909855136853043
40000000.0,124.0,4.182641,5.4,55.0,Fantasy,48093211.0,1996,12,4,17.688651602456126,17.50439003707821
3000000.0,102.0,10.879283,7.4,30.0,Comedy,2503829.0,1996,5,2,14.7333321175236,14.914123179965662
54000000.0,103.0,11.470748,5.6,722.0,Comedy,320689294.0,1996,11,4,19.585983284000235,17.804494623047066
70000000.0,124.0,18.785984,6.6,1920.0,Action,240031094.0,1990,7,3,19.296279035413768,18.064005814299346
35000000.0,132.0,8.277765,6.2,541.0,Science Fiction,139000000.0,1979,12,4,18.749984498289212,17.370858648025116
27000000.0,113.0,5.90057,6.7,421.0,Science Fiction,96900000.0,1991,12,4,18.38919008718091,17.11134746100564
30000000.0,107.0,12.308007,5.6,384.0,Science Fiction,70200000.0,1989,6,2,18.066858883241053,17.216707972959764
12000000.0,113.0,7.160236,7.3,688.0,Action,96800000.0,1982,6,2,18.388157562577383,16.300417291085605
18000000.0,105.0,6.197298,6.4,443.0,Science Fiction,87000000.0,1984,5,2,18.28141868811311,16.705882371415992
24000000.0,119.0,12.596956,6.9,490.0,Science Fiction,133000000.0,1986,11,4,18.705859693704824,16.993564429978885
80000000.0,126.0,15.001681,6.6,1706.0,Action,280000000.0,1992,6,2,19.450300164704952,18.197537205138154
13000000.0,107.0,9.905174,6.6,262.0,Crime,44726644.0,1988,8,3,17.616079967006883,16.380459992348886
6000000.0,110.0,7.854899,7.2,1633.0,Romance,181813770.0,1978,7,3,19.01849348491372,15.607270193858982
13200000.0,115.0,14.202364,4.9,185.0,Comedy,15171476.0,1982,6,2,16.5349277098021,16.395727463314174
12000000.0,94.0,5.845712,5.6,100.0,Action,46044400.0,1990,10,4,17.645116728040065,16.300417291085605
35000000.0,103.0,9.918269,6.1,405.0,Action,156563139.0,1992,10,4,18.868969937059454,17.370858648025116
7000000.0,124.0,19.726114,7.5,2628.0,Horror,470654000.0,1975,6,2,19.969633776930614,15.76142084987672
20000000.0,116.0,11.21306,5.9,412.0,Horror,187884007.0,1978,6,2,19.051335351661123,16.811242881518265
20500000.0,99.0,16.603041,4.2,266.0,Thriller,87987055.0,1983,3,1,18.292700270714462,16.835935492889124
70000000.0,106.0,15.63424,6.1,1544.0,Comedy,101371017.0,1996,12,4,18.43429778972702,18.064005814299346
3000000.0,104.0,2.225234,6.8,27.0,Drama,153155.0,1996,12,4,11.93921228877069,14.914123179965662
50000000.0,139.0,11.807601,6.7,941.0,Comedy,273552592.0,1996,12,4,19.42700445750065,17.72753358339242
6000000.0,94.0,14.011415,7.2,548.0,Comedy,29180280.0,1987,3,1,17.18900373089603,15.607270193858982
23000000.0,98.0,5.307984,6.6,130.0,Drama,12803305.0,1996,12,4,16.365213976790987,16.951004817371683
14000000.0,111.0,13.326443,7.0,1520.0,Crime,173046663.0,1996,12,4,18.969071850194396,16.454567959008102
40000000.0,112.0,15.228794,7.1,747.0,Action,75505856.0,1992,9,3,18.13972078736932,17.50439003707821
55000000.0,134.0,6.709803,5.9,122.0,History,141047179.0,1996,12,4,18.764605002302105,17.822843761378564
55000000.0,100.0,5.304043,5.2,63.0,Action,11466088.0,1997,1,1,16.25490445449953,17.822843761378564
55000000.0,117.0,10.519481,5.3,136.0,Action,31987563.0,1997,1,1,17.280857760229736,17.822843761378564
116000000.0,108.0,7.240753,5.8,445.0,Action,178127760.0,1997,2,1,18.998011609217937,18.569100757691327
8000000.0,106.0,2.93818,6.7,21.0,Drama,589304.0,1997,1,1,13.286699155432807,15.894952224644102
50000000.0,121.0,7.66124,6.4,226.0,Crime,50068310.0,1997,2,1,17.72889885096305,17.72753358339242
25000000.0,93.0,9.304901,6.0,175.0,Comedy,36400360.0,1997,2,1,17.410089250140206,17.034386422832473
15000000.0,134.0,8.449722,7.5,572.0,Drama,3675201.0,1997,1,1,15.117118655104894,16.52356082573315
30000000.0,140.0,2.899809,6.7,31.0,Drama,13130349.0,1997,2,1,16.390436902435507,17.216707972959764
35000000.0,127.0,12.201954,7.4,1175.0,Crime,41954997.0,1997,2,1,17.552108125616183,17.370858648025116
3000000.0,117.0,7.124652,5.7,36.0,Drama,4109095.0,1996,9,3,15.228713610941375,14.914123179965662
28000000.0,109.0,10.928417,6.7,106.0,Comedy,41230799.0,1997,3,1,17.534696107841917,17.147715103853763
68000000.0,116.0,10.97633,5.9,310.0,Thriller,118063304.0,1997,4,2,18.586731521625204,18.035018277846262
45000000.0,86.0,10.102471,6.4,1456.0,Comedy,302710615.0,1997,3,1,19.528287844404392,17.622173069956816
20000000.0,127.0,7.390306,7.1,115.0,Drama,60000000.0,1997,3,1,17.909855136853043,16.811242881518265
90000000.0,107.0,10.675073,5.9,300.0,Crime,140807547.0,1997,3,1,18.762904608205908,18.31532023940565
32000000.0,75.0,3.406836,7.1,25.0,Animation,3566637.0,1997,3,1,15.087133973348548,17.281246492014
10000000.0,99.0,5.436745,4.6,60.0,Action,17979739.0,1997,3,1,16.704756126391516,16.118095750958314
35000000.0,108.0,5.660835,6.4,26.0,Drama,791830.0,1997,4,2,13.582103264188609,17.370858648025116
45000000.0,89.0,14.386089,4.8,624.0,Adventure,136885767.0,1997,4,2,18.734657325760327,17.622173069956816
16500000.0,94.0,11.749159,6.5,1033.0,Science Fiction,67683989.0,1997,5,2,18.030360225425238,16.61887099947687
36000000.0,95.0,7.926621,6.6,202.0,Drama,50159144.0,1997,5,2,17.730711408689118,17.399029524198163
90000000.0,126.0,24.30526,7.3,3962.0,Adventure,263920180.0,1997,5,2,19.391157270698248,18.31532023940565
2000000.0,108.0,1.7442,5.7,10.0,Drama,2900000.0,1997,5,2,14.88022163978423,14.508658238524095
73000000.0,129.0,0.788123,6.2,2528.0,Adventure,229074524.0,1997,5,2,19.249557945256704,18.105970012811294
75000000.0,115.0,11.545982,6.5,1289.0,Action,224012234.0,1997,6,2,19.227211228863382,18.132998684833918
160000000.0,121.0,11.268531,4.1,439.0,Action,164508066.0,1997,6,2,18.91847016648098,18.8906843794481
500000.0,95.0,0.321515,6.0,1.0,Crime,10300.0,1997,6,2,9.239996256883693,13.122365377402328
125000000.0,125.0,17.038824,4.2,1447.0,Action,238207122.0,1997,6,2,19.28865111788086,18.643824303266577
85000000.0,93.0,14.048694,7.3,1741.0,Animation,252712101.0,1997,6,2,19.347761461991276,18.258161826219297
38000000.0,105.0,4.678572,6.4,606.0,Comedy,299288605.0,1997,6,2,19.516918903271026,17.453096744006448
900000.0,103.0,7.543337,7.5,138.0,Drama,528428.0,1963,10,4,13.177663732788957,13.710151153416941
80000000.0,138.0,11.467391,6.8,1612.0,Action,245676146.0,1997,6,2,19.31952475097158,18.197537205138154
90000000.0,98.0,15.781024,6.9,4521.0,Action,589390539.0,1997,7,3,20.1945995779185,18.31532023940565
28000000.0,86.0,3.354869,5.5,46.0,Adventure,8345056.0,1997,7,3,15.937179945492133,17.147715103853763
90000000.0,150.0,14.374866,7.2,1338.0,Drama,171120329.0,1997,7,3,18.95787755120781,18.31532023940565
50000000.0,125.0,9.37934,6.0,404.0,Action,48169156.0,1997,8,3,17.690229477934274,17.72753358339242
20000000.0,129.0,10.52008,6.6,663.0,Adventure,79114085.0,1982,4,2,18.186401495265606,16.811242881518265
15000000.0,104.0,9.15931,6.6,384.0,Action,44862187.0,1997,8,3,17.619105859830366,16.52356082573315
60000000.0,96.0,11.335072,6.4,752.0,Horror,26673242.0,1997,8,3,17.099171486066183,17.909855136853043
40000000.0,96.0,11.366417,5.0,344.0,Action,87840042.0,1997,7,3,18.291028025251787,17.50439003707821
3000000.0,98.0,9.407128,5.3,108.0,Comedy,23144499.0,1997,8,3,16.95726772927616,14.914123179965662
19000000.0,105.0,4.347079,5.1,114.0,Comedy,44332015.0,1997,8,3,17.607217682790726,16.759949589762293
75000000.0,135.0,14.261798,6.5,440.0,Action,136982834.0,1997,8,3,18.7353661839719,18.132998684833918
16000000.0,97.0,2.890462,4.2,49.0,Science Fiction,1686429.0,1997,8,3,14.338124426544764,16.588099342704055
30000000.0,105.0,9.128905,5.7,255.0,Fantasy,25480490.0,1997,8,3,17.05342365849827,17.216707972959764
85000000.0,124.0,12.173291,6.2,859.0,Action,315156409.0,1997,7,3,19.56857961323741,18.258161826219297
20000000.0,119.0,6.476493,6.5,141.0,Drama,5716080.0,1997,7,3,15.558793988680266,16.811242881518265
30000000.0,134.0,15.91126,7.2,971.0,Action,199200000.0,1990,3,1,19.109819908134853,17.216707972959764
35000000.0,138.0,10.989442,7.7,1340.0,Crime,126216940.0,1997,9,3,18.653512738364793,17.370858648025116
70000000.0,136.0,11.483493,7.0,644.0,Adventure,131457682.0,1997,9,3,18.69419555551126,18.064005814299346
27000000.0,115.0,12.235391,6.2,353.0,Drama,60527873.0,1997,10,4,17.918614544171575,17.11134746100564
5000000.0,90.0,5.215107,5.6,114.0,Horror,15719109.0,1997,9,3,16.57038772758652,15.424948670398354
50000000.0,129.0,14.825587,7.5,1556.0,Drama,109423648.0,1997,9,3,18.510737594609065,17.72753358339242
60000000.0,105.0,7.83099,5.0,91.0,Action,16000000.0,1997,9,3,16.588099342704055,17.909855136853043
19000000.0,125.0,7.923639,6.5,185.0,Thriller,6682098.0,1997,10,4,15.71494271771246,16.759949589762293
18000000.0,112.0,7.146352,6.9,181.0,Drama,8038061.0,1997,9,3,15.899698567323068,16.705882371415992
250000.0,113.0,12.311564,6.7,441.0,Comedy,12021272.0,1997,4,2,16.30218838828557,12.429220196836383
3500000.0,91.0,8.333322,6.9,372.0,Comedy,257850122.0,1997,8,3,19.367889055482653,15.068273812173887
17000000.0,100.0,7.417157,5.6,698.0,Horror,125586134.0,1997,10,4,18.648502415777546,16.648723960844016
57000000.0,144.0,10.920124,7.2,1414.0,Drama,152944660.0,1997,10,4,18.84558672111963,17.858561843342684
12000000.0,94.0,9.657642,5.6,26.0,Drama,4000000.0,1997,10,4,15.201805169084134,16.300417291085605
1500000.0,85.0,3.974374,6.3,30.0,Comedy,626057.0,1997,10,4,13.347198297547514,14.220976332738882
36000000.0,106.0,12.89312,7.5,1846.0,Thriller,12532777.0,1997,9,3,16.343858010199725,17.399029524198163
37000000.0,118.0,3.742824,5.8,52.0,Action,6482195.0,1997,10,4,15.684569899807476,17.426428497635523
10000000.0,106.0,11.341505,6.5,253.0,Action,85300000.0,1981,6,2,18.261685024185237,16.118095750958314
18000000.0,85.0,12.799853,6.3,602.0,Comedy,251212670.0,1997,7,3,19.34181043316515,16.705882371415992
50000000.0,114.0,4.909738,5.9,81.0,Action,10541523.0,1997,11,4,16.17083268265543,17.72753358339242
24000000.0,102.0,2.818802,5.7,24.0,Drama,2642983.0,1997,11,4,14.787419139841276,16.993564429978885
40000000.0,135.0,6.683398,6.7,239.0,Drama,45916769.0,1997,11,4,17.642340967780378,17.50439003707821
15000000.0,155.0,7.595679,7.5,812.0,Drama,43101594.0,1997,9,3,17.57907056134979,16.52356082573315
12000000.0,113.0,10.312017,7.0,390.0,Crime,68706993.0,1985,2,1,18.04536155695986,16.300417291085605
105000000.0,129.0,14.412644,6.7,1584.0,Adventure,121214377.0,1997,11,4,18.6130712549265,18.46947091764561
11000000.0,139.0,3.01386,7.1,34.0,Drama,32861136.0,1993,9,3,17.307801271313796,16.213405921671733
6000000.0,99.0,9.7866,6.6,363.0,Comedy,58000000.0,1998,4,2,17.87595358575207,15.607270193858982
30000000.0,95.0,6.532498,3.8,225.0,Action,51376861.0,1997,11,4,17.754698473432903,17.216707972959764
60000000.0,103.0,13.155901,7.8,4702.0,Comedy,264118201.0,1998,6,2,19.391907295755736,17.909855136853043
60000000.0,124.0,11.131917,6.1,536.0,Action,159330280.0,1997,11,4,18.88648984470036,17.909855136853043
53000000.0,94.0,11.911173,7.4,1481.0,Animation,139804348.0,1997,11,4,18.75575449600687,17.78580249038432
20000000.0,97.0,4.827771,6.5,126.0,Comedy,13801755.0,1997,11,4,16.440306388409113,16.811242881518265
70000000.0,109.0,15.57784,5.9,1388.0,Science Fiction,162000000.0,1997,11,4,18.903106899369497,18.064005814299346
36000000.0,155.0,2.263584,6.8,324.0,Drama,74000000.0,1997,12,4,18.119575664681957,17.399029524198163
20000000.0,96.0,6.280515,7.3,188.0,Comedy,10686841.0,1997,8,3,16.18452382308035,16.811242881518265
80000000.0,93.0,7.016942,5.3,707.0,Comedy,177977226.0,1997,11,4,18.997166161869323,18.197537205138154
35000000.0,115.0,8.412203,5.6,43.0,Comedy,31611225.0,1997,12,4,17.269022868634234,17.370858648025116
10000000.0,126.0,15.064833,7.9,2880.0,Drama,225933435.0,1997,12,4,19.235750982880344,16.118095750958314
32000000.0,102.0,8.04209,5.1,632.0,Comedy,79082515.0,1997,12,4,18.186002371643227,17.281246492014
35000000.0,155.0,5.145907,6.3,161.0,Crime,25105255.0,1997,11,4,17.03858778457083,17.370858648025116
38000000.0,98.0,6.456233,6.2,297.0,Comedy,122417389.0,1997,12,4,18.62294699311418,17.453096744006448
24000000.0,120.0,11.264845,6.1,856.0,Horror,172363301.0,1997,12,4,18.965115028105572,16.993564429978885
5000000.0,112.0,6.002992,6.8,108.0,Drama,3263585.0,1997,5,2,14.998337148786192,15.424948670398354
200000000.0,194.0,26.88907,7.5,7770.0,Drama,1845034188.0,1997,11,4,21.33576364489052,19.11382792951231
110000000.0,119.0,17.159576,6.0,941.0,Adventure,333011068.0,1997,12,4,19.623686287632513,18.5159909328476
80000000.0,177.0,6.537407,6.1,306.0,Drama,17626234.0,1997,12,4,16.68489897512974,18.197537205138154
60000000.0,170.0,7.685548,6.7,296.0,Drama,186883563.0,1998,5,2,19.04599632848393,17.909855136853043
12000000.0,154.0,16.415498,7.3,1580.0,Comedy,39673162.0,1997,12,4,17.496185522107584,16.300417291085605
28000000.0,134.0,5.01752,6.8,92.0,Drama,5684789.0,1997,12,4,15.553304745170516,17.147715103853763
15000000.0,117.0,15.952524,7.8,3001.0,Comedy,46189568.0,1998,3,1,17.648264551339224,16.52356082573315
25000000.0,111.0,9.941228,6.4,131.0,Comedy,55494066.0,1998,1,1,17.831786672101455,17.034386422832473
15000000.0,97.0,7.603652,6.7,273.0,Comedy,64256513.0,1997,12,4,17.97839366181448,16.52356082573315
27000000.0,100.0,12.851984,7.2,838.0,Mystery,27200316.0,1998,2,1,17.118739185610078,17.11134746100564
70000000.0,97.0,6.363405,5.5,181.0,Thriller,19870567.0,1998,1,1,16.804750199927184,18.064005814299346
8000000.0,82.0,7.022548,6.4,179.0,Comedy,17460020.0,1998,1,1,16.675424311124146,15.894952224644102
3000000.0,109.0,1.631288,7.0,23.0,Crime,302204.0,1997,8,3,12.61886087401812,14.914123179965662
25000000.0,93.0,4.257516,4.7,124.0,Adventure,100000000.0,1997,12,4,18.420680753952364,17.034386422832473
45000000.0,106.0,6.922458,6.0,155.0,Adventure,11203026.0,1998,1,1,16.231694567606688,17.622173069956816
30000000.0,87.0,9.384887,6.0,128.0,Action,19204929.0,1998,2,1,16.770677574871353,17.216707972959764
1000000.0,93.0,7.146514,5.7,60.0,Mystery,91549.0,1997,4,2,11.424640550102657,13.815511557963774
28000000.0,123.0,13.162168,5.2,166.0,Music,14051384.0,1998,2,1,16.45823152539814,17.147715103853763
18000000.0,95.0,8.884035,6.5,603.0,Romance,123306987.0,1998,2,1,18.630187641305586,16.705882371415992
75000000.0,134.0,7.124735,5.8,483.0,Science Fiction,13100000.0,1998,2,1,16.388122864507256,18.132998684833918
50000000.0,139.0,9.374049,7.2,946.0,Comedy,314178011.0,1997,12,4,19.565470300433134,17.72753358339242
1000000.0,103.0,11.230031,6.5,130.0,Thriller,2554476.0,1990,7,3,14.75335806399353,13.815511557963774
60000000.0,131.0,8.462364,6.2,383.0,Thriller,102367405.0,1998,3,1,18.444078919119985,17.909855136853043
27000000.0,113.0,2.917013,5.9,44.0,Crime,76000000.0,1998,3,1,18.1462439114085,17.11134746100564
20000000.0,108.0,13.924623,6.3,454.0,Thriller,67200000.0,1998,3,1,18.02318382037433,16.811242881518265
1000000.0,84.0,4.967667,5.4,25.0,Drama,2057193.0,1997,9,3,14.536853476292995,13.815511557963774
15000000.0,111.0,6.715856,5.6,75.0,Comedy,46905889.0,1998,4,2,17.663653811885148,16.52356082573315
24000000.0,93.0,7.336354,4.1,19.0,Animation,4562146.0,1998,3,1,15.333303904016669,16.993564429978885
80000000.0,130.0,12.000579,5.0,395.0,Adventure,136159423.0,1998,4,2,18.729336992463118,18.197537205138154
10000000.0,110.0,4.305735,7.1,74.0,Crime,13835130.0,1997,9,3,16.44272163989704,16.118095750958314
55000000.0,114.0,8.228219,6.5,537.0,Drama,198685114.0,1998,4,2,19.10723179278848,17.822843761378564
25000000.0,136.0,13.06943,6.7,140.0,Drama,21567853.0,1998,5,2,16.886714523383425,17.034386422832473
5000000.0,116.0,3.621052,6.0,56.0,Comedy,1980338.0,1998,1,1,14.498778600136808,15.424948670398354
10000000.0,86.0,1.453096,3.0,9.0,Comedy,45779.0,1998,2,1,10.731602593506558,16.118095750958314
12716953.0,113.0,6.183021,6.2,129.0,Crime,18814720.0,1997,1,1,16.750150153305523,16.358446621791025
35000000.0,93.0,13.495247,4.5,161.0,Science Fiction,19165560.0,1998,4,2,16.768625528478992,17.370858648025116
13000000.0,91.0,5.975082,6.1,112.0,Action,27007143.0,1998,4,2,17.11161198156275,16.380459992348886
75000000.0,120.0,11.644633,5.9,870.0,Action,140464664.0,1998,5,2,18.760466520446066,18.132998684833918
13000000.0,84.0,2.326115,5.5,10.0,Comedy,8026971.0,1998,5,2,15.898317928880397,16.380459992348886
40000000.0,86.0,13.02535,6.9,193.0,Fantasy,38172500.0,1998,5,2,17.45762594523667,17.50439003707821
130000000.0,139.0,11.295121,5.3,1075.0,Science Fiction,379014294.0,1998,5,2,19.753084480013506,18.683045016112164
30000000.0,108.0,3.385342,6.3,66.0,Comedy,29202884.0,1998,5,2,17.18977806372784,17.216707972959764
18500000.0,118.0,9.220346,7.2,1321.0,Adventure,10680275.0,1998,5,2,16.183909233859037,16.733281344102608
5000000.0,105.0,14.734622,5.9,56.0,Comedy,5879254.0,1998,5,2,15.586940611167329,15.424948670398354
60000000.0,107.0,9.430812,6.3,320.0,Crime,128038368.0,1998,6,2,18.667840534777994,17.909855136853043
70000000.0,98.0,18.324219,5.6,343.0,Action,164000000.0,1998,6,2,18.915376991886035,18.064005814299346
10000000.0,100.0,6.426937,6.1,122.0,Comedy,25605015.0,1998,6,2,17.058298827756545,16.118095750958314
180000.0,89.0,7.523517,7.8,113.0,Drama,900000.0,1997,8,3,13.710151153416941,12.100717685412471
90000000.0,88.0,21.180857,7.6,2089.0,Animation,304320254.0,1998,6,2,19.533591175254703,18.31532023940565
66000000.0,121.0,12.311615,6.6,494.0,Mystery,189198313.0,1998,6,2,19.05830630333727,18.005165315142214
71000000.0,85.0,9.439079,5.4,705.0,Comedy,294456605.0,1998,6,2,19.50064220215159,18.078190449090098
48000000.0,123.0,7.349812,6.5,338.0,Romance,77745568.0,1998,6,2,18.168952117045908,17.6867115897055
1500000.0,110.0,9.167761,7.2,172.0,Romance,2375097.0,1998,1,1,14.680549257757473,14.220976332738882
140000000.0,151.0,13.235112,6.5,2540.0,Action,553799566.0,1998,7,3,20.13231338683012,18.757152987716434
140000000.0,127.0,14.470551,6.3,782.0,Action,285444603.0,1998,7,3,19.469558536710146,18.757152987716434
40000000.0,110.0,10.03936,6.2,522.0,Comedy,54682547.0,1998,7,3,17.817055167124987,17.50439003707821
60000.0,84.0,10.621362,7.1,600.0,Mystery,3221152.0,1998,7,3,14.985249927961366,11.002116507732017
23000000.0,119.0,11.688958,6.5,1616.0,Romance,369884651.0,1998,7,3,19.728701763646637,16.951004817371683
379000.0,100.0,0.758012,5.0,20.0,Drama,4358000.0,1929,2,1,15.287524023949732,12.84529412258351
700000.0,112.0,11.118844,6.5,67.0,Drama,2594000.0,1932,5,2,14.768712029363464,13.45883704259595
1180280.0,110.0,1.196324,4.6,17.0,Drama,7630000.0,1933,2,1,15.84759853432223,13.981263103685288
1950000.0,132.0,7.135215,7.1,72.0,Adventure,4460000.0,1935,11,4,15.310659548211468,14.48334044336031
1644736.0,126.0,4.370592,7.2,79.0,Comedy,7433101.0,1938,8,3,15.821453826201733,14.313091050980239
1250000.0,118.0,9.058578,6.9,76.0,Drama,6000000.0,1941,10,4,15.607270193858982,14.038654909278163
1344000.0,134.0,3.306745,6.7,47.0,Drama,13500000.0,1942,6,2,16.41820031748273,14.111161544112575
1250000.0,101.0,8.731331,7.4,115.0,Drama,11000000.0,1945,11,4,16.213405921671733,14.038654909278163
2100000.0,172.0,6.069343,7.6,148.0,Drama,23650000.0,1946,12,4,16.978873715185514,14.557448378884015
2000000.0,118.0,6.857318,6.8,48.0,Drama,7800000.0,1947,11,4,15.86963441986494,14.508658238524095
4000000.0,152.0,4.011363,6.6,51.0,Action,36000000.0,1952,1,1,17.399029524198163,15.201805169084134
1650000.0,118.0,5.358582,7.2,137.0,War,30500000.0,1953,8,3,17.233237274364523,14.316286451937186
910000.0,108.0,18.211093,8.0,368.0,Crime,9600000.0,1954,6,2,16.077273760604726,13.721200977393528
343000.0,90.0,11.589081,7.2,75.0,Drama,3000000.0,1955,4,2,14.914123179965662,12.745488641595722
6000000.0,152.0,8.389903,7.0,399.0,Crime,43656822.0,1961,10,4,17.591870139603806,15.607270193858982
1000000.0,128.0,3.315827,6.1,40.0,Adventure,37600000.0,1963,10,4,17.442514634955867,13.815511557963774
3900000.0,120.0,6.997888,7.5,90.0,Drama,28350000.0,1966,12,4,17.160137623411405,15.176487367510099
2000000.0,109.0,9.059617,7.5,207.0,Crime,27379978.0,1967,8,3,17.125322610841085,14.508658238524095
10000000.0,153.0,8.630078,7.0,106.0,Drama,37402877.0,1968,9,3,17.437258211295774,16.118095750958314
3600000.0,113.0,10.579988,7.4,307.0,Drama,44785053.0,1969,5,2,17.617385025651565,15.096444681204078
1800000.0,104.0,6.694959,7.4,435.0,Action,41158757.0,1971,10,4,17.532947293547736,14.403297778421795
1000000.0,119.0,14.774066,7.5,1843.0,Drama,117235147.0,1976,11,4,18.57969228775781,13.815511557963774
8000000.0,105.0,9.741644,7.4,483.0,Drama,106260000.0,1979,12,4,18.48139948839795,15.894952224644102
5500000.0,123.0,6.877698,6.9,213.0,Drama,58972904.0,1981,5,2,17.89258865910012,15.520258832020865
31000000.0,161.0,14.004074,7.0,290.0,Drama,128499205.0,1985,12,4,18.67143328329213,17.249497794707484
23000000.0,163.0,11.076971,7.4,362.0,Drama,43984230.0,1987,10,4,17.59934174128316,16.951004817371683
25000000.0,133.0,11.267467,7.6,1762.0,Drama,412800000.0,1988,12,4,19.838473774554107,17.034386422832473
7500000.0,99.0,10.703677,7.0,358.0,Comedy,145793296.0,1989,12,4,18.797700402545097,15.830413711839864
1500000.0,92.0,6.357559,6.7,146.0,Comedy,2300000.0,1984,2,1,14.648420115681892,14.220976332738882
25000000.0,101.0,13.009688,7.1,618.0,Adventure,12729917.0,1986,6,2,16.359465529036015,17.034386422832473
1000000.0,97.0,12.627678,7.8,2189.0,Comedy,51525171.0,1985,2,1,17.757581022920572,13.815511557963774
3000000.0,87.0,8.668146,5.7,367.0,Horror,29999213.0,1985,10,4,17.216681739283203,14.914123179965662
5000000.0,96.0,10.035081,6.5,363.0,Horror,44793222.0,1987,2,1,17.617567413620975,15.424948670398354
7000000.0,99.0,8.120317,5.8,287.0,Horror,72500000.0,1988,8,3,18.099097133618006,15.76142084987672
8000000.0,89.0,7.534739,5.5,251.0,Horror,22168359.0,1989,8,3,16.914176605017776,15.894952224644102
11000000.0,89.0,11.560358,5.1,280.0,Horror,34872033.0,1991,9,3,17.367195747894154,16.213405921671733
550000.0,95.0,12.146747,6.4,622.0,Horror,59754601.0,1980,5,2,17.905756766730438,13.217675375388819
1250000.0,87.0,8.710824,6.0,321.0,Horror,21722776.0,1981,5,2,16.893871899369287,14.038654909278163
4000000.0,95.0,7.99229,5.7,257.0,Horror,36690067.0,1982,8,3,17.418016649695787,15.201805169084134
2600000.0,91.0,10.175913,5.9,241.0,Horror,32980880.0,1984,4,2,17.311438587898426,14.77102238760702
2200000.0,92.0,9.094477,5.1,200.0,Horror,21930418.0,1985,3,1,16.9033852264587,14.603968372873895
3000000.0,86.0,8.122042,5.7,219.0,Horror,19472057.0,1986,8,3,16.784491072841,14.914123179965662
2800000.0,88.0,7.909022,5.3,196.0,Horror,19170001.0,1988,5,2,16.768857219351503,14.845130332288226
5000000.0,100.0,7.743144,4.8,194.0,Horror,14000000.0,1989,7,3,16.454567959008102,15.424948670398354
300000.0,91.0,13.672759,7.4,1066.0,Horror,70000000.0,1978,10,4,18.064005814299346,12.611541086966115
2500000.0,92.0,13.501144,6.4,370.0,Horror,25533818.0,1981,10,4,17.055514366749545,14.731801689838349
2500000.0,98.0,6.066618,5.0,232.0,Horror,14400000.0,1982,10,4,16.48273883399067,14.731801689838349
5000000.0,88.0,6.199806,5.9,212.0,Horror,17768757.0,1988,10,4,16.692952304609978,15.424948670398354
5000000.0,96.0,6.585405,5.3,187.0,Horror,11642254.0,1989,10,4,16.270151710026955,15.424948670398354
1000000.0,92.0,3.65867,6.0,85.0,Horror,14796236.0,1980,7,3,16.509883449648857,13.815511557963774
9000000.0,87.0,19.827546,6.3,605.0,Horror,44196684.0,1988,11,4,17.604160344235286,16.012735246411598
13000000.0,84.0,14.310479,5.8,323.0,Drama,35763605.0,1990,11,4,17.39244134211186,16.380459992348886
13000000.0,90.0,24.515462,5.5,274.0,Thriller,20560255.0,1991,8,3,16.83887044983559,16.380459992348886
10700000.0,114.0,11.776326,7.1,811.0,Horror,122200000.0,1982,6,2,18.621169612885076,16.185754392890075
19000000.0,91.0,6.701138,5.8,172.0,Horror,40996665.0,1986,5,2,17.529001304289,16.759949589762293
10500000.0,98.0,7.977693,4.6,127.0,Horror,14144000.0,1988,6,2,16.46480113456092,16.166885910365842
8000000.0,122.0,12.137595,7.5,2046.0,Drama,441306145.0,1973,12,4,19.905249401176558,15.894952224644102
14000000.0,118.0,8.266984,4.5,137.0,Horror,30749142.0,1977,6,2,17.241372681909727,16.454567959008102
15000000.0,110.0,13.183804,7.0,1367.0,Adventure,120207127.0,1987,3,1,18.604726879471862,16.52356082573315
25000000.0,114.0,12.834276,6.7,1066.0,Action,227853986.0,1989,7,3,19.244215573875252,17.034386422832473
35000000.0,118.0,10.786007,6.4,824.0,Adventure,321731527.0,1992,5,2,19.589227991759024,17.370858648025116
11000000.0,106.0,11.333125,6.9,1629.0,Fantasy,153083102.0,1984,6,2,18.846491488763156,16.213405921671733
50000000.0,106.0,14.383185,6.3,664.0,Comedy,41482207.0,1990,6,2,17.540775170381426,17.72753358339242
19000000.0,114.0,14.280703,7.4,1563.0,Adventure,61503218.0,1985,6,2,17.934600072870396,16.759949589762293
95000000.0,136.0,11.348096,6.3,1211.0,Action,250288523.0,1998,7,3,19.338124906369682,18.36938746009113
92620000.0,153.0,14.487867,8.0,666.0,Drama,650422.0,1927,1,1,13.385378199444116,18.344015669813682
40000000.0,108.0,13.689855,7.4,3926.0,Adventure,332000000.0,1989,11,4,19.620645529892812,17.50439003707821
40000000.0,118.0,13.043999,7.1,2978.0,Adventure,244527583.0,1990,5,2,19.314838678511638,17.50439003707821
5000000.0,117.0,10.341849,7.3,274.0,Action,84563118.0,1972,12,4,18.253008783898053,15.424948670398354
858000.0,70.0,13.698132,6.8,1450.0,Animation,267447150.0,1942,8,3,19.40443253842639,13.662360543970586
2000000.0,207.0,15.01777,8.2,892.0,Action,271841.0,1954,4,2,12.512976294147677,14.508658238524095
14000000.0,119.0,11.46781,7.1,267.0,Drama,34670720.0,1988,12,4,17.36140611352227,16.454567959008102
40000000.0,137.0,9.261189,6.5,576.0,Action,30925690.0,1984,12,4,17.247097820374762,17.50439003707821
7000000.0,164.0,11.370288,7.0,206.0,Drama,8373585.0,1988,8,3,15.940592785600137,15.76142084987672
54000000.0,162.0,17.185349,7.1,1589.0,Crime,136766062.0,1990,12,4,18.733782454891035,17.804494623047066
1227401.0,100.0,8.319631,6.4,15.0,Mystery,1277401.0,1991,10,4,14.060338885788688,14.020410298396454
62000000.0,137.0,10.618141,7.0,288.0,Drama,1060056.0,1997,9,3,13.873833238227409,17.9426449591384
15000000.0,84.0,11.054751,5.5,104.0,Mystery,17507368.0,1998,7,3,16.67813243597632,16.52356082573315
10000000.0,84.0,6.046893,5.4,52.0,Comedy,19000000.0,1998,7,3,16.759949589762293,16.118095750958314
70000000.0,169.0,21.758054,7.9,5148.0,Drama,481840909.0,1998,7,3,19.99312455529168,18.064005814299346
25000000.0,80.0,9.806685,6.5,228.0,Animation,21288692.0,1985,7,3,16.873686644661102,17.034386422832473
20000000.0,98.0,7.499388,6.1,132.0,Adventure,35841901.0,1979,12,4,17.394628213859313,16.811242881518265
5000000.0,83.0,0.011574,5.9,10.0,Drama,8153677.0,1989,8,3,15.913979671760645,15.424948670398354
14000000.0,74.0,11.183924,6.9,334.0,Comedy,38625550.0,1986,7,3,17.4694245584526,16.454567959008102
28000000.0,96.0,10.390708,6.5,491.0,Comedy,39514713.0,1993,7,3,17.492183666837207,17.147715103853763
40000000.0,89.0,12.337898,4.8,272.0,Adventure,58662452.0,1992,7,3,17.887310437891223,17.50439003707821
32000000.0,93.0,12.358786,6.1,756.0,Adventure,222724172.0,1989,6,2,19.221444671464976,17.281246492014
50000000.0,140.0,7.65502,6.8,593.0,Action,44547681.0,1998,7,3,17.612070679102047,17.72753358339242
160000.0,91.0,4.877009,7.4,92.0,Documentary,6706368.0,1989,9,3,15.718568229844903,11.982935344196433
15000000.0,82.0,6.133697,7.3,206.0,Fantasy,10631333.0,1985,3,1,16.17931623632966,16.52356082573315
11000000.0,197.0,8.489499,7.4,252.0,Drama,111858363.0,1965,12,4,18.532744021826126,16.213405921671733
18000000.0,101.0,7.889227,6.6,312.0,Comedy,36602000.0,1989,2,1,17.415613469008274,16.705882371415992
6000000.0,120.0,7.882247,7.7,758.0,Crime,8551228.0,1986,8,3,15.96158557327301,15.607270193858982
4000000.0,78.0,22.845448,7.1,1791.0,Family,205843612.0,1967,10,4,19.142627278251656,15.201805169084134
40000000.0,83.0,17.496832,7.2,1921.0,Animation,222300000.0,1989,11,4,19.21953838343285,17.50439003707821
10000000.0,101.0,6.113646,6.4,203.0,Comedy,50752337.0,1992,10,4,17.742468243790547,16.118095750958314
4000000.0,79.0,15.727519,6.8,1643.0,Adventure,215880014.0,1961,1,1,19.19023332519776,15.201805169084134
4000000.0,77.0,16.861533,7.0,1380.0,Animation,87404651.0,1953,2,1,18.286059065753903,15.201805169084134
37931000.0,77.0,1.562471,6.6,303.0,Adventure,47431461.0,1990,11,4,17.67479632175146,17.4512793040366
1200000.0,78.0,11.32442,6.7,609.0,Fantasy,71215869.0,1977,6,2,18.08122624480362,13.997832948091215
25000000.0,109.0,6.523262,6.6,122.0,Adventure,11137801.0,1985,6,2,16.22585546599403,17.034386422832473
42000000.0,108.0,10.536644,6.3,265.0,Action,62000000.0,1991,6,2,17.9426449591384,17.553180200057167
6000000.0,75.0,14.276169,6.8,1332.0,Fantasy,51000000.0,1959,1,1,17.747336210296442,15.607270193858982
19000000.0,95.0,3.985819,6.6,38.0,Fantasy,5656087.0,1983,4,2,15.548243045136237,16.759949589762293
8000000.0,111.0,8.441602,6.1,328.0,Comedy,69821334.0,1984,3,1,18.061450180054187,15.894952224644102
17000000.0,96.0,16.574021,6.6,717.0,Science Fiction,33000000.0,1982,7,3,17.312018149733785,16.648723960844016
17000000.0,86.0,8.619068,5.7,306.0,Horror,55041738.0,1998,8,3,17.823602346293733,16.648723960844016
10500000.0,89.0,4.668541,4.5,52.0,Drama,11582891.0,1990,10,4,16.26503973986169,16.166885910365842
10000000.0,91.0,6.435926,6.9,293.0,Crime,33697647.0,1983,3,1,17.33293860060213,16.118095750958314
28000000.0,118.0,15.802306,7.1,2841.0,Adventure,333000000.0,1984,5,2,19.62365305094772,17.147715103853763
4000000.0,132.0,7.914795,6.1,187.0,Fantasy,30471420.0,1978,11,4,17.23229978590991,15.201805169084134
10000000.0,103.0,11.194448,6.9,320.0,Horror,20766616.0,1983,10,4,16.848857303433423,16.118095750958314
10000000.0,97.0,6.614078,5.5,170.0,Action,7433663.0,1986,7,3,15.821529431077773,16.118095750958314
5000000.0,91.0,7.065626,5.7,194.0,Horror,21200000.0,1983,8,3,16.86951178681205,15.424948670398354
800000.0,93.0,11.84696,5.6,243.0,Drama,14000000.0,1984,3,1,16.454567959008102,13.592368256649284
13800000.0,89.0,7.068389,6.3,244.0,Drama,27100027.0,1989,11,4,17.11504531905973,16.440179222591198
30000000.0,99.0,12.962525,6.7,871.0,Horror,191502426.0,1991,11,4,19.07041104013391,17.216707972959764
26000000.0,121.0,13.309701,6.8,408.0,Drama,65705772.0,1998,7,3,18.000697348696555,17.073607134447293
73000000.0,98.0,11.604533,5.8,331.0,Crime,103891409.0,1998,8,3,18.458856777001973,18.105970012811294
300000.0,94.0,0.546143,3.0,1.0,Drama,40542.0,1998,8,3,10.610118418254732,12.611541086966115
7200000.0,104.0,3.835188,6.7,58.0,Crime,12729678.0,1980,9,3,16.35944675419052,15.789591722875162
7500000.0,131.0,5.564294,7.8,199.0,Drama,33736689.0,1966,6,2,17.334096527127997,15.830413711839864
18000000.0,152.0,3.896319,6.0,42.0,Adventure,9000000.0,1967,12,4,16.012735246411598,16.705882371415992
1000000.0,88.0,5.602126,7.3,159.0,Adventure,3713768.0,1978,10,4,15.127557821868384,13.815511557963774
7000000.0,82.0,10.812275,7.5,186.0,Fantasy,14665733.0,1982,6,2,16.50102431028335,15.76142084987672
15000000.0,93.0,13.524001,7.3,233.0,Fantasy,40577001.0,1982,12,4,17.518712010874765,16.52356082573315
9000000.0,80.0,11.928545,6.6,344.0,Drama,84542002.0,1986,11,4,18.25275904574867,16.012735246411598
25000000.0,94.0,10.932786,6.2,282.0,Adventure,15502112.0,1985,7,3,16.55648689517904,17.034386422832473
6500000.0,93.0,6.683723,6.9,455.0,Comedy,23686027.0,1984,5,2,16.980395896395784,15.687312888712007
5000000.0,109.0,10.973482,7.1,251.0,Action,60000000.0,1980,9,3,17.909855136853043,15.424948670398354
60000000.0,89.0,9.562953,4.4,205.0,Thriller,48585416.0,1998,8,3,17.6988339821148,17.909855136853043
20000000.0,124.0,3.645263,6.0,24.0,Comedy,37672350.0,1998,8,3,17.444436988126935,16.811242881518265
3200000.0,136.0,11.504558,7.5,892.0,Horror,33395426.0,1968,6,2,17.32392953240539,14.978661680269907
27000000.0,102.0,14.225919,7.0,1031.0,Drama,20158808.0,1984,4,2,16.819151922041353,17.11134746100564
32000000.0,89.0,6.658994,5.5,193.0,Drama,16283667.0,1990,10,4,16.605673200286137,17.281246492014
5000000.0,100.0,1.564774,5.9,17.0,Drama,4710749.0,1998,2,1,15.365357688984737,15.424948670398354
45000000.0,120.0,15.043454,6.5,1950.0,Horror,131183530.0,1998,8,3,18.692107900680593,17.622173069956816
15000000.0,92.0,10.627364,7.1,1475.0,Fantasy,73326666.0,1988,2,1,18.110434906971,16.52356082573315
1500000.0,80.0,7.248676,7.8,539.0,Crime,2200000.0,1948,8,3,14.603968372873895,14.220976332738882
2000000.0,121.0,4.845776,6.7,86.0,Comedy,7900000.0,1976,4,2,15.882373444019521,14.508658238524095
3500000.0,116.0,5.316387,7.2,162.0,Crime,12600000.0,1972,5,2,16.349207451286784,15.068273812173887
4000000.0,143.0,5.757907,6.1,78.0,Action,6000000.0,1969,12,4,15.607270193858982,15.201805169084134
3000000.0,128.0,6.243248,6.4,120.0,Mystery,13000000.0,1966,7,3,16.380459992348886,14.914123179965662
2135161.0,130.0,6.409094,7.2,233.0,Crime,7000000.0,1964,7,3,15.76142084987672,14.574053079986395
1200000.0,105.0,8.56081,6.9,105.0,Crime,2000000.0,1956,12,4,14.508658238524095,13.997832948091215
2500000.0,120.0,12.547763,7.3,276.0,Adventure,10250000.0,1956,6,2,16.142788361109663,14.731801689838349
1200000.0,99.0,6.486117,6.9,152.0,Comedy,7000000.0,1955,10,4,15.76142084987672,13.997832948091215
1200000.0,101.0,15.41773,7.6,379.0,Crime,7000000.0,1951,6,2,15.76142084987672,13.997832948091215
13000000.0,106.0,8.736869,5.5,138.0,Music,16757163.0,1998,8,3,16.634336426289675,16.380459992348886
250.0,72.0,0.817002,7.5,12.0,Drama,203.0,1998,8,3,5.318119993844216,5.5254529391317835
35000000.0,126.0,9.918312,6.9,484.0,Adventure,57269863.0,1988,5,2,17.863285109650963,17.370858648025116
25000000.0,119.0,11.062203,7.6,1424.0,Crime,76270454.0,1987,6,2,18.149796199770982,17.034386422832473
1103000.0,99.0,5.660476,7.1,140.0,Mystery,4500000.0,1941,11,4,15.319588176962746,13.913545204853543
12000000.0,121.0,8.783454,6.9,451.0,Drama,22921898.0,1998,9,3,16.9476032997818,16.300417291085605
250000.0,90.0,12.095263,6.9,1101.0,Thriller,501818.0,1997,9,3,13.12599477588836,12.429220196836383
20000000.0,114.0,2.651408,6.5,52.0,Comedy,18253415.0,1998,9,3,16.719862798559333,16.811242881518265
25000000.0,117.0,3.643468,6.4,20.0,Drama,777423.0,1998,9,3,13.56374116906162,17.034386422832473
20000000.0,133.0,8.627019,6.8,101.0,Comedy,51249404.0,1987,12,4,17.7522145661593,16.811242881518265
28000000.0,114.0,8.318954,6.5,242.0,Comedy,103173635.0,1988,12,4,18.451923913258685,17.147715103853763
10000000.0,104.0,5.611184,5.8,67.0,Comedy,21486757.0,1988,8,3,16.88294739637253,16.118095750958314
800000.0,85.0,0.577976,5.1,8.0,Horror,7000000.0,1982,3,1,15.76142084987672,13.592368256649284
40000000.0,94.0,10.39662,5.0,88.0,Comedy,8479793.0,1991,2,1,15.953196715020189,17.50439003707821
40000000.0,138.0,12.330249,7.1,899.0,Drama,243240178.0,1992,12,4,19.309559904114614,17.50439003707821
38000000.0,117.0,7.118123,5.8,300.0,Drama,266614059.0,1993,4,2,19.40131270250282,17.453096744006448
33000000.0,98.0,11.840557,6.8,1254.0,Action,244386864.0,1998,9,3,19.31426303995494,17.312018149733785
2000000.0,91.0,2.740989,5.8,36.0,Action,124494.0,1998,9,3,11.732020833437868,14.508658238524095
55000000.0,122.0,9.672094,6.8,670.0,Action,41610884.0,1998,9,3,17.54387234965868,17.822843761378564
14000000.0,99.0,6.081401,5.6,293.0,Horror,72527595.0,1998,9,3,18.099477681884736,16.454567959008102
25000000.0,138.0,13.798247,6.4,51.0,Adventure,2075084.0,1990,10,4,14.545512674663362,17.034386422832473
15000000.0,109.0,16.83125,7.8,1629.0,Horror,19629760.0,1982,6,2,16.792557390936548,16.52356082573315
8000000.0,124.0,6.230854,6.9,169.0,Comedy,21706101.0,1992,4,2,16.89310397713858,15.894952224644102
10000000.0,89.0,5.720538,6.9,96.0,Comedy,10389003.0,1980,9,3,16.156258497075214,16.118095750958314
20000000.0,105.0,17.612244,7.5,3731.0,Fantasy,53000000.0,1990,12,4,17.78580249038432,16.811242881518265
60000000.0,83.0,16.025625,6.0,1320.0,Adventure,171757863.0,1998,10,4,18.961596275500323,17.909855136853043
17000000.0,81.0,12.480685,5.9,202.0,Comedy,30331165.0,1998,10,4,17.227686322710852,16.648723960844016
85000000.0,113.0,11.218378,6.8,596.0,Drama,71485043.0,1998,10,4,18.084998810958957,18.258161826219297
1100000.0,86.0,2.31478,4.7,36.0,Horror,631221.0,1998,10,4,13.355412902152286,13.910821646859095
11000000.0,92.0,9.270492,6.5,205.0,Comedy,31672907.0,1981,6,2,17.27097223621293,16.213405921671733
11000000.0,120.0,7.922216,7.3,393.0,Comedy,64088552.0,1992,3,1,17.975776325600318,16.213405921671733
28000000.0,116.0,7.482865,6.6,290.0,Thriller,40400657.0,1984,12,4,17.51435662992746,17.147715103853763
5000000.0,124.0,8.405672,7.9,740.0,Drama,26010864.0,1980,10,4,17.07402489331168,15.424948670398354
25000000.0,89.0,13.018491,5.5,366.0,Horror,50671850.0,1998,10,4,17.740881107276284,17.034386422832473
75000000.0,104.0,7.757795,6.3,348.0,Drama,46683377.0,1998,10,4,17.658898727802967,18.132998684833918
3000000.0,139.0,5.493697,7.4,197.0,Comedy,2807390.0,1998,10,4,14.847766140264016,14.914123179965662
75000000.0,99.0,7.970031,6.1,226.0,Action,14567883.0,1998,10,4,16.494329937699998,18.132998684833918
20000000.0,116.0,39.39497,8.3,3643.0,Comedy,229400000.0,1997,12,4,19.250977767018743,16.811242881518265
3500000.0,93.0,5.732016,5.8,92.0,Thriller,16324573.0,1990,5,2,16.60818213783989,15.068273812173887
20000000.0,119.0,18.157166,8.2,3120.0,Drama,23875127.0,1998,10,4,16.98834780557324,16.811242881518265
12000000.0,100.0,1.575026,5.4,12.0,Comedy,12902790.0,1998,10,4,16.372954202519335,16.300417291085605
10000000.0,105.0,6.788021,6.8,82.0,Drama,6451628.0,1998,1,1,15.679843215024052,16.118095750958314
70000000.0,116.0,9.019114,6.1,361.0,Drama,116672912.0,1998,11,4,18.57488496234641,18.064005814299346
23000000.0,90.0,9.461823,5.9,521.0,Comedy,185991646.0,1998,11,4,19.041212322066905,16.951004817371683
30000000.0,124.0,7.566321,7.2,346.0,Drama,82150642.0,1998,9,3,18.224065229562385,17.216707972959764
65000000.0,100.0,11.023042,5.1,381.0,Horror,40002112.0,1998,11,4,17.50444283568302,17.989897843244528
90000000.0,178.0,14.026744,6.9,1174.0,Fantasy,142940100.0,1998,11,4,18.777936226346036,18.31532023940565
9000000.0,111.0,15.236541,7.0,129.0,Action,7936012.0,1985,11,4,15.886921566050344,16.012735246411598
4000000.0,111.0,5.681582,7.0,106.0,Drama,2826523.0,1986,11,4,14.854558246128123,15.201805169084134
90000000.0,132.0,12.978751,6.7,1266.0,Action,250649836.0,1998,11,4,19.339567451364378,18.31532023940565
30000000.0,79.0,5.154373,5.8,149.0,Animation,100491683.0,1998,11,4,18.425585535771088,17.216707972959764
120000000.0,95.0,16.869209,6.8,2379.0,Adventure,363258859.0,1998,11,4,19.71062625103256,18.603002309079653
2900000.0,113.0,4.919716,7.6,132.0,Drama,5596708.0,1998,1,1,15.537689304383212,14.88022163978423
12000.0,93.0,5.738871,6.2,111.0,Horror,6000000.0,1972,3,1,15.607270193858982,9.392745258631441
2000000.0,87.0,2.894009,6.7,34.0,Action,4100000.0,1984,12,4,15.226497775576945,14.508658238524095
672000.0,100.0,8.73274,7.7,346.0,Action,10000000.0,1933,4,2,16.118095750958314,13.418015107599418
23000000.0,134.0,5.810716,5.9,179.0,Adventure,90614445.0,1976,9,3,18.322124206426327,16.951004817371683
10000000.0,105.0,2.663294,4.6,29.0,Action,4711220.0,1986,11,4,15.36545766806563,16.118095750958314
5000000.0,104.0,8.679349,6.0,99.0,Comedy,27400000.0,1985,3,1,17.126053607854647,15.424948670398354
8000000.0,98.0,6.040486,6.8,210.0,Comedy,59612888.0,1985,5,2,17.903382367044365,15.894952224644102
8045760.0,95.0,10.357224,5.8,98.0,Comedy,35150960.0,1989,3,1,17.37516251581877,15.900655926849847
17900000.0,89.0,10.014248,5.0,211.0,Adventure,6948633.0,1985,4,2,15.754055651460538,16.700311326676903
10000000.0,91.0,7.054864,6.2,288.0,Comedy,54999651.0,1986,3,1,17.822837415904,16.118095750958314
30000000.0,131.0,12.840798,6.0,515.0,Adventure,152427960.0,1985,5,2,18.842202655516658,17.216707972959764
4500000.0,96.0,8.354488,6.5,614.0,Comedy,146198896.0,1984,3,1,18.80047856079185,15.319588176962746
90000000.0,92.0,6.229629,5.3,312.0,Adventure,69131860.0,1998,11,4,18.0515262678542,18.31532023940565
15000000.0,93.0,2.312844,4.8,32.0,Drama,10443316.0,1998,11,4,16.16147281026287,16.52356082573315
3500000.0,90.0,0.556435,3.8,13.0,Comedy,9247881.0,1998,11,4,16.039905110297322,15.068273812173887
30000000.0,100.0,10.432293,6.2,182.0,Comedy,9898412.0,1998,9,3,16.107884999224613,17.216707972959764
60000000.0,105.0,6.715898,4.8,233.0,Horror,37141130.0,1998,12,4,17.43023556576766,17.909855136853043
70000000.0,103.0,9.538877,6.3,402.0,Science Fiction,118000000.0,1998,12,4,18.586195190904515,18.064005814299346
70000000.0,99.0,11.898185,6.9,847.0,Adventure,218613188.0,1998,12,4,19.20281446582997,18.064005814299346
9000000.0,93.0,5.997054,7.5,688.0,Comedy,17096053.0,1998,9,3,16.65435823460973,16.012735246411598
25000000.0,122.0,13.813155,6.8,831.0,Romance,289317794.0,1998,12,4,19.483036278597357,17.034386422832473
50000000.0,108.0,11.690532,6.1,58.0,Family,23717291.0,1985,10,4,16.981714960315067,17.72753358339242
44000000.0,96.0,11.924462,6.3,884.0,Action,300400432.0,1985,5,2,19.520626919264668,17.599700214609808
15000000.0,93.0,14.778884,7.2,1523.0,Action,125212904.0,1982,10,4,18.645526086398274,16.52356082573315
63000000.0,102.0,11.624866,5.7,703.0,Action,189015611.0,1988,5,2,19.057340172787065,17.958645300228824
25000000.0,106.0,10.571841,6.0,289.0,Action,96773200.0,1985,12,4,18.387880664743445,17.034386422832473
10000000.0,106.0,6.827193,6.6,477.0,Action,86572238.0,1984,3,1,18.276489756320597,16.118095750958314
17500000.0,116.0,12.167265,5.4,103.0,Comedy,25024919.0,1988,9,3,17.035382686357252,16.677711496036597
7000000.0,119.0,11.789813,6.9,948.0,Drama,200182160.0,1979,6,2,19.11473831498112,15.76142084987672
17000000.0,99.0,11.673366,6.6,894.0,Drama,270000000.0,1982,5,2,19.413932520666354,16.648723960844016
31000000.0,91.0,10.25721,6.6,984.0,Drama,300473716.0,1985,11,4,19.52087084388803,17.249497794707484
42000000.0,104.0,14.007329,5.3,688.0,Drama,119946358.0,1990,10,4,18.602555192474977,17.553180200057167
15000000.0,94.0,7.720009,7.1,377.0,Comedy,14643997.0,1985,12,4,16.49954111664755,16.52356082573315
8000000.0,126.0,7.64499,6.9,913.0,Drama,90815558.0,1984,6,2,18.324341183517546,15.894952224644102
113.0,113.0,9.231318,5.9,457.0,Adventure,115103979.0,1986,6,2,18.561346451721565,4.736198448394496
27000000.0,97.0,9.802574,7.1,668.0,Comedy,71320000.0,1989,12,4,18.082687364980526,17.11134746100564
65000000.0,119.0,10.237996,6.3,859.0,Comedy,250821495.0,1998,12,4,19.340252072779037,17.989897843244528
52000000.0,170.0,9.783966,7.2,793.0,Drama,98126565.0,1998,12,4,18.401768693175168,17.76675429577647
15000000.0,104.0,13.462253,6.2,500.0,Horror,40283321.0,1998,12,4,17.511448095105113,16.52356082573315
50000000.0,115.0,12.52181,7.0,863.0,Comedy,202292902.0,1998,12,4,19.125227219960564,17.72753358339242
70000000.0,115.0,9.353499,6.1,113.0,Drama,56702901.0,1998,3,1,17.85333594904609,18.064005814299346
12000000.0,117.0,3.094893,5.8,32.0,Comedy,21001563.0,1999,3,1,16.86010746910496,16.300417291085605
6000000.0,114.0,4.40959,5.8,56.0,Drama,6330054.0,1997,8,3,15.660819482866183,15.607270193858982
20000000.0,121.0,3.010088,6.6,49.0,Drama,3970078.0,1998,12,4,15.194296551709717,16.811242881518265
75000000.0,99.0,7.116537,5.0,151.0,Horror,14010690.0,1999,1,1,16.455331239009823,18.132998684833918
37000000.0,110.0,10.722672,5.1,227.0,Comedy,37962774.0,1986,8,3,17.452116632300683,17.426428497635523
700000.0,94.0,8.407369,6.9,129.0,Drama,3000000.0,1958,7,3,14.914123179965662,13.45883704259595
15000000.0,96.0,13.534589,7.1,1038.0,Horror,60629159.0,1986,8,3,17.920286523424476,16.52356082573315
12000000.0,88.0,5.037671,5.3,46.0,Action,15945534.0,1986,8,3,16.58468941070129,16.300417291085605
85000.0,83.0,15.526413,7.1,617.0,Horror,30859000.0,1974,10,4,17.244939032372713,11.350418300109132
4700000.0,101.0,9.501011,5.8,142.0,Horror,8025872.0,1986,8,3,15.898181006110418,15.363073279446223
600000.0,95.0,6.854576,3.9,96.0,Horror,185898.0,1994,1,1,12.132958794458919,13.304686600863562
20000000.0,130.0,11.469751,7.2,739.0,Drama,77200000.0,1986,9,3,18.161910027948373,16.811242881518265
18000000.0,103.0,7.471655,5.9,138.0,Comedy,41382841.0,1986,10,4,17.53837690844526,16.705882371415992
5000000.0,97.0,7.791212,6.3,512.0,Adventure,328203506.0,1986,9,3,19.60914442212076,15.424948670398354
13800000.0,119.0,11.613655,6.7,297.0,Drama,52293982.0,1986,10,4,17.772391874615497,16.440179222591198
15000000.0,130.0,7.390012,6.5,270.0,Action,42724017.0,1986,12,4,17.5702718025005,16.52356082573315
10000000.0,95.0,7.064982,5.7,425.0,Comedy,103166989.0,1999,1,1,18.451859495503143,16.118095750958314
7300.0,87.0,0.137676,6.0,3.0,Action,13674.0,1998,10,4,9.523324627290181,8.895766604056085
150000.0,101.0,7.229587,7.6,148.0,Horror,83957.0,1960,4,2,11.338071952783768,11.918397239722838
90000000.0,100.0,9.112008,6.7,557.0,Drama,161626121.0,1999,2,1,18.90079633702756,18.31532023940565
6000000.0,95.0,6.053045,5.5,52.0,Comedy,4398989.0,1999,2,1,15.296885527084354,15.607270193858982
35000000.0,112.0,8.355977,6.3,247.0,Comedy,40263020.0,1999,2,1,17.51094401261859,17.370858648025116
80000000.0,131.0,5.101392,5.9,198.0,Romance,118880016.0,1999,2,1,18.593625281935058,18.197537205138154
65000000.0,94.0,12.65102,5.1,81.0,Comedy,36850101.0,1999,2,1,17.422368944574078,17.989897843244528
3000000.0,87.0,7.434797,5.9,93.0,Comedy,3076820.0,1999,1,1,14.939407479066372,14.914123179965662
10000000.0,89.0,12.329066,7.4,1068.0,Comedy,12827813.0,1999,2,1,16.36712634015779,16.118095750958314
6000000.0,101.0,3.227046,6.1,44.0,Comedy,6852450.0,1999,2,1,15.740116956458575,15.607270193858982
40000000.0,123.0,7.473718,6.1,479.0,Thriller,96618699.0,1999,2,1,18.38628286222875,17.50439003707821
11500000.0,103.0,8.365761,6.4,417.0,Drama,57469467.0,1989,4,2,17.866764373437423,16.257857680289998
8000000.0,100.0,6.823445,5.0,107.0,Horror,17092453.0,1992,8,3,16.65414763752762,15.894952224644102
900000.0,92.0,8.357875,4.5,50.0,Horror,6980986.0,1993,1,1,15.758700868753412,13.710151153416941
10000000.0,137.0,7.873018,6.2,89.0,Action,100489151.0,1970,3,1,18.425560339338922,16.118095750958314
3000000.0,107.0,8.480501,5.5,79.0,Action,47000000.0,1974,10,4,17.665658180950928,14.914123179965662
6000000.0,114.0,9.394776,5.8,69.0,Action,30000000.0,1977,3,1,17.216707972959764,15.607270193858982
14000000.0,159.0,7.469056,7.1,230.0,Action,116000000.0,1974,12,4,18.569100757691327,16.454567959008102
9000000.0,119.0,6.842274,6.6,272.0,Adventure,25000000.0,1976,6,2,17.034386422832473,16.012735246411598
5800000.0,112.0,17.784978,7.5,958.0,Science Fiction,33395426.0,1968,2,1,17.32392953240539,15.573368647930426
3000000.0,95.0,12.325947,6.2,370.0,Adventure,18999718.0,1970,5,2,16.759934747547664,14.914123179965662
1700000.0,93.0,11.644764,5.5,220.0,Action,8844595.0,1973,6,2,15.99531720900997,14.346139397261565
1700000.0,88.0,12.843375,6.1,243.0,Action,9700000.0,1972,6,2,16.08763654656639,14.346139397261565
2500000.0,98.0,12.120267,6.3,270.0,Action,12348905.0,1971,5,2,16.329078034118602,14.731801689838349
7000000.0,123.0,6.657792,5.6,76.0,Action,79666653.0,1974,11,4,18.193361662231847,15.76142084987672
14000000.0,123.0,3.514331,4.7,45.0,Action,13015688.0,1979,8,3,16.381666033926223,16.454567959008102
80000000.0,103.0,7.634017,6.4,512.0,Comedy,176885658.0,1999,3,1,18.991014087443567,18.197537205138154
25000000.0,110.0,9.208831,6.1,60.0,Action,15156200.0,1999,3,1,16.533920313107114,17.034386422832473
10500000.0,97.0,8.181065,6.6,848.0,Drama,75902208.0,1999,3,1,18.144956346026664,16.166885910365842
1350000.0,105.0,4.60786,7.5,1671.0,Comedy,3897569.0,1998,3,1,15.175863839983704,14.115615891155079
38000000.0,106.0,5.78468,6.0,58.0,Drama,28121100.0,1999,3,1,17.152030777767568,17.453096744006448
21000000.0,104.0,4.766591,5.1,79.0,Horror,17762705.0,1999,3,1,16.692611648786816,16.860033043306743
13000000.0,115.0,5.53202,7.0,176.0,Drama,8038508.0,1988,9,3,15.899754176196392,16.380459992348886
12000000.0,97.0,7.707344,3.3,75.0,Science Fiction,36450736.0,1999,3,1,17.411472235693267,16.300417291085605
75000000.0,105.0,7.906035,5.1,141.0,Romance,93888180.0,1999,3,1,18.357615068311834,18.132998684833918
25000000.0,87.0,1.466461,5.0,23.0,Animation,12000000.0,1999,3,1,16.300417291085605,17.034386422832473
4550000.0,133.0,7.630723,7.3,103.0,Drama,21300000.0,1956,6,2,16.87421767762801,15.330638010707329
50000000.0,92.0,3.826503,4.1,37.0,Action,13260050.0,1999,3,1,16.40026638886844,17.72753358339242
63000000.0,136.0,33.366332,7.9,9079.0,Action,463517383.0,1999,3,1,19.95435444819997,17.958645300228824
16000000.0,97.0,12.069966,7.3,1768.0,Comedy,53478166.0,1999,3,1,17.794784035115494,16.588099342704055
75000000.0,90.0,9.019881,5.1,46.0,Comedy,29000000.0,1999,4,2,17.182806422433504,18.132998684833918
6000.0,69.0,5.283661,7.2,363.0,Crime,48482.0,1998,9,3,10.788968500016754,8.699681400989514
6500000.0,98.0,8.344282,7.0,198.0,Crime,28451622.0,1999,4,2,17.16371576436114,15.687312888712007
25000000.0,107.0,7.257679,5.8,378.0,Romance,84565230.0,1999,4,2,18.253033759013107,17.034386422832473
10000000.0,89.0,10.222076,6.2,72.0,Comedy,8359717.0,1992,1,1,15.93893525243453,16.118095750958314
10000000.0,118.0,3.380684,6.2,35.0,Comedy,10920544.0,1999,1,1,16.206156435460557,16.118095750958314
80000000.0,108.0,7.579444,6.4,179.0,Comedy,73345029.0,1999,4,2,18.110685302929753,18.197537205138154
2900000.0,117.0,8.842959,7.4,211.0,Drama,368234.0,1997,12,4,12.816476600297701,14.88022163978423
1.0,95.0,1.337096,4.9,26.0,Comedy,100.0,1999,4,2,4.61512051684126,0.6931471805599453
15000000.0,97.0,11.446138,6.7,487.0,Action,2856712.0,1999,4,2,14.865182221144215,16.52356082573315
66000000.0,112.0,10.62333,6.0,613.0,Romance,212404396.0,1999,4,2,19.174002548624376,18.005165315142214
25000000.0,92.0,6.851628,6.1,183.0,Thriller,4152230.0,1999,4,2,15.239156338118397,17.034386422832473
1453000.0,111.0,4.497049,7.4,81.0,Crime,5638000.0,1945,9,3,15.54504012802404,14.189141630783428
3000000.0,95.0,4.947043,6.1,94.0,Comedy,14418922.0,1984,11,4,16.48405199909837,14.914123179965662
47000000.0,103.0,8.304776,5.9,258.0,Adventure,103738726.0,1990,6,2,18.457386055749968,17.665658180950928
80000000.0,124.0,23.984065,6.6,2796.0,Adventure,415885488.0,1999,4,2,19.845920513505746,18.197537205138154
786675.0,85.0,4.337545,7.4,69.0,Drama,861789.0,1997,4,2,13.666766900476222,13.575571752670081
1500000.0,99.0,1.666469,5.7,29.0,Comedy,870751.0,1998,5,2,13.677112485096124,14.220976332738882
115000000.0,136.0,15.649091,6.4,4526.0,Adventure,924317558.0,1999,5,2,20.644566249133433,18.560442695023177
55000000.0,143.0,15.460102,6.9,1042.0,Action,300218018.0,1978,12,4,19.520019498680096,17.822843761378564
54000000.0,127.0,10.301621,6.5,642.0,Action,190458706.0,1980,12,4,19.064945967880078,17.804494623047066
39000000.0,125.0,9.614638,5.3,500.0,Comedy,75850624.0,1983,6,2,18.14427650367213,17.479072229734946
17000000.0,90.0,7.990679,4.1,327.0,Action,19300000.0,1987,7,3,16.775615705688583,16.648723960844016
355000.0,72.0,7.503126,7.2,254.0,Horror,1012189.0,1931,2,1,13.827626858242851,12.779875885354993
291000.0,71.0,8.091603,7.3,295.0,Drama,12000000.0,1931,11,4,16.300417291085605,12.581081982573842
1200000.0,100.0,8.699428,7.4,703.0,Comedy,112892319.0,1975,8,3,18.54194500200539,13.997832948091215
5000000.0,80.0,1.629796,6.0,12.0,Comedy,2091037.0,1982,12,4,14.553171151368549,15.424948670398354
2000000.0,85.0,5.609399,6.8,172.0,Horror,2000000.0,1953,8,3,14.508658238524095,14.508658238524095
42000000.0,124.0,9.874043,7.0,1309.0,Romance,363889678.0,1999,5,2,19.71236129999276,17.553180200057167
16000000.0,100.0,9.356587,6.8,381.0,Thriller,18564088.0,1999,4,2,16.736739573557095,16.588099342704055
8000000.0,126.0,1.969282,7.0,17.0,Adventure,1997807.0,1999,6,2,14.507561137477014,15.894952224644102
33000000.0,95.0,13.984182,6.1,1034.0,Adventure,310940086.0,1999,6,2,19.555110805282574,17.312018149733785
18000000.0,131.0,7.725843,7.2,101.0,Drama,9495408.0,1998,9,3,16.0663189766036,16.705882371415992
150000000.0,88.0,12.453452,7.1,1715.0,Adventure,448000000.0,1999,6,2,19.920303792611403,18.826145858727198
60000000.0,116.0,14.039655,6.1,209.0,Crime,149705852.0,1999,6,2,18.824182946821935,17.909855136853043
14000000.0,97.0,3.873796,6.3,47.0,Drama,18535191.0,1999,4,2,16.735181753294004,16.454567959008102
1530000.0,81.0,7.765379,7.2,672.0,Action,7267585.0,1998,8,3,15.798934744850484,14.240778946963175
34200000.0,93.0,8.011869,6.2,898.0,Comedy,234801895.0,1999,6,2,19.274252720843023,17.3477362312726
12500000.0,80.0,6.122739,7.7,408.0,Comedy,78599508.0,1998,4,2,18.179876010560584,16.341239282272525
31000000.0,103.0,5.418428,6.2,445.0,Comedy,53208180.0,1990,8,3,17.789722720684708,17.249497794707484
170000000.0,106.0,9.887602,5.1,1042.0,Action,222104681.0,1999,6,2,19.21865936923679,18.951309000896888
11000000.0,95.0,18.344227,6.4,2358.0,Comedy,235483004.0,1999,7,3,19.277149303211587,16.213405921671733
24000000.0,87.0,7.531668,5.8,94.0,Fantasy,16290976.0,1999,7,3,16.606121954224832,16.993564429978885
60000.0,81.0,14.838386,6.3,1090.0,Horror,248000000.0,1999,7,3,19.328939308161516,11.002116507732017
65000000.0,159.0,13.268484,7.1,1266.0,Mystery,162091208.0,1999,7,3,18.903669753279715,17.989897843244528
27000000.0,82.0,13.787108,5.5,251.0,Horror,56870414.0,1999,7,3,17.85628581660118,17.11134746100564
6000000.0,106.0,4.414077,7.1,34.0,Comedy,25059640.0,1999,7,3,17.03676918171107,15.607270193858982
30000000.0,107.0,22.089729,7.3,2431.0,Comedy,295212467.0,1984,6,2,19.503205885571045,17.216707972959764
37000000.0,108.0,16.414239,6.3,1131.0,Comedy,215394738.0,1989,6,2,19.18798289806145,17.426428497635523
10000000.0,98.0,6.396767,6.5,88.0,Comedy,10571408.0,1999,7,3,16.173663650760066,16.118095750958314
80000000.0,113.0,8.967638,5.2,374.0,Horror,91188905.0,1999,7,3,18.328443802908396,18.197537205138154
450000.0,89.0,2.493289,6.7,24.0,Comedy,2049595.0,1999,7,3,14.53315325852239,13.017005083966255
60000000.0,105.0,7.493615,5.6,616.0,Action,73648228.0,1999,7,3,18.11481065441951,17.909855136853043
68000000.0,121.0,10.466306,5.7,255.0,Adventure,29762011.0,1999,8,3,17.208743373170762,18.035018277846262
70000000.0,116.0,8.919469,5.8,472.0,Comedy,309457509.0,1999,7,3,19.550331354719273,18.064005814299346
12000000.0,197.0,11.110376,7.3,472.0,Action,60000000.0,1960,10,4,17.909855136853043,16.300417291085605
2000000.0,153.0,9.551293,7.3,409.0,Drama,9250000.0,1962,6,2,16.04013421759671,14.508658238524095
11000000.0,184.0,14.003467,7.7,521.0,Drama,20000000.0,1975,12,4,16.811242881518265,16.213405921671733
1884000.0,99.0,7.368928,6.0,10.0,Romance,1883811.0,1988,8,3,14.448807941453548,14.448908264903867
25000000.0,94.0,8.236472,5.6,311.0,Action,79817939.0,1986,12,4,18.195258849183674,17.034386422832473
15000000.0,154.0,11.573562,7.7,345.0,Drama,146292009.0,1985,12,4,18.80111525069172,16.52356082573315
2000000.0,111.0,0.910047,2.0,2.0,Drama,1301121.0,1986,12,4,14.078737527118118,14.508658238524095
24500000.0,126.0,11.241995,7.1,295.0,Adventure,17218023.0,1986,9,3,16.661467300089182,17.01418371633128
25000000.0,94.0,7.409179,6.7,389.0,Horror,38748395.0,1986,12,4,17.472599919358508,17.034386422832473
13000000.0,94.0,3.960622,5.7,67.0,Comedy,27500000.0,1999,8,3,17.129696599000436,16.380459992348886
70000000.0,86.0,15.441459,7.6,1470.0,Adventure,23159305.0,1999,8,3,16.95790724476241,18.064005814299346
40000000.0,107.0,18.449169,7.7,3223.0,Mystery,672806292.0,1999,8,3,20.326968020027547,17.50439003707821
48000000.0,113.0,10.961226,6.7,349.0,Drama,124305181.0,1999,8,3,18.63825024507294,17.6867115897055
25000000.0,100.0,6.570918,6.2,115.0,Drama,13000000.0,1999,8,3,16.380459992348886,17.034386422832473
6500000.0,95.0,6.074832,6.7,102.0,Comedy,4217115.0,1999,8,3,15.254662040057267,15.687312888712007
6400000.0,86.0,7.506958,4.7,31.0,Thriller,6.0,1995,10,4,1.9459101490553132,15.671808704579888
350000.0,86.0,4.817514,6.3,56.0,Comedy,1499275.0,1963,1,1,14.22049288288472,12.765691290604371
200000.0,80.0,4.392322,6.9,67.0,Fantasy,2000000.0,1961,8,3,14.508658238524095,12.206077645517674
6800000.0,107.0,10.235373,6.1,170.0,Action,26518355.0,1978,6,2,17.09334773041019,15.732433317205148
3500000.0,88.0,13.063203,7.1,1104.0,Comedy,83453539.0,1980,7,3,18.239800627783534,15.068273812173887
22000000.0,105.0,7.145784,5.3,154.0,Horror,26570463.0,1997,12,4,17.095310780887992,16.906553056777135
15000000.0,98.0,7.747432,7.1,412.0,Comedy,61399552.0,1983,7,3,17.932913112960577,16.52356082573315
18000000.0,104.0,9.562292,6.9,1022.0,Fantasy,151668774.0,1988,6,2,18.837209589249397,16.705882371415992
45000000.0,141.0,8.708306,6.3,377.0,Drama,195268056.0,1993,12,4,19.089883823841983,17.622173069956816
13000000.0,96.0,8.345784,5.3,94.0,Comedy,8946237.0,1999,8,3,16.006743666689907,16.380459992348886
45000000.0,82.0,7.805145,4.2,138.0,Action,10667893.0,1999,8,3,16.18274922797671,17.622173069956816
7000000.0,97.0,1.615319,6.3,18.0,Drama,14011454.0,1999,8,3,16.455385767310418,15.76142084987672
160000000.0,102.0,10.308026,6.4,524.0,Adventure,61698899.0,1999,8,3,17.93777666051572,18.8906843794481
75000000.0,109.0,14.705865,5.5,263.0,Drama,19598588.0,1999,8,3,16.790968131813436,18.132998684833918
70000000.0,101.0,3.062626,5.3,30.0,Action,11263966.0,1999,9,3,16.237119427688167,18.064005814299346
7000000.0,96.0,3.10924,5.6,30.0,Romance,7292175.0,1999,8,3,15.802312550528917,15.76142084987672
29000000.0,103.0,9.304144,6.0,248.0,Horror,50041732.0,1999,9,3,17.728367875257465,17.182806422433504
12000000.0,99.0,5.875606,6.5,334.0,Horror,21133087.0,1999,9,3,16.866350521839156,16.300417291085605
6000000.0,101.0,12.019262,6.2,54.0,Drama,21821347.0,1984,9,3,16.898399314646156,15.607270193858982
15000000.0,122.0,20.726578,7.9,3438.0,Drama,356296601.0,1999,9,3,19.691274093623488,16.52356082573315
1200000.0,88.0,2.359569,8.7,47.0,Documentary,4978922.0,1984,11,4,15.420724160551934,13.997832948091215
65000000.0,93.0,6.229424,6.1,359.0,Action,117758500.0,1999,9,3,18.584146483583933,17.989897843244528
17500000.0,156.0,11.157288,5.3,147.0,Drama,23438120.0,1979,1,1,16.96987435734389,16.677711496036597
560000.0,88.0,5.719266,7.3,172.0,Comedy,12299668.0,1964,7,3,16.325082909411446,13.235693848424024
1200000.0,113.0,2.017413,7.5,33.0,Drama,14363400.0,1978,5,2,16.48019393198267,13.997832948091215
9000000.0,106.0,7.472509,6.9,279.0,Horror,24922237.0,1985,8,3,17.03127105523471,16.012735246411598
2000000.0,109.0,8.476681,7.2,441.0,Drama,46122355.0,1972,7,3,17.646808336188744,14.508658238524095
11000000.0,140.0,8.800455,7.1,241.0,Fantasy,34967437.0,1981,4,2,17.369927843559026,16.213405921671733
28000000.0,87.0,13.856199,6.1,117.0,Animation,11373501.0,1994,3,1,16.246796821821402,17.147715103853763
5000000.0,111.0,6.335814,6.5,69.0,Drama,34251525.0,1975,3,1,17.3492416764245,15.424948670398354
70000000.0,105.0,10.876463,6.2,282.0,Crime,177841558.0,1999,9,3,18.996403593888584,18.064005814299346
2600000.0,104.0,4.004968,5.9,9.0,Drama,614202.0,1999,9,3,13.328080771379405,14.77102238760702
8000000.0,91.0,4.606395,5.8,62.0,Drama,22593409.0,1999,10,4,16.933168828800678,15.894952224644102
28000000.0,119.0,4.512767,6.0,71.0,Drama,8888143.0,1999,10,4,16.00022881179052,17.147715103853763
75000000.0,114.0,12.287636,6.6,709.0,Action,108000000.0,1999,9,3,18.497641794347754,18.132998684833918
1700000.0,98.0,2.939685,5.5,39.0,Comedy,1943649.0,1999,12,4,14.480078206640904,14.346139397261565
15000000.0,122.0,13.412785,5.4,91.0,Mystery,10611160.0,1993,4,2,16.17741692967437,16.52356082573315
7000000.0,113.0,8.120652,6.2,58.0,Thriller,5344577.0,1988,7,3,15.491593147032525,15.76142084987672
300000.0,89.0,6.609336,6.5,166.0,Horror,11988469.0,1979,3,1,16.2994559125227,12.611541086966115
5000000.0,113.0,6.370495,6.0,128.0,Horror,34725000.0,1983,6,2,17.362970475402378,15.424948670398354
64000000.0,133.0,4.140398,5.3,63.0,Drama,74608570.0,1999,10,4,18.127765951335714,17.974393656948944
2000000.0,118.0,6.536006,7.2,360.0,Crime,11540607.0,1999,9,3,16.261382503964846,14.508658238524095
10000000.0,89.0,7.807741,6.6,110.0,Action,3193102.0,1999,5,2,14.976503729241156,16.118095750958314
6200000.0,98.0,6.505209,6.4,340.0,Comedy,63541777.0,1983,8,3,17.967208168787455,15.64006001130563
65000000.0,113.0,12.954444,7.1,1745.0,Action,261317921.0,1990,6,2,19.381248315968882,17.989897843244528
6000000.0,103.0,12.724645,7.5,1340.0,Comedy,70136369.0,1986,6,2,18.065952047701455,15.607270193858982
6000000.0,115.0,13.293569,6.8,84.0,War,1317657.0,1982,12,4,14.091366476306007,15.607270193858982
5500000.0,105.0,9.91087,7.4,284.0,Western,15700000.0,1973,4,2,16.5691713340128,15.520258832020865
1800000.0,114.0,7.266576,6.7,197.0,Western,6800000.0,1968,7,3,15.732433317205148,14.403297778421795
32000000.0,195.0,5.463216,7.1,70.0,Drama,40382659.0,1981,12,4,17.5139110428745,17.281246492014
1250000.0,92.0,14.605464,6.7,84.0,Crime,8500000.0,1953,1,1,15.955576839107596,14.038654909278163
6000000.0,157.0,2.747118,6.3,29.0,Music,36800000.0,1958,3,1,17.421008430313073,15.607270193858982
4000000.0,95.0,9.888958,6.1,313.0,Drama,92921203.0,1983,4,2,18.34726242316523,15.201805169084134
5400000.0,150.0,15.640007,7.5,309.0,Action,45300000.0,1967,6,2,17.628817612528316,15.501909696719672
2500000.0,110.0,13.78884,7.2,1005.0,Adventure,124881062.0,1964,9,3,18.642872346306905,14.731801689838349
2000000.0,115.0,12.536729,6.9,773.0,Action,78898765.0,1963,10,4,18.183676145643098,14.508658238524095
950000.0,110.0,19.931606,6.9,953.0,Adventure,59600000.0,1962,10,4,17.9031661488141,13.76421831620775
4500000.0,104.0,11.578578,5.8,422.0,Romance,58853106.0,1980,7,3,17.89055518551908,15.319588176962746
200000.0,99.0,12.429704,7.6,909.0,Western,14500000.0,1964,9,3,16.489659276356317,12.206077645517674
3000000.0,96.0,7.04756,6.8,177.0,Drama,222559.0,1996,2,1,12.31295200715727,14.914123179965662
18000000.0,120.0,13.293722,6.3,2459.0,Comedy,358991681.0,1992,11,4,19.69880977626769,16.705882371415992
17000000.0,106.0,3.50111,5.8,38.0,Crime,10278549.0,1987,10,4,16.145569757459068,16.648723960844016
463455.0,84.0,0.445526,8.0,9.0,Drama,966878.0,1926,5,2,13.781828637340341,13.046466729600583
700000.0,107.0,0.101618,0.0,0.0,Drama,10508.0,1999,10,4,9.259987311865597,13.45883704259595
63000000.0,139.0,63.869599,8.3,9678.0,Drama,100853753.0,1999,10,4,18.42918204527112,17.958645300228824
50000000.0,95.0,5.769957,5.9,75.0,Comedy,58900031.0,1999,10,4,17.891352191915384,17.72753358339242
5000000.0,116.0,9.841623,6.6,255.0,Family,42365581.0,1981,7,3,17.56184684527556,15.424948670398354
19000000.0,104.0,6.645295,7.4,201.0,Comedy,18254702.0,1989,10,4,16.719933303424323,16.759949589762293
9000000.0,120.0,5.055141,6.8,38.0,Drama,34573780.0,1999,10,4,17.358606178205207,16.012735246411598
13000000.0,102.0,13.485583,7.1,1494.0,Action,53000000.0,1987,7,3,17.78580249038432,16.380459992348886
35000000.0,117.0,10.969876,5.6,498.0,Action,45681173.0,1990,6,2,17.63719682350717,17.370858648025116
70000000.0,104.0,16.78596,7.2,1466.0,Fantasy,329803958.0,1988,6,2,19.61400897226272,18.064005814299346
28000000.0,127.0,9.765123,6.3,497.0,Adventure,195312802.0,1981,6,2,19.09011294925379,17.147715103853763
32000000.0,133.0,11.137888,5.9,549.0,Adventure,156167015.0,1989,7,3,18.8664366078985,17.281246492014
7000000.0,121.0,9.773768,6.4,540.0,Adventure,161777836.0,1973,7,3,18.901734575456047,15.76142084987672
5500000.0,130.0,10.517835,6.5,572.0,Adventure,141195658.0,1965,12,4,18.76565713892476,15.520258832020865
19000000.0,93.0,10.187278,5.5,211.0,Horror,40846082.0,1999,10,4,17.525321487279896,16.759949589762293
27000000.0,124.0,3.104943,6.3,49.0,Drama,14859394.0,1999,10,4,16.514142883100718,17.11134746100564
13000000.0,112.0,11.416319,7.3,1124.0,Fantasy,22863596.0,1999,9,3,16.945056553034235,16.380459992348886
2000000.0,92.0,1.241349,6.0,2.0,Romance,7.0,1999,10,4,2.0794415416798357,14.508658238524095
26500000.0,134.0,17.166725,8.2,2041.0,Adventure,159375308.0,1997,7,3,18.886772412698615,17.0926553286923
51000000.0,101.0,5.061725,4.5,84.0,Comedy,36911617.0,1999,11,4,17.424036910404105,17.747336210296442
73000000.0,118.0,8.884406,6.5,843.0,Drama,151493655.0,1999,11,4,18.836054307449473,18.105970012811294
90000000.0,157.0,11.3569,7.3,489.0,Drama,60289912.0,1999,10,4,17.91467536743917,18.31532023940565
8000000.0,120.0,10.434018,6.7,228.0,Horror,21028755.0,1982,11,4,16.86140139233913,15.894952224644102
3500000.0,92.0,9.330087,5.9,133.0,Horror,14000000.0,1987,5,2,16.454567959008102,15.068273812173887
900000.0,86.0,9.867238,7.0,263.0,Science Fiction,2023414.0,1985,10,4,14.52029723599125,13.710151153416941
2500000.0,100.0,8.026112,7.0,117.0,Crime,4729352.0,1989,9,3,15.369298964642649,14.731801689838349
25000000.0,113.0,10.175138,7.2,837.0,Crime,40903593.0,1993,2,1,17.526728490013074,17.034386422832473
483103.0,80.0,0.205671,8.0,2.0,Drama,1027757.0,1927,10,4,13.842890288723991,13.087987230367462
5000000.0,99.0,5.830675,6.4,87.0,Action,19905359.0,1981,3,1,16.80649960016107,15.424948670398354
22700000.0,96.0,9.10373,6.7,924.0,Comedy,38119483.0,1987,6,2,17.45623610045719,16.937875526504495
15000000.0,83.0,11.179855,7.0,1155.0,Animation,32056467.0,1973,11,4,17.283009530642506,16.52356082573315
12000000.0,100.0,8.341166,7.2,111.0,Adventure,55260558.0,1981,12,4,17.82756999322452,16.300417291085605
15000000.0,139.0,8.186994,7.5,128.0,Adventure,31559552.0,1970,12,4,17.267386890343545,16.52356082573315
40600000.0,116.0,14.285052,7.1,763.0,Comedy,90400000.0,1983,6,2,18.31975483642435,17.5192786492025
20000000.0,98.0,0.69162,4.9,7.0,Comedy,2297493.0,1981,7,3,14.647329521674292,16.811242881518265
23000000.0,114.0,12.593734,5.9,67.0,Drama,18653615.0,1999,11,4,16.74155057265983,16.951004817371683
10000000.0,130.0,8.559088,6.8,842.0,Fantasy,30652890.0,1999,11,4,17.23823753889999,16.118095750958314
60000000.0,148.0,9.471838,6.2,373.0,Adventure,66976317.0,1999,10,4,18.019849652186014,17.909855136853043
30000000.0,75.0,7.556826,6.7,336.0,Animation,163644662.0,1998,7,3,18.913207946097362,17.216707972959764
10000000.0,178.0,10.770928,7.3,237.0,Action,50100000.0,1962,9,3,17.729531586015174,16.118095750958314
25485000.0,144.0,7.262326,6.9,150.0,History,29548291.0,1970,1,1,17.201536499807467,17.053600640995047
700000.0,88.0,5.470331,7.6,149.0,Comedy,7179298.0,1988,3,1,15.786712303946084,13.45883704259595
16000000.0,129.0,9.596883,7.4,132.0,Drama,53977250.0,1982,12,4,17.80407323798836,16.588099342704055
100000000.0,105.0,11.072361,6.9,1774.0,Drama,206071502.0,1999,11,4,19.14373376846966,18.420680753952364
135000000.0,128.0,12.130127,6.0,878.0,Adventure,361832400.0,1999,11,4,19.70669168191842,18.72078534381011
8272296.0,101.0,10.000915,7.4,337.0,Comedy,67872296.0,1999,4,2,18.03313851222099,15.928422779341124
133000.0,93.0,13.233136,8.0,404.0,Drama,361712.0,1948,11,4,12.798606358682203,11.798111925972618
4000000.0,132.0,3.350126,7.2,33.0,Drama,1680358.0,1987,8,3,14.334518019027074,15.201805169084134
28000000.0,137.0,12.319855,7.0,162.0,Drama,47951979.0,1984,5,2,17.685710651454745,17.147715103853763
14000000.0,119.0,14.260779,6.6,305.0,Romance,320145693.0,1987,9,3,19.584286743893294,16.454567959008102
23000000.0,104.0,1.914881,5.7,26.0,Drama,5820015.0,1990,2,1,15.576813568844734,16.951004817371683
30000000.0,126.0,5.564321,7.2,241.0,Adventure,38413606.0,1988,7,3,17.463922303749523,17.216707972959764
75000000.0,137.0,9.883727,6.4,360.0,Action,152368585.0,1991,5,2,18.841813051360475,18.132998684833918
24000000.0,137.0,11.184385,7.2,346.0,Comedy,41895491.0,1991,9,3,17.550688789605395,16.993564429978885
18000000.0,122.0,6.303384,6.5,21.0,Drama,11500000.0,1984,12,4,16.257857680289998,16.705882371415992
100000000.0,121.0,9.62371,5.5,488.0,Action,211989043.0,1999,11,4,19.172045152055585,18.420680753952364
90000000.0,92.0,17.547693,7.3,3914.0,Animation,497366869.0,1999,10,4,20.02483848076224,18.31532023940565
38000000.0,138.0,7.059308,6.6,49.0,Drama,635096.0,1999,11,4,13.361533022114346,17.453096744006448
312000.0,102.0,0.88888,6.2,11.0,Comedy,1281176.0,1999,11,4,14.063289744635927,12.650761671914688
23000000.0,102.0,6.200344,6.6,56.0,Drama,10827816.0,1999,12,4,16.19762902894551,16.951004817371683
47000000.0,125.0,5.507082,5.3,113.0,Comedy,15691192.0,1990,12,4,16.56861015751017,17.665658180950928
19000000.0,138.0,4.476578,6.2,48.0,Crime,10000000.0,1990,8,3,16.118095750958314,16.759949589762293
17000000.0,88.0,6.567794,5.4,314.0,Comedy,65535067.0,1999,12,4,17.998095946648732,16.648723960844016
60000000.0,189.0,19.96678,8.2,4166.0,Fantasy,284600000.0,1999,12,4,19.46659524713373,17.909855136853043
24000000.0,126.0,9.526781,6.9,285.0,Drama,88545092.0,1999,12,4,18.299022505637886,16.993564429978885
1300000.0,118.0,5.961382,7.6,133.0,Drama,29133000.0,1971,10,4,17.187382144569934,14.077875591662238
100000000.0,131.0,9.369918,6.9,998.0,Comedy,93700000.0,1999,12,4,18.355608757881008,18.420680753952364
133000000.0,84.0,8.3595,5.8,998.0,Animation,300135367.0,1999,12,4,19.519744157515003,18.705859693704824
80000000.0,74.0,14.972573,7.0,300.0,Animation,90874570.0,1999,12,4,18.324990773036525,18.197537205138154
37000000.0,188.0,9.091636,7.5,844.0,Drama,48451803.0,1999,12,4,17.696080129869998,17.426428497635523
14000000.0,104.0,7.171138,5.8,26.0,Drama,206128.0,1999,12,4,12.236257465374036,16.454567959008102
10000000.0,106.0,3.143748,5.3,6.0,Comedy,929606.0,1999,9,3,13.742517195171915,16.118095750958314
55000000.0,163.0,10.571434,6.8,430.0,Drama,100230832.0,1999,12,4,18.42298641385148,17.822843761378564
82000000.0,118.0,13.217419,6.9,444.0,Comedy,47434430.0,1999,12,4,17.674858915375093,18.22222981742365
45000000.0,102.0,15.831374,6.9,722.0,Comedy,90683916.0,1999,12,4,18.322890578524238,17.622173069956816
40000000.0,139.0,11.65502,7.1,790.0,Thriller,128798265.0,1999,12,4,18.673757908810984,17.50439003707821
11000000.0,98.0,10.06545,6.5,145.0,Comedy,59827328.0,2000,1,1,17.906973121214072,16.213405921671733
50000000.0,146.0,5.716009,7.2,401.0,Drama,73956241.0,1999,9,3,18.11898415194294,17.72753358339242
25.0,145.0,4.496585,7.0,59.0,Drama,13.0,1999,12,4,2.6390573296152584,3.258096538021482
24000000.0,124.0,4.347609,5.7,53.0,Comedy,8434146.0,1999,12,4,15.947799142588968,16.993564429978885
90000000.0,91.0,5.496624,4.9,109.0,Horror,14828081.0,2000,1,1,16.5120333733157,18.31532023940565
24554.0,95.0,0.154526,8.1,4.0,Drama,140021.0,1998,9,3,11.849554832102939,10.108670778473344
12000000.0,151.0,15.698433,7.8,445.0,Crime,53267000.0,1973,12,4,17.790827579204386,16.300417291085605
10000000.0,96.0,13.464246,6.6,178.0,Crime,7825000.0,1989,4,2,15.87283442218601,16.118095750958314
4500000.0,90.0,14.658885,7.0,330.0,Comedy,27092880.0,1982,8,3,17.11478155761295,15.319588176962746
15000000.0,120.0,3.970538,6.4,49.0,Drama,6908797.0,1988,11,4,15.748306229816711,16.52356082573315
6000000.0,76.0,7.29114,7.4,218.0,Action,5617391.0,1993,12,4,15.541378057222628,15.607270193858982
250000.0,85.0,1.924535,6.4,15.0,Drama,609524.0,1991,4,2,13.320435244289515,12.429220196836383
36000000.0,95.0,0.907927,4.6,14.0,Drama,3003296.0,2000,1,1,14.915221243173978,17.399029524198163
34000000.0,202.0,14.207001,7.3,377.0,Drama,48169908.0,1992,11,4,17.690245089462,17.341871111992198
31000000.0,100.0,18.83065,6.5,713.0,Music,231605150.0,1992,5,2,19.26054454434843,17.249497794707484
38000000.0,107.0,12.986842,5.9,384.0,Music,57319029.0,1993,12,4,17.86414323824093,17.453096744006448
11700000.0,110.0,6.672715,6.5,196.0,Thriller,88036683.0,1992,1,1,18.29326414921534,16.275099485238066
32000000.0,120.0,8.662287,6.7,383.0,Action,36733909.0,1993,1,1,17.419210864621338,17.281246492014
31000000.0,157.0,14.505987,7.3,763.0,Drama,134095253.0,1992,12,4,18.714060956126733,17.249497794707484
20000000.0,94.0,10.180776,6.5,738.0,Music,121697323.0,1992,2,1,18.617047569219704,16.811242881518265
40000000.0,128.0,10.852038,6.8,362.0,Comedy,107458785.0,1992,7,3,18.49261794597426,17.50439003707821
45000000.0,117.0,11.075674,6.4,440.0,Drama,178051587.0,1992,6,2,18.99758388649131,17.622173069956816
25000000.0,129.0,9.805017,6.2,681.0,Thriller,411006740.0,1992,11,4,19.83412017378586,17.034386422832473
55000000.0,104.0,11.017417,6.3,655.0,Fantasy,149022650.0,1992,7,3,18.819608872490072,17.822843761378564
60000000.0,140.0,7.472753,6.3,294.0,Adventure,137783840.0,1992,5,2,18.74119664551691,17.909855136853043
10000000.0,134.0,8.736538,7.3,429.0,Drama,4160851.0,1992,6,2,15.241230418959521,16.118095750958314
7000000.0,86.0,4.941989,5.3,192.0,Action,16624456.0,1992,7,3,16.626385482318653,15.76142084987672
220000.0,81.0,9.972591,6.6,243.0,Action,2040920.0,1992,9,3,14.528911734526451,12.301387370778713
1000000.0,96.0,6.417037,6.9,162.0,Crime,2019469.0,1992,9,3,14.518345658713097,13.815511557963774
40000000.0,116.0,9.738371,5.7,749.0,Horror,161834276.0,2000,2,1,18.9020833881125,17.50439003707821
16000000.0,107.0,7.246119,6.0,139.0,Thriller,48017402.0,1992,8,3,17.687074065662262,16.588099342704055
6000000.0,108.0,12.457908,7.2,848.0,Action,30471.0,1999,1,1,10.32456350815844,15.607270193858982
10000000.0,101.0,6.370105,5.4,24.0,Action,1631839.0,2000,2,1,14.305218770484345,16.118095750958314
40000000.0,119.0,14.430311,6.3,1271.0,Drama,144056873.0,2000,2,1,18.785718737898097,17.50439003707821
30000000.0,77.0,7.023414,6.3,146.0,Animation,45554533.0,2000,2,1,17.634420715684733,17.216707972959764
200000.0,93.0,0.06431,4.5,1.0,Drama,1160268.0,2000,2,1,13.964162432750422,12.206077645517674
26000000.0,118.0,8.518425,6.5,202.0,Crime,28780255.0,2000,2,1,17.175200154449954,17.073607134447293
40000000.0,94.0,6.474767,5.0,42.0,Comedy,36037909.0,2000,2,1,17.400081997901886,17.50439003707821
23000000.0,108.0,6.424399,6.7,1812.0,Thriller,53187659.0,2000,2,1,17.78933697251896,16.951004817371683
41300000.0,98.0,12.061521,6.3,540.0,Comedy,106371651.0,2000,2,1,18.48244967080199,17.536373082144337
1500000.0,87.0,10.891524,8.2,444.0,Comedy,19181.0,1931,1,1,9.861727618287896,14.220976332738882
250000.0,68.0,8.168456,8.0,404.0,Comedy,2500000.0,1921,1,1,14.731801689838349,12.429220196836383
42000000.0,124.0,12.11759,5.3,175.0,Thriller,32168970.0,2000,2,1,17.286512912380974,17.553180200057167
6000000.0,82.0,0.651625,5.9,15.0,Action,9000000.0,2000,3,1,16.012735246411598,15.607270193858982
16000000.0,96.0,4.372616,5.4,43.0,Comedy,15427192.0,2000,3,1,16.5516422894493,16.588099342704055
25000000.0,108.0,2.971999,4.3,29.0,Comedy,24362772.0,2000,3,1,17.008566828481705,17.034386422832473
2053648.0,102.0,2.691433,7.8,17.0,Documentary,500000.0,1999,10,4,13.122365377402328,14.535128768792003
12000000.0,120.0,16.243093,6.9,112.0,Drama,1400000.0,1984,12,4,14.151983508870947,16.300417291085605
24500.0,67.0,1.783412,5.3,26.0,Horror,4000000.0,1963,6,2,15.201805169084134,10.106469212026385
90000000.0,114.0,9.021107,5.7,374.0,Science Fiction,60874615.0,2000,3,1,17.92432683133892,18.31532023940565
38000000.0,133.0,11.316349,6.3,768.0,Horror,58401898.0,1999,8,3,17.882858964393073,17.453096744006448
2300000.0,100.0,4.806374,7.4,80.0,Drama,20000000.0,1979,5,2,16.811242881518265,14.648420115681892
9000000.0,114.0,6.484495,7.1,143.0,Drama,28607524.0,1986,11,4,17.16918035307033,16.012735246411598
7000000.0,108.0,6.924072,6.6,154.0,Comedy,50888000.0,1988,6,2,17.745137716991774,15.76142084987672
1800000.0,125.0,7.530126,7.6,685.0,Crime,46665856.0,1975,8,3,17.658523341754957,14.403297778421795
777000.0,110.0,9.188584,6.9,330.0,Comedy,140000000.0,1973,8,3,18.757152987716434,13.563196916350243
40000000.0,189.0,13.813146,7.5,513.0,Drama,205405498.0,1991,12,4,19.14049662725226,17.50439003707821
18000000.0,95.0,6.696292,5.6,115.0,Comedy,39321715.0,1987,3,1,17.48728749420347,16.705882371415992
12000000.0,83.0,7.569698,5.5,21.0,Action,5669831.0,1987,8,3,15.55067004563534,16.300417291085605
1805000.0,98.0,12.90707,6.2,27.0,Drama,4905000.0,1953,4,2,15.405765854855177,14.406071703765585
52000000.0,131.0,10.135446,7.1,730.0,Drama,256271286.0,2000,3,1,19.36174715618618,17.76675429577647
23000000.0,98.0,14.961416,6.4,1416.0,Horror,53302314.0,2000,3,1,17.791490321588743,16.951004817371683
16000000.0,130.0,14.785388,7.2,766.0,Drama,45361000.0,1991,5,2,17.63016328504151,16.588099342704055
2700000.0,109.0,7.525382,7.0,420.0,Comedy,141000000.0,1978,7,3,18.76427045543464,14.80876270134486
6500000.0,120.0,10.465403,7.6,301.0,Drama,37295445.0,1989,6,2,17.4343817860075,15.687312888712007
10000000.0,129.0,2.715137,6.3,48.0,Drama,16153593.0,1990,8,3,16.597653121574567,16.118095750958314
14000000.0,132.0,7.701918,6.0,71.0,Drama,32482682.0,1991,6,2,17.296217674525977,16.454567959008102
3000000.0,93.0,12.968011,7.0,165.0,Action,22000000.0,1974,7,3,16.906553056777135,14.914123179965662
2000000.0,88.0,7.965003,6.1,74.0,Action,45000000.0,1982,2,1,17.622173069956816,14.508658238524095
9000000.0,92.0,12.829904,6.1,68.0,Action,16945171.0,1985,11,4,16.645493513458643,16.012735246411598
5000000.0,95.0,3.595599,5.0,46.0,Action,1702394.0,1994,1,1,14.347546641095073,15.424948670398354
927262.0,107.0,6.49432,8.0,425.0,Drama,2500000.0,1944,4,2,14.731801689838349,13.739992515205028
6000000.0,91.0,2.329486,4.7,27.0,Drama,1193062.0,1991,10,4,13.992034507732697,15.607270193858982
13500000.0,93.0,13.184585,6.5,486.0,Science Fiction,202000000.0,1990,3,1,19.123778260315973,16.41820031748273
25000000.0,88.0,7.994266,5.8,290.0,Science Fiction,78000000.0,1991,3,1,18.17221939747438,17.034386422832473
21000000.0,96.0,8.13688,5.1,189.0,Action,42000000.0,1993,3,1,17.553180200057167,16.860033043306743
4200000.0,114.0,8.233168,6.4,217.0,Action,38376497.0,1984,8,3,17.462955798940374,15.250595321348806
8700000.0,109.0,4.397712,6.9,14.0,Action,4865912.0,1986,4,2,15.397764923004242,15.978833698567334
1500000.0,92.0,8.822276,6.6,370.0,Action,11806119.0,1988,2,1,16.28412859905434,14.220976332738882
7000000.0,104.0,3.705714,5.7,46.0,Drama,20000000.0,1978,8,3,16.811242881518265,15.76142084987672
13000000.0,121.0,9.023282,7.1,658.0,Comedy,123922370.0,1987,12,4,18.635165887201662,16.380459992348886
4000000.0,108.0,5.032469,7.6,174.0,Comedy,56666667.0,1967,12,4,17.852696729875838,15.201805169084134
25000000.0,115.0,8.369176,6.0,334.0,Action,91036760.0,2000,3,1,18.326773949941376,17.034386422832473
15000000.0,94.0,3.550711,5.1,38.0,Drama,9902115.0,2000,3,1,16.108259029639978,16.52356082573315
8500000.0,105.0,1.241671,6.5,22.0,Drama,327418.0,2000,3,1,12.698995975222495,15.955576839107596
1.0,87.0,8.159556,8.1,881.0,Drama,8500000.0,1936,2,1,15.955576839107596,0.6931471805599453
2500000.0,112.0,4.526285,7.4,69.0,Action,10000000.0,1963,5,2,16.118095750958314,14.731801689838349
2000000.0,134.0,9.333533,7.6,243.0,Drama,7600000.0,1961,9,3,15.843658936835498,14.508658238524095
20000000.0,135.0,10.610446,7.2,1122.0,Science Fiction,303788635.0,1977,11,4,19.531842741238037,16.811242881518265
25000000.0,113.0,8.176863,7.3,376.0,Drama,25965144.0,1990,11,4,17.072265619685556,17.034386422832473
6500000.0,108.0,6.476534,6.8,120.0,Drama,54215416.0,1987,7,3,17.808475872457105,15.687312888712007
20000000.0,121.0,8.157587,6.8,264.0,Adventure,18432000.0,1985,3,1,16.729598896731225,16.811242881518265
6000000.0,108.0,4.57535,6.4,53.0,Comedy,8200000.0,1986,3,1,15.919644834185693,15.607270193858982
30000000.0,113.0,8.524956,7.0,636.0,Comedy,47126295.0,2000,3,1,17.668341704680554,17.216707972959764
95000000.0,89.0,8.755188,7.0,892.0,Adventure,76432727.0,2000,3,1,18.151921539372882,18.36938746009113
15000000.0,106.0,11.363754,5.7,160.0,Crime,35007180.0,2000,3,1,17.37106376983748,16.52356082573315
4653000.0,120.0,7.070669,7.2,96.0,Western,6000000.0,1966,12,4,15.607270193858982,15.353022945741872
70000000.0,144.0,14.508137,6.7,1563.0,Adventure,300854823.0,1991,12,4,19.522138394070804,18.064005814299346
2300000.0,121.0,7.186048,7.6,309.0,Drama,35000000.0,1978,9,3,17.370858648025116,14.648420115681892
20000000.0,107.0,15.020845,7.6,1085.0,Drama,61276872.0,1990,11,4,17.93091305402675,16.811242881518265
43000000.0,119.0,0.987196,5.2,17.0,Drama,13300000.0,1992,9,3,16.40327466837995,17.57671069691365
13000000.0,107.0,1.46034,5.7,14.0,Comedy,30867525.0,1985,12,4,17.245215250733555,16.380459992348886
3800000.0,121.0,13.180457,7.8,391.0,Drama,23689877.0,1976,11,4,16.98055842626945,15.150511887854474
15000000.0,114.0,11.457803,6.9,155.0,Action,35509515.0,1987,8,3,17.385311274862993,16.52356082573315
3700000.0,135.0,5.849522,7.4,303.0,Drama,31800000.0,1976,6,2,17.274976879196945,15.123843647884687
10000000.0,98.0,1.191035,4.6,20.0,Drama,5241315.0,1999,9,3,15.472083169803756,16.118095750958314
31000000.0,118.0,10.163266,7.0,473.0,Crime,68106245.0,2000,4,2,18.036579484975572,17.249497794707484
24000000.0,107.0,3.69298,4.7,51.0,Action,12372410.0,2000,4,2,16.330979632409907,16.993564429978885
24000000.0,115.0,5.269733,6.1,68.0,Romance,36609995.0,2000,4,2,17.41583187583665,16.993564429978885
60000000.0,128.0,10.278274,6.0,178.0,Action,71000000.0,2000,4,2,18.078190449090098,17.909855136853043
5000000.0,118.0,5.05047,6.4,94.0,Action,7230000.0,1978,11,4,15.793749732447525,15.424948670398354
7000000.0,97.0,14.911301,6.5,125.0,Comedy,95461682.0,1981,7,3,18.374235499807728,15.76142084987672
6000000.0,105.0,5.511756,5.8,156.0,Comedy,38435947.0,1984,6,2,17.464503725480057,15.607270193858982
18000000.0,107.0,18.495694,7.3,2129.0,Science Fiction,98235548.0,1987,6,2,18.40287871392627,16.705882371415992
30000000.0,132.0,2.960942,5.9,57.0,Drama,74787599.0,1991,12,4,18.130162653801374,17.216707972959764
7000000.0,102.0,13.686715,7.3,2128.0,Thriller,34266564.0,2000,4,2,17.34968065538676,15.76142084987672
30000000.0,127.0,6.045585,5.9,161.0,Comedy,37036004.0,2000,4,2,17.427401105553844,17.216707972959764
3800000.0,97.0,5.138367,6.5,60.0,Comedy,28200000.0,1999,5,2,17.154832571369333,15.150511887854474
6500000.0,125.0,6.006812,7.2,227.0,Thriller,21709020.0,1976,10,4,16.893238446411157,15.687312888712007
6000000.0,98.0,10.451986,6.7,370.0,Comedy,39846344.0,1980,7,3,17.500541240048012,15.607270193858982
14000000.0,90.0,8.25719,5.6,70.0,Drama,5108820.0,2000,4,2,15.446479211488544,16.454567959008102
20000000.0,124.0,5.733227,7.5,93.0,Action,27728118.0,2000,4,2,17.137957582619023,16.811242881518265
62000000.0,116.0,7.879924,6.1,345.0,Action,127666415.0,2000,4,2,18.664931295028406,17.9426449591384
6000000.0,97.0,10.505387,7.1,841.0,Drama,10409377.0,1999,4,2,16.15821768856588,15.607270193858982
20000000.0,124.0,4.620936,5.8,74.0,Crime,11390479.0,1992,11,4,16.24828847676543,16.811242881518265
83000000.0,90.0,6.053595,4.4,140.0,Science Fiction,59468275.0,2000,4,2,17.90095355185615,18.234351177809064
15000000.0,120.0,5.833133,6.9,159.0,Comedy,33771174.0,2000,4,2,17.335118185952478,16.52356082573315
7000000.0,90.0,4.896026,6.8,91.0,Comedy,3728888.0,2000,4,2,15.131620892024438,15.76142084987672
2500000.0,117.0,9.174221,6.7,107.0,Drama,7235.0,1998,4,2,8.886823846515187,14.731801689838349
1000000.0,83.0,0.293373,3.9,21.0,Horror,1753979.0,1993,5,2,14.377398049340705,13.815511557963774
103000000.0,155.0,23.186667,7.9,5566.0,Action,457640427.0,2000,5,2,19.941594342029514,18.450239555902648
600000.0,99.0,4.988283,6.8,98.0,Comedy,4000000.0,1999,6,2,15.201805169084134,13.304686600863562
160000.0,86.0,1.391503,5.7,18.0,Drama,4000000.0,1974,5,2,15.201805169084134,11.982935344196433
44000000.0,118.0,5.276926,3.0,259.0,Action,21400000.0,2000,5,2,16.87890152672105,17.599700214609808
18000000.0,115.0,10.491734,6.8,95.0,Drama,17200925.0,2000,5,2,16.660473777543814,16.705882371415992
2000000.0,112.0,12.896203,6.0,35.0,Drama,1568749.0,2000,5,2,14.26578968186223,14.508658238524095
6000000.0,90.0,11.461437,6.6,239.0,Adventure,40940662.0,1985,7,3,17.527634332497165,15.607270193858982
127500000.0,82.0,9.998415,6.2,563.0,Animation,354248063.0,2000,5,2,19.685507971453088,18.663626930405893
16000000.0,93.0,8.00158,5.9,550.0,Comedy,119754278.0,2000,5,2,18.600952526393517,16.588099342704055
2500000.0,91.0,2.599219,6.4,18.0,Comedy,10000000.0,1980,5,2,16.118095750958314,14.731801689838349
2000000.0,93.0,0.228526,3.4,5.0,Drama,458815.0,1997,9,3,13.036404537212544,14.508658238524095
125000000.0,123.0,18.97178,5.9,1966.0,Adventure,546388105.0,2000,5,2,20.118840098048352,18.643824303266577
55000000.0,110.0,10.308442,6.2,756.0,Adventure,56932305.0,2000,5,2,17.857373505991344,17.822843761378564
923000.0,95.0,6.202041,7.7,308.0,Adventure,2500000.0,1925,6,2,14.731801689838349,13.73538559690802
6500000.0,142.0,9.356264,6.5,464.0,Adventure,81974493.0,1969,12,4,18.221918708062333,15.687312888712007
14000000.0,125.0,9.781451,6.6,515.0,Adventure,185438673.0,1977,7,3,19.038234786969323,16.454567959008102
34000000.0,126.0,10.576273,5.9,551.0,Action,210308099.0,1979,6,2,19.164084156336326,17.341871111992198
7000000.0,125.0,12.127492,6.4,533.0,Adventure,97572000.0,1974,12,4,18.396101135226818,15.76142084987672
30000000.0,98.0,7.978985,5.6,514.0,Crime,173959438.0,2000,5,2,18.97433272080923,17.216707972959764
4800000.0,117.0,11.53267,5.9,137.0,Thriller,22743674.0,1980,2,1,16.939797642727935,15.38412668421143
6000000.0,158.0,8.522673,7.3,191.0,Action,28900000.0,1961,4,2,17.179352187684735,15.607270193858982
25000000.0,87.0,13.72021,6.0,51.0,Comedy,10736401.0,1992,8,3,16.18915058160585,17.034386422832473
2600000.0,93.0,13.233262,7.2,619.0,Western,119500000.0,1974,2,1,18.59882693770404,14.77102238760702
10000.0,89.0,7.871001,7.5,500.0,Drama,7000000.0,1977,3,1,15.76142084987672,9.210440366976517
600000.0,132.0,13.295342,7.8,988.0,Western,15000000.0,1965,12,4,16.52356082573315,13.304686600863562
26000000.0,115.0,11.890138,6.3,413.0,Drama,61489265.0,1990,8,3,17.934373180958097,17.073607134447293
4000000.0,94.0,12.650546,6.1,185.0,Comedy,125728258.0,1981,11,4,18.64963346134075,15.201805169084134
6500000.0,98.0,5.269838,5.2,61.0,Comedy,33759266.0,1983,6,2,17.33476551537101,15.687312888712007
9000000.0,92.0,3.208108,5.0,48.0,Comedy,20518905.0,1985,3,1,16.836857263005452,16.012735246411598
35000000.0,108.0,11.736241,6.0,743.0,Science Fiction,57120318.0,1990,11,4,17.8606704607139,17.370858648025116
27000000.0,101.0,9.389976,6.4,713.0,Action,38122105.0,1987,11,4,17.456304881813956,17.11134746100564
22000000.0,115.0,9.763928,6.6,219.0,Action,28744356.0,1984,12,4,17.173952027681665,16.906553056777135
16000000.0,91.0,15.133316,5.9,81.0,Crime,32155047.0,1988,10,4,17.286080010319385,16.588099342704055
400000.0,93.0,11.412619,6.6,1235.0,Adventure,100000000.0,1979,4,2,18.420680753952364,12.899222326086994
2000000.0,95.0,11.189831,7.3,981.0,Adventure,24600832.0,1981,12,4,17.01829086211791,14.508658238524095
12305523.0,107.0,12.689648,5.9,765.0,Action,36230219.0,1985,6,2,17.405404135168585,16.325558825215925
17000000.0,113.0,7.290872,7.0,326.0,Horror,17185632.0,1987,3,1,16.659584302036347,16.648723960844016
17000000.0,117.0,6.706262,5.8,183.0,Drama,6735922.0,1986,2,1,15.722965403722574,16.648723960844016
15000000.0,114.0,7.048087,5.9,174.0,Fantasy,17080167.0,1984,5,2,16.6534285823419,16.52356082573315
7000000.0,96.0,14.054862,4.9,51.0,Action,20256975.0,1988,2,1,16.82400978601961,15.76142084987672
90000000.0,118.0,14.091765,6.1,1511.0,Action,237202299.0,2000,6,2,19.28442392149952,18.31532023940565
13000000.0,93.0,5.867426,5.4,14.0,Comedy,299792.0,2000,3,1,12.610847515478778,16.380459992348886
4000000.0,100.0,3.73688,6.5,68.0,Adventure,12121618.0,1971,7,3,16.3105011105424,15.201805169084134
1600000.0,113.0,13.245638,7.5,377.0,Crime,4420000.0,1974,4,2,15.3016504802982,14.285514812209815
5500000.0,118.0,11.844029,6.2,73.0,Horror,24000000.0,1978,3,1,16.993564429978885,15.520258832020865
3000000.0,129.0,12.842165,7.5,429.0,Crime,29800000.0,1973,12,4,17.21001898503268,14.914123179965662
1821052.0,111.0,11.046411,7.9,128.0,Drama,1300000.0,1951,6,2,14.077875591662238,14.414925463173631
3000000.0,110.0,4.506948,6.4,70.0,Crime,12800000.0,1974,4,2,16.36495580701484,14.914123179965662
25000000.0,99.0,11.109932,7.1,727.0,Action,11000000.0,1986,5,2,16.213405921671733,17.034386422832473
16000000.0,94.0,10.070988,5.4,107.0,Comedy,20627372.0,2000,6,2,16.842129538112207,16.588099342704055
46000000.0,99.0,7.420019,5.5,316.0,Action,107196498.0,2000,6,2,18.490174147485583,17.6441519761925
75000000.0,94.0,7.515631,6.3,320.0,Animation,36754634.0,2000,6,2,17.419774898119332,18.132998684833918
3000000.0,96.0,2.753674,7.2,44.0,Drama,6000000.0,1999,9,3,15.607270193858982,14.914123179965662
45000000.0,84.0,11.834245,6.5,1190.0,Animation,224834564.0,2000,6,2,19.23087542306092,17.622173069956816
51000000.0,116.0,9.95456,6.1,956.0,Comedy,149270999.0,2000,6,2,18.82127400385676,17.747336210296442
110000000.0,165.0,15.960788,6.8,1130.0,Drama,215294342.0,2000,6,2,19.187516687024235,18.5159909328476
76000000.0,88.0,11.880936,3.9,89.0,Action,35134820.0,2000,6,2,17.37470324796048,18.1462439114085
120000000.0,130.0,18.911961,6.2,609.0,Drama,325756637.0,2000,3,1,19.601661151351784,18.603002309079653
1500000.0,101.0,6.241185,5.2,107.0,Action,22812411.0,1984,11,4,16.9428153317653,14.220976332738882
2410000.0,100.0,9.110348,5.0,65.0,Action,10755447.0,1985,3,1,16.190922974860587,14.69513772040451
2500000.0,100.0,2.291511,6.1,52.0,Comedy,26386000.0,1990,3,1,17.088344162324745,14.731801689838349
2142000.0,112.0,1.424722,5.4,6.0,Adventure,1458000.0,1973,6,2,14.192576877421562,14.57725099684313
1978000.0,104.0,0.760855,6.1,7.0,Action,10000000.0,1972,6,2,16.118095750958314,14.49759729672584
65000000.0,104.0,15.045725,6.0,242.0,Fantasy,69700000.0,2000,7,3,18.059710890077955,17.989897843244528
19000000.0,88.0,12.446738,6.0,1468.0,Comedy,278019771.0,2000,7,3,19.443202791428,16.759949589762293
1200000.0,85.0,4.928139,6.5,101.0,Comedy,2600000.0,1999,9,3,14.77102238760702,13.997832948091215
8200000.0,107.0,10.403992,6.4,525.0,Drama,80035402.0,1984,2,1,18.197979632247314,15.919644834185693
6000000.0,144.0,8.441279,6.2,38.0,Western,20400000.0,1946,12,4,16.83104550783405,15.607270193858982
75000000.0,104.0,0.954467,6.8,4172.0,Adventure,296339527.0,2000,7,3,19.507016408978526,18.132998684833918
15000000.0,105.0,1.991904,4.7,15.0,Thriller,5217498.0,2000,7,3,15.467528726270801,16.52356082573315
100000000.0,130.0,9.500497,6.3,504.0,Drama,155464351.0,2000,7,3,18.861927015713892,18.420680753952364
30000000.0,84.0,7.554848,6.4,201.0,Adventure,133949270.0,1999,7,3,18.712971711610855,17.216707972959764
3500000.0,113.0,3.502655,6.3,39.0,Action,16000000.0,1977,7,3,16.588099342704055,15.068273812173887
35000000.0,100.0,11.787942,6.7,265.0,Comedy,63710000.0,1991,5,2,17.969852109788793,17.370858648025116
2000000.0,88.0,5.378481,6.6,218.0,Comedy,18016290.0,1972,8,3,16.706786962100164,14.508658238524095
3000000.0,85.0,5.165666,7.5,176.0,History,20173742.0,1975,6,2,16.819892465346545,14.914123179965662
84000000.0,106.0,6.671316,4.7,338.0,Fantasy,123307945.0,2000,7,3,18.630195410502562,18.24632736871235
45000000.0,100.0,15.650836,5.8,590.0,Comedy,113916474.0,2000,7,3,18.550976062382347,17.622173069956816
95000000.0,112.0,7.912103,5.6,645.0,Action,190213455.0,2000,8,3,19.063657452155688,18.36938746009113
65000000.0,130.0,7.45761,6.3,407.0,Action,128884132.0,2000,7,3,18.674424364909743,17.989897843244528
10000000.0,93.0,5.13955,6.3,115.0,Crime,26330482.0,2000,1,1,17.08623787539843,16.118095750958314
6000000.0,89.0,8.976337,5.5,65.0,Drama,13609396.0,1993,4,2,16.42627106798852,15.607270193858982
4000000.0,144.0,8.418662,7.2,191.0,Adventure,5200000.0,1970,6,2,15.46416937585933,15.201805169084134
3000000.0,97.0,8.733192,6.3,97.0,Action,7282851.0,1988,7,3,15.801033101697403,14.914123179965662
3500000.0,86.0,11.841506,5.9,108.0,Fantasy,4385516.0,1988,6,2,15.29381807877696,15.068273812173887
30000000.0,101.0,3.034244,5.2,12.0,Drama,3180674.0,1994,10,4,14.972603996382455,17.216707972959764
33000000.0,107.0,13.234894,6.0,442.0,Horror,104155843.0,2000,8,3,18.461398835474892,17.312018149733785
1000000.0,107.0,2.80298,5.9,44.0,Adventure,10037390.0,1999,12,4,16.12182777790048,13.815511557963774
12000000.0,85.0,15.698222,7.1,1020.0,Comedy,78756177.0,1988,12,4,18.181867283386566,16.300417291085605
23000000.0,85.0,9.794569,6.6,556.0,Comedy,86930411.0,1991,6,2,18.28061849448955,16.951004817371683
3100000.0,118.0,6.63816,7.3,143.0,Drama,20000000.0,1953,4,2,16.811242881518265,14.946912992035967
35000000.0,124.0,11.932675,4.7,108.0,Adventure,14296438.0,1984,11,4,16.475521043240242,17.370858648025116
40000000.0,117.0,9.800232,5.6,136.0,Crime,30199105.0,2000,8,3,17.223322879257925,17.50439003707821
28000000.0,98.0,6.402888,5.8,574.0,Comedy,90449929.0,2000,8,3,18.32030699589704,17.147715103853763
25000000.0,87.0,11.430964,4.4,107.0,Action,15843608.0,2000,9,3,16.578276759307847,17.034386422832473
8500000.0,119.0,6.03633,6.4,106.0,Action,19125401.0,2000,9,3,16.766527957063808,15.955576839107596
60000000.0,122.0,9.086699,7.4,807.0,Drama,47383689.0,2000,9,3,17.67378863462478,17.909855136853043
25000000.0,110.0,11.839267,6.4,104.0,Mystery,260562.0,2000,9,3,12.470599953546714,17.034386422832473
14000000.0,97.0,12.243528,4.4,102.0,Horror,38574362.0,2000,9,3,17.468098442791344,16.454567959008102
12800000.0,140.0,10.684806,7.7,392.0,Drama,40031879.0,2000,5,2,17.505186694642365,16.36495580701484
1000000.0,94.0,1.795849,6.3,26.0,Comedy,1744858.0,2000,2,1,14.372184308061719,13.815511557963774
30000000.0,113.0,6.587726,7.4,835.0,Drama,136706683.0,2000,9,3,18.733348195890205,17.216707972959764
1000000.0,94.0,10.81305,6.9,464.0,Horror,14564027.0,1987,9,3,16.494065210824363,13.815511557963774
3000000.0,97.0,8.541732,6.3,227.0,Horror,12090735.0,1988,12,4,16.307950097495713,14.914123179965662
5000000.0,93.0,6.546551,5.3,160.0,Horror,12534961.0,1992,9,3,16.344032258058167,15.424948670398354
1580000.0,105.0,3.013584,5.4,35.0,Adventure,7000000.0,1961,7,3,15.76142084987672,14.272936037914342
5115000.0,100.0,12.53841,6.7,108.0,Adventure,12000000.0,1966,8,3,16.300417291085605,15.447688152871265
63600000.0,102.0,6.047757,4.8,147.0,Action,19412993.0,2000,10,4,16.781453193636224,17.968124044033623
55000000.0,108.0,14.178281,6.6,1743.0,Comedy,330444045.0,2000,10,4,19.615947901863972,17.822843761378564
4500000.0,102.0,6.874828,7.9,2525.0,Crime,7390108.0,2000,10,4,15.815653042477315,15.319588176962746
24000000.0,84.0,3.755409,5.7,35.0,Comedy,13700000.0,2000,10,4,16.432906463791053,16.993564429978885
1000000.0,81.0,4.734765,4.2,58.0,Comedy,35000000.0,1984,11,4,17.370858648025116,13.815511557963774
5000000.0,110.0,12.158424,7.4,774.0,Drama,110000000.0,2000,5,2,18.5159909328476,15.424948670398354
48000000.0,93.0,8.781588,5.6,526.0,Fantasy,90383208.0,2000,10,4,18.31956906695994,17.6867115897055
40000000.0,122.0,10.479723,7.0,447.0,Drama,55707411.0,2000,10,4,17.835623766062437,17.50439003707821
22000000.0,95.0,9.41834,6.0,79.0,Family,13555988.0,2000,10,4,16.422339000259946,16.906553056777135
92000000.0,98.0,9.774985,5.6,1253.0,Action,264105545.0,2000,11,4,19.391859376668226,18.33729914588288
80000000.0,126.0,9.034884,6.4,259.0,Fantasy,39459427.0,2000,11,4,17.49078356276184,18.197537205138154
32000000.0,129.0,7.177649,7.0,556.0,Drama,48814909.0,2000,9,3,17.703546356944624,17.281246492014
80000000.0,106.0,8.534176,5.4,271.0,Thriller,33463969.0,2000,11,4,17.325979895617994,18.197537205138154
7200000.0,120.0,12.00491,6.3,562.0,Adventure,116019547.0,1971,12,4,18.569269252114584,15.789591722875162
82000000.0,123.0,8.41311,5.7,603.0,Science Fiction,96085477.0,2000,11,4,18.38074874909822,18.22222981742365
35000000.0,106.0,13.349518,5.5,120.0,Drama,36779296.0,2000,11,4,17.42044566330906,17.370858648025116
123000000.0,104.0,11.642462,6.2,1440.0,Family,345141403.0,2000,11,4,19.659464757689904,18.627694921466773
30.0,78.0,5.568359,6.0,101.0,Adventure,103.0,2000,9,3,4.6443908991413725,3.4339872044851463
85000000.0,100.0,7.668752,5.1,327.0,Comedy,183611771.0,2000,10,4,19.028334151742275,18.258161826219297
13500000.0,124.0,5.387711,6.8,129.0,Drama,7060876.0,2000,11,4,15.770079822717813,16.41820031748273
75000000.0,106.0,14.67855,6.9,1994.0,Science Fiction,248118121.0,2000,11,4,19.32941548912228,18.132998684833918
17000000.0,120.0,19.944953,7.2,949.0,Adventure,213525736.0,2000,10,4,19.179267931376994,16.648723960844016
35000000.0,107.0,4.884311,3.9,159.0,Action,15185241.0,2000,12,4,16.535834593114714,17.370858648025116
75000000.0,124.0,6.548229,5.9,287.0,Action,215663859.0,2000,12,4,19.189231549802027,18.132998684833918
25000000.0,132.0,7.492912,6.5,109.0,Action,8613462.0,1984,5,2,15.96883700227682,17.034386422832473
40000000.0,130.0,12.189038,6.2,447.0,Action,191185897.0,1987,6,2,19.068756800631398,17.50439003707821
6000000.0,84.0,6.759181,7.1,134.0,Animation,5849647.0,1986,8,3,15.581892046457524,15.607270193858982
15000000.0,126.0,11.672701,7.0,557.0,Crime,43848069.0,1987,12,4,17.596241262130825,16.52356082573315
14000000.0,145.0,13.617646,6.7,403.0,Drama,161001698.0,1989,12,4,18.89692547568809,16.454567959008102
4000000.0,110.0,6.865513,6.7,46.0,Drama,3468572.0,1988,12,4,15.059253828147932,15.201805169084134
20000000.0,97.0,6.526379,6.5,144.0,Comedy,45833132.0,1985,5,2,17.64051781548415,16.811242881518265
10000000.0,103.0,14.014025,7.7,2953.0,Thriller,83557872.0,2000,9,3,18.241050039565618,16.118095750958314
15000000.0,123.0,5.764399,5.1,41.0,Comedy,21032267.0,1988,10,4,16.861568387798307,16.52356082573315
25000000.0,121.0,8.9256,6.8,979.0,Comedy,152500343.0,2000,12,4,18.8426774097469,17.034386422832473
13000000.0,83.0,10.890236,5.3,523.0,Comedy,73180723.0,2000,12,4,18.108442610919898,16.380459992348886
100000000.0,78.0,12.297375,7.2,1544.0,Adventure,169327687.0,2000,12,4,18.947346377736228,18.420680753952364
6.0,122.0,11.179864,6.6,91.0,Drama,8.0,2000,9,3,2.1972245773362196,1.9459101490553132
70000000.0,127.0,9.963079,6.1,1021.0,Comedy,374111707.0,2000,12,4,19.740064995273453,18.064005814299346
43000000.0,136.0,10.536255,7.0,305.0,Drama,80049764.0,2000,12,4,18.198159061737478,17.57671069691365
10000000.0,111.0,7.886926,6.4,288.0,Horror,12008642.0,2000,12,4,16.301137198496722,16.118095750958314
90000000.0,143.0,21.296343,7.5,3304.0,Adventure,429632142.0,2000,12,4,19.878439919123498,18.31532023940565
10000000.0,140.0,2.492547,6.4,25.0,Drama,5164404.0,2000,9,3,15.45730045544891,16.118095750958314
45000000.0,111.0,9.510762,6.1,987.0,Comedy,212000000.0,2000,12,4,19.17209683735327,17.622173069956816
26000000.0,106.0,12.434175,7.3,1144.0,Action,71868327.0,2000,8,3,18.09034622494693,17.073607134447293
28000000.0,99.0,6.000716,4.6,150.0,Thriller,33000337.0,2000,12,4,17.312028361802543,17.147715103853763
80000000.0,145.0,10.204559,6.9,192.0,Drama,34566746.0,2000,12,4,17.358402708540517,18.197537205138154
48000000.0,147.0,8.338222,6.9,573.0,Thriller,207515725.0,2000,12,4,19.150717682715072,17.6867115897055
8000000.0,92.0,12.691457,6.6,149.0,Drama,8279017.0,2000,5,2,15.929234920294205,15.894952224644102
50000000.0,127.0,8.997507,6.2,203.0,Comedy,57059003.0,1982,6,2,17.859596448287082,17.72753358339242
10000000.0,105.0,5.402262,5.8,108.0,Comedy,25196249.0,1991,6,2,17.042205731884607,16.118095750958314
12000000.0,167.0,4.73816,6.5,63.0,Action,7900000.0,1960,10,4,15.882373444019521,16.300417291085605
6500000.0,111.0,10.092348,6.7,67.0,Crime,2347000.0,1986,4,2,14.668648900908911,15.687312888712007
30000000.0,108.0,8.142166,5.8,156.0,Action,18195610.0,2001,1,1,16.716690969118606,17.216707972959764
13000000.0,112.0,4.794088,6.3,359.0,Drama,91038276.0,2001,1,1,18.326790602416278,16.380459992348886
1000000.0,88.0,7.554807,6.8,27.0,Comedy,779137.0,2000,12,4,13.565943459356196,13.815511557963774
35000000.0,123.0,12.806634,6.6,221.0,Crime,29400000.0,2001,1,1,17.196505266322514,17.370858648025116
11000000.0,81.0,7.715908,5.7,60.0,Crime,13276953.0,2001,1,1,16.40154030823394,16.213405921671733
35000000.0,103.0,8.056016,5.4,433.0,Comedy,94728529.0,2001,1,1,18.36652577994392,17.370858648025116
3000000.0,100.0,15.170192,7.3,80.0,Comedy,3221568.0,1987,9,3,14.985379065925281,14.914123179965662
20000000.0,100.0,9.200336,6.1,627.0,Action,299965036.0,1987,5,2,19.51917648249544,16.811242881518265
15000000.0,105.0,8.503483,6.8,985.0,Action,316360478.0,1984,11,4,19.572392877712208,16.52356082573315
1800000.0,94.0,9.104462,6.7,167.0,Drama,31623833.0,1987,8,3,17.269421634767042,14.403297778421795
10000000.0,99.0,2.849779,6.0,67.0,Science Fiction,14000.0,1987,11,4,9.546884034617925,16.118095750958314
35000000.0,153.0,10.220906,7.3,491.0,Drama,22238696.0,1987,12,4,16.91734443750081,17.370858648025116
3000000.0,92.0,5.712291,5.5,40.0,Comedy,23509382.0,1987,5,2,16.972910176020445,14.914123179965662
350000.0,85.0,10.421679,7.3,913.0,Horror,29400000.0,1981,10,4,17.196505266322514,12.765691290604371
55000000.0,107.0,3.986985,4.3,29.0,Action,14375181.0,1987,5,2,16.481013805437104,17.822843761378564
23000000.0,89.0,9.327986,3.5,227.0,Adventure,51881013.0,1987,7,3,17.7644634623256,16.951004817371683
1.0,98.0,4.028679,6.1,77.0,Drama,12396383.0,1987,11,4,16.33291537514473,0.6931471805599453
8500000.0,97.0,9.099731,6.8,545.0,Horror,32222567.0,1987,7,3,17.28817763458548,15.955576839107596
6000000.0,89.0,8.525782,5.5,130.0,Fantasy,42721196.0,1987,2,1,17.57020577188659,15.607270193858982
22000000.0,106.0,7.106954,5.1,196.0,Action,17336370.0,1987,8,3,16.668317222523104,16.906553056777135
12000000.0,82.0,7.075534,6.8,146.0,Horror,3769990.0,1987,8,3,15.14258317215344,16.300417291085605
14000000.0,86.0,5.594987,5.3,73.0,Comedy,10424470.0,2001,2,1,16.159666580956372,16.454567959008102
87000000.0,131.0,2.48875,6.4,1296.0,Crime,351692268.0,2001,2,1,19.678267115399933,18.28141868811311
22000000.0,90.0,8.526823,5.4,155.0,Comedy,19351569.0,2001,2,1,16.778284111099545,16.906553056777135
10000000.0,83.0,4.195694,6.6,68.0,Science Fiction,44460850.0,2001,1,1,17.610119607117863,16.118095750958314
40000000.0,119.0,14.840318,6.4,292.0,Drama,65754228.0,2001,2,1,18.00143454634538,17.50439003707821
75000000.0,93.0,8.893957,4.2,79.0,Adventure,5409517.0,2001,2,1,15.503670552583664,18.132998684833918
62000000.0,125.0,4.76448,5.8,181.0,Action,18720175.0,2001,2,1,16.745112430678926,17.9426449591384
57000000.0,123.0,9.958406,5.8,453.0,Action,147845033.0,2001,3,1,18.811675215602623,17.858561843342684
1900000.0,104.0,1.075939,6.5,14.0,Comedy,2070806.0,2000,8,3,14.543448944340271,14.45736497045232
60000000.0,120.0,12.149946,5.7,194.0,Action,56359980.0,2001,3,1,17.84726990787617,17.909855136853043
20000000.0,199.0,3.961342,6.5,41.0,Drama,15473333.0,1965,2,1,16.55462871322733,16.811242881518265
3000000.0,146.0,6.409512,7.3,41.0,Drama,10400000.0,1960,6,2,16.15731646026544,14.914123179965662
2000000.0,104.0,2.921405,5.9,42.0,Science Fiction,11000000.0,1980,9,3,16.213405921671733,14.508658238524095
4000000.0,93.0,13.90542,5.4,117.0,Action,16853487.0,1990,9,3,16.640068196307848,15.201805169084134
15000000.0,110.0,6.600651,5.3,219.0,Thriller,30102717.0,1991,7,3,17.220126024645715,16.52356082573315
23000000.0,98.0,7.338188,6.1,86.0,Action,7434726.0,1991,8,3,15.821672418977649,16.951004817371683
7000000.0,100.0,3.132019,4.5,31.0,Comedy,1246141.0,1983,4,2,14.035562936523052,15.76142084987672
31000000.0,110.0,5.55237,6.5,124.0,Comedy,35419397.0,1990,12,4,17.382770194127097,17.249497794707484
15000000.0,119.0,0.338943,6.8,340.0,Crime,8620929.0,1986,8,3,15.969703525451406,16.52356082573315
7920000.0,140.0,11.162277,6.7,121.0,Mystery,14560084.0,1978,10,4,16.493794438627862,15.884901890053227
2900000.0,121.0,9.460843,6.4,71.0,Crime,43008075.0,1974,8,3,17.57689846997649,14.88022163978423
1250000.0,88.0,4.412794,5.3,62.0,Horror,3412497.0,1984,8,3,15.042955132394594,14.038654909278163
68000000.0,131.0,10.704813,7.2,1023.0,War,96976270.0,2001,3,1,18.389976877675156,18.035018277846262
50000000.0,101.0,12.280827,5.3,111.0,Action,79958599.0,2001,3,1,18.197019558688815,17.72753358339242
9000000.0,113.0,15.450789,8.1,4168.0,Mystery,39723096.0,2000,10,4,17.49744336489725,16.012735246411598
35000000.0,88.0,9.576745,5.5,893.0,Action,147934180.0,2001,3,1,18.812278009836827,17.370858648025116
11000000.0,95.0,4.63422,4.9,75.0,Comedy,23430766.0,2001,3,1,16.969560545756966,16.213405921671733
21000000.0,109.0,6.226933,6.2,97.0,Drama,28008462.0,2001,2,1,17.148017272471147,16.860033043306743
2000000.0,154.0,5.958138,7.6,537.0,Drama,20908467.0,2000,6,2,16.855664802340982,14.508658238524095
60000000.0,104.0,13.214068,6.1,408.0,Crime,105178561.0,2001,4,2,18.47117005423129,17.909855136853043
53000000.0,124.0,12.332223,7.4,1352.0,Crime,83282296.0,2001,4,2,18.237746563542878,17.78580249038432
16000000.0,93.0,10.264597,6.0,143.0,Adventure,68411275.0,2000,7,3,18.041048222807053,16.588099342704055
1000000.0,119.0,0.202478,7.3,4.0,Crime,852206.0,2001,3,1,13.655584734048478,13.815511557963774
25000000.0,97.0,10.780524,6.6,1397.0,Comedy,281929795.0,2001,4,2,19.457168647554493,17.034386422832473
17700000.0,91.0,10.442468,5.5,247.0,Mystery,30987695.0,2001,4,2,17.24910078043668,16.68907525404123
21150000.0,92.0,6.640385,4.7,149.0,Adventure,39438674.0,2001,4,2,17.49025749179969,16.867150510737883
25000000.0,170.0,11.299673,8.0,3017.0,Action,65884703.0,1983,12,4,18.003416863274765,17.034386422832473
94000000.0,116.0,5.310558,4.5,180.0,Action,54744738.0,2001,4,2,17.818191830719616,18.358805350872576
90000000.0,104.0,1.901065,4.1,18.0,Comedy,10372291.0,2001,4,2,16.154648577963272,18.31532023940565
98000000.0,130.0,16.945657,6.0,2258.0,Adventure,433013274.0,2001,4,2,19.886278943695427,18.400478046838927
31115000.0,248.0,8.591238,6.7,148.0,Drama,71000000.0,1963,6,2,18.078190449090098,17.253200608124295
27000000.0,117.0,9.848674,5.8,130.0,Fantasy,16519460.0,1983,7,3,16.620049698406184,17.11134746100564
17000000.0,136.0,5.036929,6.9,87.0,Comedy,29712172.0,1982,8,3,17.207067385120947,16.648723960844016
12000000.0,104.0,4.497919,7.0,14.0,Comedy,1703282.0,1993,11,4,14.348068123173018,16.300417291085605
40000000.0,138.0,10.336913,6.5,20.0,Music,23202444.0,1991,11,4,16.959768219014656,17.50439003707821
2200000.0,99.0,6.127903,6.6,123.0,Drama,136400000.0,1970,12,4,18.731102310705015,14.603968372873895
65000000.0,132.0,10.90061,6.6,933.0,Adventure,117487473.0,2001,5,2,18.58184228161053,17.989897843244528
53000000.0,102.0,5.3962,5.5,91.0,Drama,29700000.0,2001,5,2,17.206657637442962,17.78580249038432
60000000.0,90.0,17.987728,7.3,4183.0,Adventure,484409218.0,2001,5,2,19.998440601254018,17.909855136853043
52500000.0,127.0,13.691781,7.4,1348.0,Drama,179213434.0,2001,3,1,19.004088027793053,17.77632374660947
140000000.0,183.0,11.419388,6.6,1833.0,History,449220945.0,2001,5,2,19.923025409305108,18.757152987716434
22000000.0,101.0,2.523655,6.3,53.0,Comedy,39071603.0,1990,9,3,17.48090652070607,16.906553056777135
27000000.0,112.0,7.334686,6.2,232.0,Action,179033791.0,1991,6,2,19.003085128110833,17.11134746100564
15000000.0,128.0,13.971865,7.4,336.0,Thriller,34604000.0,1988,12,4,17.359479869180795,16.52356082573315
2000000.0,128.0,10.650752,7.4,472.0,Western,4905000.0,1960,10,4,15.405765854855177,14.508658238524095
14000000.0,88.0,6.573364,6.0,147.0,Crime,57915972.0,1987,12,4,17.874503776690926,16.454567959008102
12000000.0,182.0,11.354247,7.2,59.0,Action,20000000.0,1966,12,4,16.811242881518265,16.300417291085605
22000000.0,84.0,8.473369,4.6,310.0,Action,84772742.0,2001,6,2,18.255484622206644,16.906553056777135
80000000.0,101.0,5.395127,5.7,650.0,Action,98376292.0,2001,6,2,18.404310408198693,18.197537205138154
102000000.0,99.0,9.646208,6.1,946.0,Action,147080413.0,2001,6,2,18.806490029188055,18.440483381052466
18000000.0,121.0,4.984905,6.7,73.0,War,24911670.0,1970,6,2,17.030846966481878,16.705882371415992
24000000.0,120.0,11.453093,6.9,861.0,Action,83531958.0,1991,7,3,18.24073985910882,16.993564429978885
23000000.0,117.0,6.477258,5.8,63.0,Crime,57138719.0,1992,6,2,17.860992553395935,16.951004817371683
90000.0,72.0,0.837849,6.1,7.0,Horror,5000000.0,1958,10,4,15.424948670398354,11.407576060361786
21000000.0,116.0,8.451188,6.9,429.0,Comedy,177200000.0,1982,12,4,18.992789601778597,16.860033043306743
120000000.0,95.0,10.901602,6.7,1257.0,Animation,186053725.0,2001,6,2,19.041546039430866,18.603002309079653
115000000.0,100.0,15.851722,5.7,2235.0,Adventure,274703340.0,2001,6,2,19.43120231335048,18.560442695023177
70000000.0,87.0,7.906683,4.9,422.0,Comedy,176104344.0,2001,6,2,18.986587246643026,18.064005814299346
38000000.0,106.0,1.406181,6.6,3485.0,Action,207283925.0,2001,6,2,19.149600034602248,17.453096744006448
100000000.0,146.0,13.249364,6.8,2011.0,Drama,235926552.0,2001,6,2,19.279031098450407,18.420680753952364
16000000.0,130.0,9.503157,7.3,57.0,Crime,29381649.0,2001,6,2,17.19588088778656,16.588099342704055
13000000.0,99.0,6.236729,6.6,98.0,Drama,16929123.0,2001,6,2,16.64454601030164,16.380459992348886
60000000.0,87.0,8.142251,5.0,363.0,Comedy,93375151.0,2001,7,3,18.352135829260643,17.909855136853043
25000000.0,98.0,7.637345,6.4,304.0,Action,64437847.0,2001,7,3,17.981211720308828,17.034386422832473
45000000.0,83.0,10.869056,5.4,1019.0,Comedy,141220678.0,2001,7,3,18.765834324141753,17.622173069956816
18000000.0,95.0,6.693055,6.2,161.0,Comedy,72179579.0,1981,6,2,18.09466773837562,16.705882371415992
2686000.0,109.0,1.920256,6.0,31.0,Adventure,6600000.0,1963,6,2,15.702580358511794,14.80356402836607
270000.0,79.0,3.481988,6.5,71.0,Horror,1450000.0,1960,6,2,14.187074804051692,12.506180941677357
3200000.0,123.0,6.641827,7.4,272.0,Western,8000000.0,1962,4,2,15.894952224644102,14.978661680269907
14000000.0,85.0,8.678022,7.0,80.0,Thriller,2735731.0,1991,12,4,14.821909599710475,16.454567959008102
4000000.0,124.0,5.317544,6.8,76.0,Drama,8200000.0,1961,1,1,15.919644834185693,15.201805169084134
4500000.0,116.0,4.31583,6.9,90.0,Adventure,10400000.0,1956,6,2,16.15731646026544,15.319588176962746
10000000.0,108.0,6.830599,6.4,71.0,Action,25754284.0,1985,3,1,17.064111578996773,16.118095750958314
16000000.0,112.0,6.918821,6.2,153.0,Science Fiction,17374595.0,1981,5,2,16.67051969734624,16.588099342704055
130000.0,100.0,11.116474,7.4,235.0,Action,85000000.0,1972,6,2,18.258161826219297,11.775297421715827
137000000.0,106.0,10.223851,5.9,441.0,Adventure,85131830.0,2001,7,3,18.259711565910393,18.73549149109167
18000000.0,96.0,12.769371,6.2,908.0,Comedy,141774679.0,2001,7,3,18.769749594764306,16.705882371415992
68000000.0,124.0,14.741992,6.7,436.0,Action,71069884.0,2001,7,3,18.079174246678793,18.035018277846262
5000000.0,94.0,3.531682,6.3,55.0,Action,5476060.0,2001,7,3,15.51589660484633,15.424948670398354
7500000.0,99.0,5.283245,5.9,140.0,Action,18869631.0,1988,4,2,16.75306441529977,15.830413711839864
46630000.0,126.0,7.753416,6.9,185.0,Action,8083123.0,1988,12,4,15.905288989437109,17.657754690229925
4000000.0,124.0,3.927714,6.9,12.0,Thriller,670774.0,1988,9,3,13.416189039304069,15.201805169084134
4000000.0,86.0,5.296777,5.3,31.0,Horror,9797098.0,1988,4,2,16.09759687940995,15.201805169084134
20000000.0,106.0,4.619593,6.4,72.0,Comedy,51684798.0,1988,3,1,17.760674273034528,16.811242881518265
19000000.0,95.0,10.874079,6.3,187.0,Horror,8247943.0,1988,8,3,15.925474515131151,16.759949589762293
8000000.0,95.0,0.964399,5.3,12.0,Drama,784990.0,1988,12,4,13.573427531730669,15.894952224644102
3512454.0,95.0,0.134014,7.0,20.0,Drama,115860.0,2013,3,1,11.660146475719875,15.071825781154171
20000000.0,104.0,9.270831,5.7,330.0,Drama,171504781.0,1988,7,3,18.96012170756346,16.811242881518265
6000000.0,120.0,5.529808,6.6,100.0,Action,46616067.0,1988,4,2,17.6574558465306,15.607270193858982
39000000.0,116.0,7.830087,6.5,944.0,Comedy,288752301.0,1988,6,2,19.48107979206287,17.479072229734946
2000000.0,82.0,10.113807,5.9,221.0,Action,13167232.0,1986,4,2,16.39324195293645,14.508658238524095
4500000.0,86.0,9.97523,5.0,91.0,Comedy,3813293.0,1988,4,2,15.154003940509305,15.319588176962746
6000000.0,95.0,3.590547,4.9,47.0,Comedy,28202109.0,1988,11,4,17.154907355804298,15.607270193858982
20000000.0,120.0,8.105859,6.6,232.0,Crime,17637950.0,1988,2,1,16.68556344533365,16.811242881518265
24000000.0,91.0,11.666172,6.4,155.0,Comedy,43455230.0,1988,6,2,17.587241793683546,16.993564429978885
9000000.0,88.0,1.99161,5.1,17.0,Comedy,6436211.0,1988,8,3,15.677450726266018,16.012735246411598
2500000.0,93.0,9.97466,5.8,59.0,Comedy,1189315.0,1988,9,3,13.988888909916694,14.731801689838349
12300000.0,69.0,13.631352,7.0,660.0,Animation,84460846.0,1988,11,4,18.251798635835605,16.325109901643454
8000000.0,90.0,9.631158,6.1,100.0,Comedy,22433275.0,1988,7,3,16.926055950222928,15.894952224644102
20000000.0,108.0,6.493525,5.3,132.0,Comedy,13854000.0,1988,12,4,16.444084629746005,16.811242881518265
12000000.0,102.0,11.516965,5.6,16.0,Action,7242035.0,1988,3,1,15.795412940297854,16.300417291085605
8000000.0,91.0,1.194377,5.7,9.0,Drama,1893139.0,1988,4,2,14.453747384139314,15.894952224644102
29000000.0,104.0,14.25013,5.8,360.0,Action,34994648.0,1988,6,2,17.37070572205119,17.182806422433504
6200000.0,89.0,6.606325,5.8,95.0,Comedy,9205924.0,1988,1,1,16.035357856465396,15.64006001130563
4000000.0,91.0,6.258984,7.3,270.0,Comedy,14237000.0,1985,5,2,16.471354837835396,15.201805169084134
3500000.0,104.0,3.382894,6.9,38.0,Family,20659423.0,1982,3,1,16.843682141305834,15.068273812173887
7000000.0,98.0,7.791952,6.2,120.0,Horror,19595031.0,1988,2,1,16.790786622684195,15.76142084987672
16000000.0,102.0,1.835663,5.6,15.0,Action,4594452.0,1988,4,2,15.340360264248378,16.588099342704055
4000000.0,94.0,11.292364,7.1,562.0,Action,13008928.0,1988,11,4,16.38114652580879,15.201805169084134
15000000.0,107.0,5.952494,5.7,566.0,Comedy,216614388.0,1988,12,4,19.193629321534313,16.52356082573315
31000000.0,122.0,5.443097,6.0,136.0,Fantasy,74134790.0,1989,12,4,18.121395494249064,17.249497794707484
1000000.0,95.0,7.314536,5.5,71.0,Action,10499694.0,1985,8,3,16.166856767086813,13.815511557963774
5000000.0,100.0,6.69473,5.9,24.0,Comedy,117463.0,1989,9,3,11.673887182642774,15.424948670398354
10000000.0,90.0,15.109261,6.7,464.0,Adventure,40485039.0,1989,2,1,17.51644308112212,16.118095750958314
30000000.0,125.0,6.973408,6.2,250.0,Action,45892212.0,1989,9,3,17.641806009222222,17.216707972959764
22500000.0,113.0,7.435688,6.8,203.0,Drama,18671317.0,1989,8,3,16.742499107562917,16.929025911619092
500000.0,86.0,8.473602,4.9,154.0,Action,10166459.0,1989,4,2,16.134604624834065,13.122365377402328
19000000.0,117.0,2.727017,5.6,20.0,Drama,19738015.0,1989,10,4,16.79805708033287,16.759949589762293
10000000.0,100.0,11.509677,5.5,110.0,Music,3916303.0,1988,9,3,15.180658909854401,16.118095750958314
16000000.0,117.0,1.629224,5.9,23.0,War,2420917.0,1989,3,1,14.699657365045056,16.588099342704055
30000000.0,116.0,9.01086,5.7,85.0,Comedy,60864870.0,1989,11,4,17.924166735378915,17.216707972959764
20000000.0,94.0,9.059459,6.1,49.0,Crime,7237794.0,1989,9,3,15.79482715996364,16.811242881518265
17000000.0,101.0,5.772293,5.5,209.0,Action,78247647.0,1989,4,2,18.175389329424814,16.648723960844016
1500000.0,97.0,6.939994,6.3,257.0,Action,14697005.0,1989,4,2,16.50315435753532,14.220976332738882
25000000.0,98.0,10.653446,6.0,125.0,Adventure,15704614.0,1989,3,1,16.569465176168567,17.034386422832473
7000000.0,102.0,6.256969,5.6,53.0,Adventure,793775.0,1989,8,3,13.584556584558086,15.76142084987672
24000000.0,115.0,4.701379,6.2,208.0,Action,22099847.0,1989,8,3,16.911081288636275,16.993564429978885
7500000.0,93.0,5.795045,5.8,546.0,Comedy,296000000.0,1989,10,4,19.505870015666712,15.830413711839864
11000000.0,107.0,5.304376,6.7,222.0,Comedy,49797148.0,1989,2,1,17.72346829136011,16.213405921671733
3000000.0,87.0,10.018693,7.2,50.0,Romance,1145404.0,1989,5,2,13.951268844219602,14.914123179965662
12000000.0,108.0,3.801832,5.0,53.0,Adventure,15942628.0,1989,10,4,16.58450714871794,16.300417291085605
8000000.0,93.0,0.863547,5.6,20.0,Action,16093651.0,1989,6,2,16.593935466489356,15.894952224644102
16000000.0,105.0,2.549325,4.9,50.0,Action,4192440.0,1988,12,4,15.248793699831522,16.588099342704055
93000000.0,92.0,0.648867,5.7,2109.0,Adventure,368780809.0,2001,7,3,19.725713014670358,18.34811006187022
12000000.0,114.0,8.134524,6.8,107.0,Crime,15250000.0,2000,9,3,16.540090126591462,16.300417291085605
100000000.0,119.0,17.319836,5.6,1270.0,Thriller,362211740.0,2001,7,3,19.707739518680587,18.420680753952364
20000.0,111.0,3.111281,7.4,63.0,Crime,99000.0,1997,11,4,11.502885230075814,9.90353755128617
400000.0,97.0,0.218588,6.0,1.0,Unknown,43719.0,2001,7,3,10.685560942290476,12.899222326086994
5000000.0,97.0,6.386082,6.4,271.0,Comedy,295206.0,2001,7,3,12.59543208416444,15.424948670398354
15000000.0,114.0,2.943427,6.3,259.0,Action,30050028.0,1989,5,2,17.21837418400326,16.52356082573315
19000000.0,113.0,9.801967,6.7,144.0,Drama,110879513.0,1989,9,3,18.523954710279376,16.759949589762293
18000000.0,103.0,17.367336,6.4,220.0,Crime,46908987.0,1989,5,2,17.663719856846612,16.705882371415992
5000000.0,109.0,5.587765,5.5,89.0,Thriller,16554699.0,1989,10,4,16.62218060738582,15.424948670398354
55000000.0,104.0,7.507261,6.1,468.0,Action,63408614.0,1989,12,4,17.965110293456913,17.822843761378564
15000000.0,96.0,3.96986,6.0,49.0,Comedy,40590000.0,1989,1,1,17.51903231345169,16.52356082573315
15000000.0,100.0,8.13754,6.6,338.0,Comedy,79258538.0,1989,8,3,18.188225712551375,16.52356082573315
2000000.0,103.0,3.265426,6.0,75.0,Comedy,725131.0,1988,9,3,13.494108986229786,14.508658238524095
6000000.0,100.0,5.763954,6.1,83.0,Adventure,14278900.0,1989,12,4,16.474293551129765,15.607270193858982
58000000.0,127.0,9.508061,6.5,71.0,Music,25928721.0,1984,12,4,17.07086186975954,17.87595358575207
42000000.0,118.0,9.970359,5.8,200.0,Thriller,35402320.0,2001,8,3,17.382287940926467,17.553180200057167
37000000.0,115.0,7.387171,6.5,1063.0,Comedy,165335153.0,2001,8,3,18.923485208057233,17.426428497635523
90000000.0,90.0,8.345985,6.4,1078.0,Action,347325802.0,2001,8,3,19.66577381095219,18.31532023940565
20000000.0,158.0,10.648872,6.3,65.0,Drama,31678778.0,1969,10,4,17.271157582501083,16.811242881518265
15000000.0,102.0,10.603299,6.7,169.0,Mystery,19853892.0,1980,12,4,16.803910666775085,16.52356082573315
30000000.0,108.0,10.25103,6.0,1375.0,Comedy,287553595.0,2001,8,3,19.476919821697035,17.216707972959764
75000000.0,95.0,6.405831,6.0,237.0,Adventure,13596911.0,2001,8,3,16.425353266100995,18.132998684833918
35000000.0,94.0,10.855383,5.7,56.0,Action,13678913.0,2001,8,3,16.431366081042533,17.370858648025116
1500000.0,100.0,14.242234,6.2,255.0,Horror,373967.0,2001,8,3,12.83192551123875,14.220976332738882
57000000.0,131.0,9.243715,5.6,146.0,Drama,62112895.0,2001,8,3,17.944464190400666,17.858561843342684
48000000.0,112.0,12.330275,6.0,531.0,Adventure,85498534.0,2001,7,3,18.264009799257266,17.6867115897055
22000000.0,104.0,11.619446,6.4,491.0,Comedy,33788161.0,2001,8,3,17.335621062419666,16.906553056777135
28000000.0,98.0,7.058599,4.8,299.0,Action,14010832.0,2001,8,3,16.455341374075996,17.147715103853763
34000000.0,108.0,5.499867,4.8,63.0,Drama,19693891.0,2001,8,3,16.79581909487112,17.341871111992198
10000000.0,90.0,10.414363,6.1,731.0,Horror,59217789.0,2001,7,3,17.89673256146788,16.118095750958314
1900000.0,93.0,4.119963,5.9,39.0,Comedy,4790926.0,1986,7,3,15.382234478846652,14.45736497045232
40000000.0,104.0,4.260945,5.2,56.0,Action,27053815.0,2001,9,3,17.11333862539576,17.50439003707821
57000000.0,105.0,10.076223,6.0,194.0,Music,16991902.0,2001,9,3,16.64824749443877,17.858561843342684
700000.0,97.0,8.66635,6.7,31.0,Drama,1667192.0,2001,1,1,14.32665193187594,13.45883704259595
30000000.0,106.0,6.418936,5.4,203.0,Drama,23619609.0,2001,9,3,16.977587857166185,17.216707972959764
32000000.0,106.0,7.674549,6.3,126.0,Comedy,40222729.0,2001,9,3,17.509942816683534,17.281246492014
40000000.0,85.0,5.761051,6.3,82.0,Action,8493890.0,2002,4,2,15.954857757185307,17.50439003707821
22000000.0,104.0,5.420686,3.4,38.0,Drama,5271666.0,2001,9,3,15.477857189284885,16.906553056777135
45000000.0,122.0,13.664622,7.3,1665.0,Action,104876233.0,2001,10,4,18.468291489070978,17.622173069956816
1000000.0,107.0,2.678923,5.6,16.0,Comedy,2402459.0,2001,11,4,14.692003770364362,13.815511557963774
9400000.0,163.0,13.266545,7.0,142.0,Action,60000000.0,1963,11,4,17.909855136853043,16.056220353623207
725000.0,102.0,5.820841,6.5,102.0,Crime,10600000.0,1971,11,4,16.176364653421913,13.493928313146206
2900000.0,136.0,2.649605,7.3,25.0,Comedy,5000000.0,1961,12,4,15.424948670398354,14.88022163978423
18000000.0,107.0,6.41742,5.8,60.0,Family,9697739.0,1986,6,2,16.087403426636573,16.705882371415992
50000000.0,113.0,6.824871,6.0,223.0,Thriller,100020092.0,2001,9,3,18.420881653768635,17.72753358339242
31000000.0,101.0,6.425321,6.5,132.0,Drama,24185781.0,2001,9,3,17.001275497807864,17.249497794707484
28000000.0,89.0,10.40782,6.1,1363.0,Comedy,60780981.0,2001,9,3,17.922787501952875,17.147715103853763
23000000.0,97.0,10.337689,6.3,328.0,Mystery,36642838.0,2001,10,4,17.416728578392956,16.951004817371683
12000000.0,86.0,2.828884,5.4,33.0,Comedy,17292381.0,2001,10,4,16.665776615666065,16.300417291085605
28000000.0,90.0,5.715737,6.6,529.0,Comedy,77516304.0,2001,10,4,18.16599885929209,17.147715103853763
4500000.0,113.0,5.395103,6.8,83.0,Drama,7206220.0,1980,5,2,15.790455238706933,15.319588176962746
15000000.0,125.0,2.847277,7.2,67.0,Drama,67182787.0,1980,3,1,18.02292764173386,16.52356082573315
75000000.0,123.0,13.136791,6.2,307.0,Action,67631903.0,2001,10,4,18.029590382341286,18.132998684833918
11000000.0,86.0,4.890067,4.1,54.0,Action,23978402.0,2001,10,4,16.99266410818165,16.213405921671733
15000000.0,147.0,18.184056,7.7,1517.0,Thriller,20117339.0,2001,5,2,16.817092687696285,16.52356082573315
10000000.0,96.0,6.513545,4.3,36.0,Action,7316658.0,2001,10,4,15.805664360980805,16.118095750958314
4000000.0,102.0,10.255315,7.4,630.0,Action,35976000.0,1971,12,4,17.398362635228988,15.201805169084134
9000000.0,181.0,9.227244,7.4,136.0,Drama,83304330.0,1971,11,4,18.23801109858261,16.012735246411598
35000000.0,122.0,7.79014,6.6,758.0,Horror,74558115.0,2001,10,4,18.12708945978202,17.370858648025116
72000000.0,131.0,9.807552,7.0,290.0,Action,27642707.0,2001,10,4,17.134872526015407,18.09217669086922
48000000.0,132.0,4.556123,6.5,108.0,Comedy,35743308.0,2001,10,4,17.391873648748355,17.6867115897055
48000000.0,120.0,12.400152,7.1,710.0,Drama,50315140.0,2001,10,4,17.73381660369087,17.6867115897055
6000000.0,113.0,18.303148,7.7,3574.0,Fantasy,1270522.0,2001,1,1,14.054939184687509,15.607270193858982
75000000.0,89.0,6.353996,5.4,115.0,Mystery,54249294.0,2001,10,4,17.809100554908696,18.132998684833918
115000000.0,92.0,26.419962,7.5,6150.0,Animation,562816256.0,2001,11,4,20.148463768714823,18.560442695023177
49000000.0,87.0,9.769047,5.7,445.0,Action,72700000.0,2001,11,4,18.101851956258905,17.707330876483063
100000.0,86.0,3.580063,6.9,63.0,Drama,490475.0,2001,1,1,13.103131627126851,11.51293546492023
40000000.0,114.0,12.520688,5.7,764.0,Comedy,141069860.0,2001,11,4,18.764765793723765,17.50439003707821
7000000.0,93.0,2.483032,5.3,26.0,Action,10229331.0,2001,11,4,16.140769837653075,15.76142084987672
125000000.0,152.0,38.187238,7.5,7188.0,Adventure,976475550.0,2001,11,4,20.699460270589174,18.643824303266577
6000000.0,95.0,3.916221,6.0,44.0,Comedy,2025238.0,2001,11,4,14.521198276249768,15.607270193858982
24000000.0,89.0,4.197544,5.8,53.0,Comedy,14782676.0,2001,11,4,16.508966580222893,16.993564429978885
92000000.0,126.0,18.186839,6.8,592.0,Action,143049560.0,2001,11,4,18.778701708598643,18.33729914588288
4500000.0,106.0,11.111299,7.2,277.0,Fantasy,6459020.0,2001,4,2,15.680988316286612,15.319588176962746
14000000.0,149.0,4.651946,6.9,90.0,Drama,52223306.0,1968,9,3,17.771039447456843,16.454567959008102
2000000.0,104.0,8.066663,6.3,89.0,Action,390659.0,1985,4,2,12.875592895458963,14.508658238524095
810000.0,106.0,3.099222,6.8,38.0,Drama,1258000.0,1977,1,1,14.045034511154766,13.60479076121576
6500000.0,105.0,9.3806,6.8,159.0,Horror,31899000.0,1980,6,2,17.27808525065028,15.687312888712007
35000000.0,111.0,6.346979,6.1,237.0,Science Fiction,27107960.0,1980,9,3,17.11533800654742,17.370858648025116
9000000.0,96.0,7.550133,6.7,232.0,Action,46236000.0,1976,12,4,17.649269295024464,16.012735246411598
5500000.0,109.0,6.389326,6.6,121.0,Drama,26414658.0,1977,12,4,17.08942967916541,15.520258832020865
5000000.0,107.0,5.839893,5.5,67.0,Action,12232628.0,1983,4,2,16.31961744776731,15.424948670398354
22000000.0,117.0,9.737907,6.5,210.0,Action,67642693.0,1983,12,4,18.029749909705362,16.906553056777135
40000000.0,106.0,11.185625,6.0,464.0,Action,91753202.0,2001,11,4,18.334612954371355,17.50439003707821
85000000.0,116.0,12.114932,7.2,3857.0,Thriller,450717150.0,2001,12,4,19.926350541074843,18.258161826219297
10000000.0,122.0,12.879381,7.8,3403.0,Comedy,173921954.0,2001,4,2,18.974117222074366,16.118095750958314
16000000.0,89.0,9.101896,5.5,444.0,Comedy,66468332.0,2001,12,4,18.01223619672028,16.588099342704055
68000000.0,136.0,10.071057,6.5,1100.0,Drama,203388341.0,2001,12,4,19.130627724301913,18.035018277846262
21000000.0,110.0,9.707542,7.4,1317.0,Comedy,71441250.0,2001,10,4,18.084386005577407,16.860033043306743
25000000.0,117.0,4.11214,5.0,22.0,Action,5778353.0,1984,8,3,15.56962942500593,17.034386422832473
4500000.0,103.0,1.808605,5.0,22.0,Action,10500000.0,1982,4,2,16.166885910365842,15.319588176962746
15000000.0,90.0,3.521436,5.1,37.0,Adventure,16500000.0,1983,5,2,16.61887099947687,16.52356082573315
12000000.0,93.0,6.796277,6.4,230.0,Comedy,31155435.0,2001,12,4,17.25449929840595,16.300417291085605
25000000.0,83.0,7.308162,5.6,235.0,Action,80936232.0,2001,12,4,18.20917215568155,17.034386422832473
93000000.0,178.0,32.070725,8.0,8892.0,Adventure,871368364.0,2001,12,4,20.585575367339324,18.34811006187022
72000000.0,152.0,8.063684,6.6,193.0,Drama,37317558.0,2001,12,4,17.43497452451595,18.09217669086922
60000000.0,135.0,11.93646,7.7,3087.0,Drama,313542341.0,2001,12,4,19.563444971118127,17.909855136853043
3000000.0,116.0,9.730217,8.1,278.0,Drama,9000000.0,1957,12,4,16.012735246411598,14.914123179965662
107000000.0,157.0,9.303104,6.7,457.0,Drama,87713825.0,2001,12,4,18.289590096000023,18.488339401771974
92000000.0,144.0,10.064446,7.2,1832.0,Action,172989651.0,2001,12,4,18.968742335644162,18.33729914588288
12000000.0,132.0,2.592296,6.2,51.0,Music,30400000.0,1983,11,4,17.229953199271186,16.300417291085605
19800000.0,137.0,14.101101,6.8,256.0,Drama,87754044.0,2001,11,4,18.290048516113917,16.801192546169812
22000000.0,132.0,12.935016,7.2,542.0,Drama,92542418.0,2001,12,4,18.34317768114903,16.906553056777135
4000000.0,111.0,6.341187,6.6,254.0,Drama,44909486.0,2001,11,4,17.62015962215299,15.201805169084134
15000000.0,93.0,1.672406,5.0,22.0,Drama,76382.0,1996,6,2,11.243515437305897,16.52356082573315
29000000.0,137.0,11.564252,6.6,404.0,Adventure,70752904.0,2001,1,1,18.074704153715352,17.182806422433504
38000000.0,95.0,6.938921,5.8,205.0,Thriller,153518974.0,1990,6,2,18.84933473298692,17.453096744006448
18000000.0,108.0,3.383201,6.5,69.0,Fantasy,14110013.0,1981,6,2,16.462395316032616,16.705882371415992
18000000.0,103.0,10.151366,5.8,391.0,Adventure,100000000.0,1984,6,2,18.420680753952364,16.705882371415992
1200000.0,81.0,8.471302,6.2,37.0,Animation,760883.0,1983,3,1,13.542236194213208,13.997832948091215
5500000.0,95.0,1.409619,3.3,16.0,Comedy,4865000.0,1980,6,2,15.397577479152067,15.520258832020865
12000000.0,96.0,15.297121,6.5,364.0,Thriller,78868508.0,1982,12,4,18.183292580669043,16.300417291085605
15000000.0,106.0,9.974312,6.3,65.0,Science Fiction,10219460.0,1983,9,3,16.139804401623017,16.52356082573315
14000000.0,120.0,5.079464,6.8,156.0,Drama,63513743.0,1993,5,2,17.96676688138784,16.454567959008102
3500000.0,116.0,7.701349,6.9,238.0,Comedy,81600000.0,1970,1,1,18.217339832189236,15.068273812173887
6000000.0,141.0,6.945886,6.2,45.0,Western,4300000.0,1961,3,1,15.274125813221904,15.607270193858982
35000000.0,131.0,10.765924,7.3,463.0,Action,75395048.0,2002,1,1,18.138252167692293,17.370858648025116
32000000.0,119.0,8.50563,6.1,307.0,Drama,55157539.0,2002,1,1,17.82570401236043,17.281246492014
11000000.0,101.0,8.054499,7.5,1057.0,Drama,41227069.0,2002,1,1,17.534605637399192,16.213405921671733
344.0,104.0,0.158651,5.3,3.0,Comedy,4.0,2001,9,3,1.6094379124341003,5.84354441703136
14500000.0,108.0,9.298092,6.8,99.0,Animation,95789342.0,2001,5,2,18.37766199458203,16.489659276356317
13000000.0,109.0,7.584638,5.1,14.0,Comedy,22030000.0,1989,2,1,16.90791576417117,16.380459992348886
14000000.0,86.0,8.559189,5.4,60.0,Comedy,6413915.0,2002,2,1,15.673980562797748,16.454567959008102
24000000.0,107.0,0.420615,0.0,0.0,Action,939423.0,1981,8,3,13.753022200470951,16.993564429978885
15000000.0,88.0,4.643981,5.6,202.0,Comedy,52970014.0,2002,2,1,17.78523655669983,16.52356082573315
85000000.0,108.0,10.175503,5.5,431.0,Action,78382433.0,2002,2,1,18.177110404093863,18.258161826219297
50000000.0,99.0,12.508518,5.8,281.0,Action,16671505.0,1994,7,3,16.629211592578002,17.72753358339242
19000000.0,110.0,5.214505,4.4,9.0,Comedy,11000000.0,1983,12,4,16.213405921671733,16.759949589762293
12000000.0,93.0,6.631356,4.7,161.0,Action,61141030.0,2002,2,1,17.928693737222304,16.300417291085605
70000000.0,125.0,14.116474,5.9,246.0,Drama,32287044.0,2002,2,1,17.290176624146017,18.064005814299346
36000000.0,116.0,8.867562,7.0,604.0,Drama,102244770.0,2002,2,1,18.44288021221522,17.399029524198163
20000000.0,72.0,8.759774,6.1,304.0,Adventure,109862682.0,2002,2,1,18.51474180757216,16.811242881518265
3000000.0,100.0,7.351028,6.6,367.0,Comedy,18492362.0,2001,1,1,16.7328683940079,14.914123179965662
17000000.0,87.0,7.873794,6.2,202.0,Drama,44456478.0,1993,9,3,17.610021268582425,16.648723960844016
8000000.0,113.0,6.963023,6.3,71.0,Action,11715321.0,1980,7,3,16.276408115675192,15.894952224644102
60000000.0,104.0,4.924078,6.2,209.0,Drama,52322400.0,2002,2,1,17.772935154733055,17.909855136853043
35000000.0,101.0,8.436243,5.5,247.0,Drama,45479110.0,2002,2,1,17.632763679601915,17.370858648025116
35000000.0,102.0,8.399441,7.0,100.0,Comedy,35323292.0,1976,4,2,17.380053162649663,17.370858648025116
75000000.0,138.0,11.34706,6.7,531.0,Action,114660784.0,2002,3,1,18.55748863174935,18.132998684833918
45000000.0,98.0,8.295437,5.1,40.0,Drama,21355893.0,1994,1,1,16.87683832511359,17.622173069956816
23000000.0,76.0,3.612089,4.4,40.0,Fantasy,71368.0,1994,10,4,11.17561888037753,16.951004817371683
1202007.0,103.0,6.360746,7.7,70.0,Drama,2948386.0,1945,12,4,14.896768799116474,13.999504049629184
14000000.0,95.0,3.909079,5.9,52.0,Action,25482931.0,2002,3,1,17.05351945269176,16.454567959008102
80000000.0,96.0,8.918134,5.8,644.0,Science Fiction,123729176.0,2002,3,1,18.633605678587983,18.197537205138154
2000000.0,96.0,2.186683,4.8,26.0,Comedy,2506446.0,2002,8,3,14.734376770439196,14.508658238524095
44000000.0,219.0,4.393576,6.5,56.0,Action,3484331.0,1980,11,4,15.063786905181397,17.599700214609808
10000000.0,99.0,3.557608,6.6,50.0,Western,15795189.0,1980,5,2,16.575216021269114,16.118095750958314
59000000.0,81.0,17.328902,7.1,3954.0,Animation,383257136.0,2002,3,1,19.764216697852003,17.893048018819147
33000000.0,100.0,7.781293,6.4,2100.0,Horror,102984862.0,2002,3,1,18.45009257422901,17.312018149733785
85000000.0,95.0,4.917863,5.3,286.0,Action,77741732.0,2002,3,1,18.16890277539612,18.258161826219297
1000000.0,97.0,3.374229,5.9,50.0,Comedy,10013424.0,2001,4,2,16.119437250610915,13.815511557963774
5000000.0,106.0,13.962548,7.3,321.0,Drama,33616692.0,2001,6,2,17.330533317037673,15.424948670398354
7.0,90.0,3.2768,5.8,64.0,Thriller,5.0,1992,5,2,1.791759469228055,2.0794415416798357
14000000.0,126.0,5.355452,6.5,81.0,Drama,35856053.0,1981,12,4,17.39502298104581,16.454567959008102
54000000.0,117.0,17.05064,6.3,1556.0,Fantasy,155010032.0,2002,3,1,18.859000401820946,17.804494623047066
26000000.0,94.0,5.373623,4.9,89.0,Adventure,38793283.0,2002,3,1,17.47375769682771,17.073607134447293
48000000.0,111.0,14.969502,6.6,1303.0,Crime,196397415.0,2002,3,1,19.095650796975278,17.6867115897055
20000000.0,127.0,10.991137,6.5,112.0,Drama,75597042.0,2002,3,1,18.140927726628185,16.811242881518265
3000000.0,131.0,6.363081,7.2,197.0,Drama,9801375.0,2001,5,2,16.09803334194776,14.914123179965662
42000000.0,115.0,8.371005,6.1,187.0,Drama,63781810.0,2002,4,2,17.970978613624098,17.553180200057167
5000000.0,92.0,7.668576,5.9,867.0,Comedy,38275483.0,2002,3,1,17.46032014475792,15.424948670398354
250000.0,88.0,9.887355,8.0,471.0,Crime,96568.0,1950,12,4,11.47801305772458,12.429220196836383
45000000.0,89.0,7.81862,5.9,306.0,Action,94935764.0,2002,4,2,18.36871106297223,17.622173069956816
11000000.0,100.0,7.397953,7.0,338.0,Drama,13110448.0,2001,11,4,16.388920103818553,16.213405921671733
43000000.0,84.0,8.889064,5.3,286.0,Romance,68696770.0,2002,4,2,18.04521275463237,17.57671069691365
7000000.0,114.0,13.546984,6.0,33.0,Drama,3646994.0,2001,8,3,15.109414098800023,15.76142084987672
6000000.0,96.0,7.714094,6.1,74.0,Drama,705308.0,2001,5,2,13.466391283642292,15.607270193858982
5000000.0,95.0,6.719949,6.2,686.0,Comedy,368744044.0,2002,2,1,19.725613316335362,15.424948670398354
1000000.0,96.0,2.301183,6.4,16.0,Action,16000000.0,1975,5,2,16.588099342704055,13.815511557963774
50000000.0,120.0,9.645801,6.0,275.0,Crime,56714147.0,2002,4,2,17.853534261381615,17.72753358339242
60000000.0,92.0,9.488117,5.3,802.0,Action,165333180.0,2002,4,2,18.923473274649698,17.909855136853043
11000000.0,91.0,7.793873,4.5,298.0,Horror,16951798.0,2001,7,3,16.645884521851954,16.213405921671733
40000000.0,103.0,6.332398,5.7,126.0,Comedy,16872671.0,2002,4,2,16.64120582965057,17.50439003707821
18000000.0,103.0,12.106615,7.0,109.0,Crime,676698.0,2002,1,1,13.42498184445951,16.705882371415992
120000.0,87.0,1.62632,5.3,16.0,Drama,14904.0,2000,9,3,9.609452006112171,11.695255355062795
18000000.0,96.0,1.33724,5.5,27.0,Fantasy,5546827.0,1991,8,3,15.528736790804682,16.705882371415992
106000.0,107.0,0.345862,5.4,9.0,Drama,19319254.0,1970,7,3,16.776612824928545,11.571203807011969
9000000.0,100.0,0.941383,5.5,16.0,Crime,10364904.0,1984,10,4,16.15393613834933,16.012735246411598
139000000.0,121.0,29.413341,6.8,5398.0,Fantasy,821708551.0,2002,5,2,20.526896330538627,18.749984498289212
7500000.0,112.0,3.399684,6.4,21.0,Drama,6266621.0,1991,9,3,15.650748011447092,15.830413711839864
14000000.0,107.0,12.318052,6.5,139.0,Action,34793160.0,1991,1,1,17.364931402443023,16.454567959008102
50000000.0,124.0,8.96839,6.3,282.0,Thriller,119137784.0,2002,5,2,18.59579123841905,17.72753358339242
860000.0,97.0,2.793003,6.6,51.0,Romance,2451545.0,1985,9,3,14.71222940391941,13.664688831019712
27000000.0,101.0,10.956665,6.6,627.0,Drama,129000000.0,2002,4,2,18.675322970077882,17.11134746100564
120000000.0,142.0,14.072511,6.4,4074.0,Adventure,649398328.0,2002,5,2,20.291556844485267,18.603002309079653
1500000.0,98.0,8.128106,6.8,152.0,Drama,416925.0,2001,1,1,12.940664026999826,14.220976332738882
5.0,110.0,6.759519,6.2,126.0,Action,85.0,1978,12,4,4.454347296253507,1.791759469228055
38000000.0,114.0,6.681287,6.2,268.0,Drama,51801187.0,2002,5,2,17.762923641329657,17.453096744006448
46000000.0,118.0,11.424974,6.8,1181.0,Crime,113714830.0,2002,5,2,18.549204389967976,17.6441519761925
80000000.0,83.0,16.724836,7.4,870.0,Western,122563539.0,2002,5,2,18.624140147351437,18.197537205138154
68000000.0,124.0,9.268136,5.9,447.0,Thriller,193000000.0,2002,5,2,19.078200752050506,18.035018277846262
25000000.0,86.0,5.00725,5.5,113.0,Action,41604473.0,2002,5,2,17.543718267525534,17.034386422832473
10000000.0,95.0,3.073113,6.2,41.0,Action,14356479.0,1992,7,3,16.479711966188034,16.118095750958314
70000000.0,116.0,9.540021,5.4,232.0,Action,65977295.0,2002,6,2,18.004821240809125,18.064005814299346
1934000.0,172.0,1.135061,6.3,21.0,Fantasy,3786801.0,2002,2,1,15.14703242138715,14.475101472058325
60000000.0,119.0,21.040126,7.3,3640.0,Action,214034224.0,2002,6,2,19.181646490105244,17.909855136853043
84000000.0,88.0,8.592826,5.4,853.0,Mystery,275650703.0,2002,6,2,19.434645056960065,18.24632736871235
115000000.0,134.0,7.455875,5.8,345.0,Drama,77628265.0,2002,6,2,18.1674421714069,18.560442695023177
5860000.0,111.0,8.019495,7.2,55.0,Action,12000000.0,1967,3,1,16.300417291085605,15.583660332201646
18000000.0,118.0,4.29831,6.1,26.0,Science Fiction,3900000.0,1986,6,2,15.176487367510099,16.705882371415992
1600000.0,103.0,7.715087,7.1,61.0,Western,5400000.0,1949,10,4,15.501909696719672,14.285514812209815
80000000.0,85.0,18.469238,7.1,1371.0,Animation,145771527.0,2002,6,2,18.79755107726184,18.197537205138154
102000000.0,145.0,20.666063,7.1,2663.0,Action,358372926.0,2002,6,2,19.69708469770741,18.440483381052466
50000000.0,96.0,6.674356,5.6,660.0,Comedy,171269535.0,2002,6,2,18.95874910743223,17.72753358339242
250000.0,91.0,2.605409,6.3,23.0,Comedy,4186931.0,2001,8,3,15.247478804124235,12.429220196836383
140000000.0,88.0,16.775716,6.1,3188.0,Action,441818803.0,2002,7,3,19.906410410289904,18.757152987716434
10000000.0,77.0,5.024459,5.6,49.0,Animation,11411644.0,2002,7,3,16.250144883225648,16.118095750958314
60000000.0,101.0,13.067306,6.0,684.0,Adventure,43061982.0,2002,7,3,17.578151100860566,17.909855136853043
80000000.0,117.0,13.426684,7.3,1102.0,Thriller,181001478.0,2002,7,3,19.014015760467434,18.197537205138154
19000000.0,115.0,1.289698,3.9,32.0,Drama,12918858.0,1985,6,2,16.374198739725436,16.759949589762293
100000.0,90.0,1.522753,5.6,19.0,Mystery,22000000.0,1972,8,3,16.906553056777135,11.51293546492023
13000000.0,94.0,8.502529,4.5,230.0,Horror,37664855.0,2002,7,3,17.444238016056605,16.380459992348886
100000000.0,138.0,7.718723,6.1,273.0,Drama,35168966.0,2002,7,3,17.375674632395267,18.420680753952364
120000000.0,78.0,9.274909,5.4,632.0,Family,169956806.0,2002,7,3,18.95105488626105,18.603002309079653
63000000.0,94.0,8.786653,5.9,997.0,Comedy,296655431.0,2002,7,3,19.508081861642356,17.958645300228824
40000.0,93.0,2.6493,7.3,19.0,Documentary,1434436.0,2002,1,1,14.176282995697772,10.596659732783579
1900000.0,102.0,0.653271,6.4,9.0,Drama,240093.0,2000,12,4,12.388785792309427,14.45736497045232
150000.0,78.0,9.203416,5.5,19.0,Comedy,2891288.0,2002,11,4,14.877212981412168,11.918397239722838
9000000.0,90.0,5.971241,7.0,241.0,Comedy,20458340.0,1984,6,2,16.833901230156197,16.012735246411598
72000000.0,106.0,11.211568,6.4,1624.0,Drama,408247917.0,2002,8,3,19.827385189985556,18.09217669086922
38000000.0,100.0,7.164131,5.3,533.0,Action,119723358.0,2002,8,3,18.600694297688488,17.453096744006448
8000000.0,93.0,4.388338,6.1,183.0,Drama,16856124.0,2002,1,1,16.640224650195666,15.894952224644102
50000000.0,110.0,5.852263,6.1,210.0,Crime,26199517.0,2002,8,3,17.081251571615535,17.72753358339242
70000000.0,124.0,12.722381,5.8,1454.0,Action,277448382.0,2002,8,3,19.44114546664207,18.064005814299346
3000000.0,113.0,0.527297,5.0,1.0,Comedy,19184015.0,2002,8,3,16.76958799027744,14.914123179965662
100000000.0,95.0,8.903754,4.4,143.0,Action,7103973.0,2002,8,3,15.776164903737536,18.420680753952364
25000000.0,104.0,6.455738,5.6,164.0,Adventure,51842679.0,2002,8,3,17.763724306202885,17.034386422832473
50000.0,90.0,3.882092,6.9,60.0,Drama,21075.0,2000,4,2,9.955890231329176,10.819798284210286
25000000.0,102.0,4.439325,6.5,54.0,Drama,10113733.0,2002,10,4,16.129404860098237,17.034386422832473
12000000.0,96.0,10.753445,6.6,444.0,Horror,52223306.0,2002,8,3,17.771039447456843,16.300417291085605
29000000.0,100.0,10.16841,5.0,86.0,Comedy,16930185.0,2002,8,3,16.644608740463617,17.182806422433504
20000000.0,96.0,13.35278,6.1,141.0,Action,12398628.0,2002,8,3,16.33309645994643,16.811242881518265
15000000.0,118.0,7.50381,6.8,208.0,Adventure,41092328.0,1981,3,1,17.53133201971085,16.52356082573315
26000000.0,84.0,11.026793,6.4,588.0,Action,181096164.0,1991,7,3,19.014538746483648,17.073607134447293
8500000.0,95.0,0.50525,4.9,6.0,Adventure,250993.0,1994,11,4,12.433184313445736,15.955576839107596
14000000.0,103.0,9.970485,5.9,67.0,Comedy,62134225.0,1986,1,1,17.944807538397242,16.454567959008102
1000000.0,89.0,1.157582,5.5,21.0,Drama,9000000.0,1956,11,4,16.012735246411598,13.815511557963774
17000000.0,115.0,2.522474,6.0,57.0,Drama,10626725.0,1981,7,3,16.178882706640483,16.648723960844016
40000000.0,101.0,5.160215,3.2,106.0,Horror,18902015.0,2002,8,3,16.754779141008054,17.50439003707821
40000000.0,108.0,3.903016,5.7,92.0,Crime,22433915.0,2002,9,3,16.926084478863633,17.50439003707821
8500000.0,84.0,8.421411,5.0,71.0,Drama,34411240.0,2002,9,3,17.35389384222069,15.955576839107596
12000000.0,102.0,6.498789,6.2,139.0,Comedy,75781642.0,2002,4,2,18.143366644502066,16.300417291085605
21000000.0,92.0,13.217421,6.6,1724.0,Action,43928932.0,2002,10,4,17.59808372701597,16.860033043306743
9000000.0,97.0,5.536107,6.5,95.0,Comedy,4777465.0,2002,9,3,15.37942083837841,16.012735246411598
24000000.0,100.0,5.429614,5.6,90.0,Action,22518097.0,1992,9,3,16.92982989940964,16.993564429978885
230000.0,89.0,4.788002,6.1,145.0,Horror,25000000.0,1977,7,3,17.034386422832473,12.345838935721968
3000000.0,100.0,2.428279,4.8,27.0,Comedy,15369573.0,1990,4,2,16.54790039880016,14.914123179965662
70000000.0,91.0,9.094558,4.3,99.0,Action,19924033.0,2002,9,3,16.807437299658496,18.064005814299346
35000000.0,132.0,6.894153,6.5,164.0,War,29882645.0,2002,9,3,17.212788468525066,17.370858648025116
30000000.0,106.0,5.781667,5.8,140.0,Action,6916869.0,2002,9,3,15.749473913131132,17.216707972959764
4000000.0,104.0,10.936827,6.8,378.0,Comedy,9304609.0,2002,1,1,16.046020534230088,15.201805169084134
15000000.0,125.0,41.048867,8.3,3968.0,Fantasy,274925095.0,2001,7,3,19.43200924034735,16.52356082573315
30000000.0,108.0,8.587129,6.1,408.0,Comedy,180622424.0,2002,9,3,19.01191936067399,17.216707972959764
21000000.0,117.0,14.074906,6.4,54.0,Romance,10011050.0,2002,9,3,16.11920014078481,16.860033043306743
78000000.0,124.0,2.968157,6.7,1142.0,Crime,209196298.0,2002,9,3,19.158783598793963,18.17221939747438
2500000.0,99.0,2.726061,7.4,37.0,Documentary,589244.0,1988,4,2,13.286597335399627,14.731801689838349
33000000.0,137.0,8.40852,6.7,50.0,Drama,1132112.0,1989,11,4,13.939596356084804,17.312018149733785
130000.0,105.0,0.59091,5.2,6.0,Drama,799674.0,1992,9,3,13.591960674108178,11.775297421715827
8000000.0,109.0,3.142874,7.0,31.0,Comedy,27362712.0,2002,10,4,17.124691805159387,15.894952224644102
15000000.0,92.0,6.557426,5.9,99.0,Crime,12000000.0,2001,9,3,16.300417291085605,16.52356082573315
15000000.0,90.0,5.951492,6.4,133.0,Drama,19158074.0,2002,10,4,16.768234855730967,16.52356082573315
4000000.0,120.0,11.393859,7.3,467.0,Documentary,35564473.0,2002,10,4,17.38685777621893,15.201805169084134
25000000.0,95.0,6.753969,6.9,542.0,Comedy,17000000.0,2002,10,4,16.648723960844016,17.034386422832473
10000000.0,89.0,3.492576,4.8,52.0,Comedy,598645.0,2002,10,4,13.302425717422175,16.118095750958314
25000000.0,99.0,3.485213,4.6,45.0,Drama,10719357.0,2002,10,4,16.187561823753867,17.034386422832473
28.0,93.0,6.368323,5.9,173.0,Thriller,14.0,2001,12,4,2.70805020110221,3.367295829986474
48000000.0,115.0,13.740965,6.5,1720.0,Horror,249348933.0,2002,10,4,19.334363814831967,17.6867115897055
7000000.0,104.0,7.936578,6.1,56.0,Drama,2062066.0,2002,10,4,14.539219435756674,15.76142084987672
3000000.0,89.0,2.850011,6.1,37.0,Documentary,13308.0,2002,9,3,9.496195777086555,14.914123179965662
3000000.0,87.0,9.223325,4.2,197.0,Fantasy,15938065.0,1993,8,3,16.58422089397781,14.914123179965662
3500000.0,118.0,13.657204,6.5,383.0,Drama,237113184.0,1977,12,4,19.284048158936976,15.068273812173887
22000000.0,93.0,4.860672,4.7,93.0,Drama,64892670.0,1983,7,3,17.988245247716627,16.906553056777135
20000000.0,121.0,2.284384,7.0,22.0,Action,3763988.0,1980,3,1,15.140989857260182,16.811242881518265
20000000.0,96.0,3.782547,5.2,62.0,Fantasy,22471595.0,1980,8,3,16.92776266967652,16.811242881518265
12000000.0,116.0,3.21594,6.8,42.0,Drama,40716963.0,1981,12,4,17.52215536947018,16.300417291085605
10000000.0,112.0,1.701134,5.0,1.0,Action,6892098.0,1981,12,4,15.745886241007346,16.118095750958314
18000000.0,108.0,7.536295,7.3,243.0,Drama,12000000.0,1981,7,3,16.300417291085605,16.705882371415992
3000000.0,94.0,3.891243,6.1,55.0,Horror,216166.0,1981,5,2,12.283806536089383,14.914123179965662
3000000.0,112.0,7.44658,7.1,111.0,Adventure,11740000.0,1981,8,3,16.278512457543098,14.914123179965662
300000.0,105.0,1.023164,8.5,4.0,Adventure,1400000.0,1981,2,1,14.151983508870947,12.611541086966115
6500000.0,104.0,2.12989,5.7,27.0,Drama,566736.0,1981,4,2,13.247650630303436,15.687312888712007
10000000.0,79.0,1.08281,3.8,6.0,Comedy,2154696.0,1981,12,4,14.583160668386162,16.118095750958314
18000000.0,98.0,1.38292,3.7,14.0,Action,2945600.0,1981,8,3,14.895823428950301,16.705882371415992
8500000.0,94.0,3.950775,5.2,33.0,Comedy,29916207.0,1981,12,4,17.213910965070703,15.955576839107596
22000000.0,108.0,8.031761,6.3,25.0,Drama,9171289.0,1981,12,4,16.031588510456466,16.906553056777135
2800000.0,87.0,8.173864,6.3,23.0,Romance,26279000.0,1981,8,3,17.084280737159514,14.845130332288226
35000000.0,91.0,13.955376,5.3,540.0,Horror,68349884.0,2002,10,4,18.040150438616358,17.370858648025116
5000000.0,87.0,14.095586,6.1,355.0,Documentary,64282312.0,2002,10,4,17.978795081384714,15.424948670398354
15000000.0,99.0,1.652275,6.1,7.0,Action,23000.0,2001,10,4,10.043292972227004,16.52356082573315
12000000.0,123.0,11.283472,7.3,397.0,Drama,56298474.0,2002,8,3,17.846178005709312,16.300417291085605
12000000.0,131.0,13.300519,5.3,153.0,Adventure,41744718.0,1967,4,2,17.547083510242512,16.300417291085605
4000000.0,208.0,7.819581,6.9,39.0,Action,21750000.0,1960,3,1,16.89512436147598,15.201805169084134
70000000.0,97.0,10.404277,5.2,276.0,Action,33561137.0,2002,10,4,17.32887934840434,18.064005814299346
65000000.0,104.0,5.205729,5.5,303.0,Fantasy,172855065.0,2002,10,4,18.967964032551535,17.989897843244528
16000000.0,113.0,2.488424,5.6,33.0,Crime,109130.0,2000,9,3,11.600304274448273,16.588099342704055
35000000.0,114.0,6.426438,6.2,142.0,Thriller,16838910.0,2002,11,4,16.63920289722899,17.370858648025116
41000000.0,110.0,8.374355,6.8,1676.0,Drama,215000000.0,2002,11,4,19.186148590743098,17.529082649058825
13500000.0,107.0,10.107519,6.9,145.0,Drama,29027914.0,2002,9,3,17.18376851116863,16.41820031748273
100000000.0,161.0,29.741452,7.4,5966.0,Adventure,876688482.0,2002,11,4,20.591662279709666,18.420680753952364
7500000.0,102.0,1.418177,4.6,8.0,Comedy,4245870.0,2002,9,3,15.261457539248248,15.830413711839864
11000000.0,98.0,8.929393,5.2,156.0,Adventure,2807854.0,1991,8,3,14.847931404617905,16.213405921671733
1750000.0,101.0,4.291236,6.5,33.0,Thriller,100000.0,1981,6,2,11.51293546492023,14.375126917328105
4100000.0,103.0,10.574039,6.5,248.0,Horror,14225876.0,1981,1,1,16.47057318809735,15.226497775576945
14000000.0,118.0,0.627368,5.7,3.0,Adventure,439564.0,1981,2,1,12.99354088050754,16.454567959008102
5000000.0,144.0,0.303062,6.9,5.0,Drama,2028612.0,1981,4,2,14.522862866263944,15.424948670398354
140000000.0,133.0,12.996474,5.8,1112.0,Adventure,431971116.0,2002,11,4,19.88386928517694,18.757152987716434
20000000.0,85.0,5.794821,6.0,103.0,Comedy,33526835.0,2002,11,4,17.327856750733133,16.811242881518265
30000000.0,101.0,8.230447,6.5,82.0,Drama,27674124.0,2002,11,4,17.136008419076312,17.216707972959764
9285469.0,112.0,6.648278,7.5,273.0,Drama,51001550.0,2002,3,1,17.747366601990876,16.043961370766237
40000000.0,93.0,2.947411,5.0,28.0,Action,10959475.0,2002,11,4,16.209715028122222,17.50439003707821
47000000.0,99.0,10.642824,5.9,378.0,Drama,30002758.0,2002,11,4,17.216799902064423,17.665658180950928
140000000.0,95.0,16.141913,7.2,980.0,Adventure,109578115.0,2002,11,4,18.51214824100833,18.757152987716434
4000000.0,100.0,3.523637,5.6,30.0,Action,39103425.0,1982,4,2,17.481720642600433,15.201805169084134
3500000.0,138.0,11.604242,7.4,137.0,Action,8000000.0,1964,1,1,15.894952224644102,15.068273812173887
60000000.0,96.0,9.927412,5.7,385.0,Comedy,55003135.0,2002,12,4,17.82290075975309,17.909855136853043
4000000.0,90.0,2.148655,6.4,33.0,Action,18591272.0,2002,12,4,16.73820283502931,15.201805169084134
19000000.0,114.0,11.624481,7.3,649.0,Comedy,32801173.0,2002,12,4,17.305974865396756,16.759949589762293
20000000.0,107.0,12.671637,6.9,1584.0,Action,5359645.0,2002,12,4,15.494408486089814,16.811242881518265
10000000.0,116.0,9.865257,6.7,163.0,Action,27453418.0,1981,6,2,17.128001271897702,16.118095750958314
20000000.0,93.0,1.057387,5.5,26.0,Horror,8178569.0,1982,11,4,15.917027876670806,16.811242881518265
35000000.0,114.0,2.171346,5.9,41.0,Comedy,69701637.0,1982,7,3,18.059734376171974,17.370858648025116
850000.0,109.0,1.094395,4.9,14.0,Comedy,840000.0,1982,11,4,13.641158361294979,13.652992804936396
20000000.0,118.0,5.270187,6.2,118.0,Drama,57588485.0,2002,12,4,17.86883320985095,16.811242881518265
55000000.0,105.0,7.291939,5.6,493.0,Comedy,154906693.0,2002,12,4,18.85833351943076,17.822843761378564
60000000.0,117.0,11.367801,6.1,488.0,Science Fiction,67312826.0,2002,12,4,18.024861370807802,17.909855136853043
30000000.0,125.0,11.066473,6.7,365.0,Drama,105834556.0,2002,12,4,18.477387649766793,17.216707972959764
79000000.0,179.0,29.423537,8.0,7641.0,Adventure,926287400.0,2002,12,4,20.64669511270673,18.184958423089522
15000000.0,135.0,10.271871,7.2,640.0,Crime,13060843.0,2002,12,4,16.38512930453304,16.52356082573315
12500000.0,120.0,10.944654,6.7,140.0,Drama,23367586.0,2002,12,4,16.966860449151664,16.341239282272525
100000000.0,167.0,14.922399,7.1,1964.0,Drama,193772504.0,2002,12,4,19.08219537429099,18.420680753952364
60000000.0,101.0,7.738531,5.9,505.0,Comedy,93354918.0,2002,12,4,18.351919120725473,17.909855136853043
6500000.0,105.0,5.20644,6.8,144.0,Action,12633747.0,2002,1,1,16.35188220406487,15.687312888712007
30000000.0,101.0,4.655727,4.5,57.0,Drama,13273595.0,1993,1,1,16.401287356787144,17.216707972959764
1750000.0,109.0,4.250819,6.1,12.0,Adventure,2200000.0,1957,12,4,14.603968372873895,14.375126917328105
130000.0,70.0,0.471913,6.2,5.0,Crime,1596.0,1997,12,4,7.3758821482150125,11.775297421715827
6000000.0,208.0,3.666277,6.8,50.0,Drama,12500000.0,1956,8,3,16.341239282272525,15.607270193858982
52000000.0,141.0,19.833077,7.7,3917.0,Drama,352114312.0,2002,12,4,19.67946643368249,17.76675429577647
40000000.0,108.0,6.463613,5.6,144.0,Comedy,41323171.0,2002,12,4,17.536933965968235,17.50439003707821
45000000.0,113.0,13.325347,6.9,695.0,Action,306776732.0,2002,12,4,19.54163078690228,17.622173069956816
25000000.0,114.0,14.686487,7.0,461.0,Drama,41597830.0,2002,12,4,17.54355858444911,17.034386422832473
35000000.0,150.0,14.811594,8.1,1927.0,Drama,120072577.0,2002,9,3,18.603606934585102,17.370858648025116
30000000.0,113.0,11.331072,6.6,281.0,Comedy,33013805.0,2002,12,4,17.312436395577453,17.216707972959764
18000000.0,95.0,6.001152,5.3,415.0,Comedy,101564935.0,2003,1,1,18.436208915431457,16.705882371415992
20000000.0,101.0,4.444724,5.3,85.0,Comedy,17432163.0,2003,1,1,16.673827563547654,16.811242881518265
3300000.0,130.0,14.95927,8.2,1852.0,Drama,30641770.0,2002,2,1,17.23787470142739,15.009433329466965
120000.0,97.0,5.648187,7.5,103.0,Crime,182857.0,1964,8,3,12.1164651743295,11.695255355062795
24000000.0,110.0,11.269558,5.0,63.0,Action,23510601.0,2003,1,1,16.972962026313475,16.993564429978885
26000000.0,90.0,12.638573,5.9,1046.0,Horror,90426405.0,2003,1,1,18.3200468844789,17.073607134447293
500000.0,93.0,8.398158,6.3,153.0,Drama,150277.0,2002,1,1,11.92024219110853,13.122365377402328
18000000.0,136.0,8.97528,5.5,141.0,Science Fiction,70687344.0,1982,6,2,18.07377711908843,16.705882371415992
50000000.0,116.0,5.188107,6.3,873.0,Comedy,177371441.0,2003,2,1,18.993756634046676,17.72753358339242
50000000.0,115.0,7.469778,6.0,707.0,Action,88323487.0,2003,2,1,18.296516632466865,17.72753358339242
78000000.0,103.0,11.415558,5.0,1551.0,Fantasy,179179718.0,2003,2,1,19.003899876877092,18.17221939747438
20000000.0,72.0,10.605851,5.6,278.0,Family,135680000.0,2003,2,1,18.72580973737815,16.811242881518265
35000000.0,94.0,10.378902,5.5,280.0,Family,117270765.0,1993,6,2,18.579996058350766,17.370858648025116
4520000.0,101.0,3.372304,6.1,37.0,Horror,7175592.0,1983,3,1,15.786195964278418,15.324022773047327
2700000.0,118.0,10.246132,7.0,59.0,Adventure,37799643.0,1979,10,4,17.44781024255605,14.80876270134486
3500000.0,113.0,4.928589,5.9,36.0,Comedy,2000000.0,1967,1,1,14.508658238524095,15.068273812173887
800000.0,105.0,2.46167,7.6,27.0,Drama,6792000.0,1965,12,4,15.731256154205347,13.592368256649284
6000000.0,107.0,2.527521,6.1,16.0,Crime,1432687.0,1987,9,3,14.17506295805243,15.607270193858982
15000000.0,118.0,4.98408,6.5,86.0,Action,9237470.0,2002,12,4,16.038778704856128,16.52356082573315
56000000.0,214.0,5.374563,6.1,49.0,Drama,12923936.0,2003,2,1,16.374591731262836,17.840862266556567
50000000.0,130.0,9.930326,7.3,497.0,Drama,38955598.0,2003,2,1,17.4779330683456,17.72753358339242
24000000.0,91.0,16.195894,6.6,552.0,Comedy,87055349.0,2003,2,1,18.2820546812216,16.993564429978885
25000000.0,101.0,8.364587,5.8,242.0,Action,56489558.0,2003,2,1,17.84956638257952,17.034386422832473
20000000.0,105.0,5.762343,5.4,191.0,Comedy,132675402.0,2003,3,1,18.703416124171266,16.811242881518265
70000000.0,121.0,10.614987,6.4,582.0,Action,85632458.0,2003,3,1,18.265574963161356,18.064005814299346
3500159.0,112.0,6.262677,6.2,593.0,Comedy,76578641.0,2002,4,2,18.15382877076661,15.06831923970049
55000000.0,94.0,7.481524,6.0,194.0,Drama,34234008.0,2003,3,1,17.34873012313425,17.822843761378564
5037000.0,168.0,3.657476,7.2,31.0,Drama,14483352.0,1961,10,4,16.488510478889268,15.432321423258639
1200000.0,96.0,6.486126,6.9,310.0,Horror,8690429.0,1998,1,1,15.977732978180779,13.997832948091215
6000000.0,92.0,5.277814,5.4,81.0,Horror,18686644.0,1999,1,1,16.74331965556014,15.607270193858982
8000000.0,149.0,0.537378,6.5,15.0,Comedy,20000000.0,1969,1,1,16.811242881518265,15.894952224644102
20000000.0,94.0,6.515316,4.7,148.0,Comedy,8586376.0,2002,10,4,15.965687435491247,16.811242881518265
68000000.0,136.0,7.694847,5.2,574.0,Drama,75715436.0,2003,3,1,18.1424926209999,18.035018277846262
4100000.0,135.0,3.826281,6.4,43.0,Drama,36000000.0,1953,9,3,17.399029524198163,15.226497775576945
29000000.0,126.0,8.004555,6.1,10.0,Action,5519569.0,1992,9,3,15.523810516668304,17.182806422433504
50000000.0,98.0,14.327717,6.2,290.0,Action,42792561.0,2003,4,2,17.571874860402925,17.72753358339242
60000000.0,136.0,11.664861,5.5,531.0,Action,74208267.0,2003,3,1,18.122386130501337,17.909855136853043
800000.0,88.0,1.178723,7.8,14.0,Drama,2816116.0,2002,5,2,14.850869543692419,13.592368256649284
36000000.0,109.0,17.714247,5.8,261.0,Action,44350926.0,2003,4,2,17.607644168417995,17.399029524198163
13000000.0,81.0,9.142772,6.7,1087.0,Thriller,97837138.0,2002,9,3,18.398814807296677,16.380459992348886
7500000.0,100.0,2.400607,5.9,26.0,Crime,209151.0,2003,3,1,12.250816539339565,15.830413711839864
75000000.0,106.0,9.409379,5.9,937.0,Comedy,195745823.0,2003,4,2,19.092327559274295,18.132998684833918
13000000.0,92.0,4.835446,7.1,39.0,Documentary,17040871.0,2003,4,2,16.651125251765034,16.380459992348886
7000000.0,89.0,11.00913,6.0,310.0,Horror,16829545.0,2003,4,2,16.6386465901644,15.76142084987672
6000000.0,91.0,4.672036,6.6,75.0,Comedy,18750246.0,2003,4,2,16.74671748362726,15.607270193858982
35866397.0,98.0,3.68993,7.1,50.0,Documentary,20217080.0,2001,12,4,16.822038399117595,17.395311426289474
2200000.0,118.0,6.632663,7.2,230.0,Crime,3251794.0,1971,12,4,14.99471770953247,14.603968372873895
6500000.0,131.0,11.081253,7.0,196.0,Science Fiction,12376563.0,1971,3,1,16.331315242271646,15.687312888712007
7000000.0,113.0,1.782377,6.7,14.0,Action,4720371.0,2001,4,2,15.367398168015434,15.76142084987672
24000000.0,134.0,4.233081,5.8,63.0,Adventure,21049053.0,1978,10,4,16.862366176465226,16.993564429978885
26000000.0,116.0,2.70816,5.0,17.0,Action,12454768.0,1991,4,2,16.33761415973806,17.073607134447293
3000000.0,89.0,1.739182,4.8,22.0,Comedy,9563393.0,1991,2,1,16.07345324294307,14.914123179965662
30000000.0,90.0,17.955897,7.1,1090.0,Mystery,90259536.0,2003,4,2,18.318199822724445,17.216707972959764
2500000.0,104.0,0.870645,5.7,9.0,Drama,57862.0,2002,12,4,10.96583342647739,14.731801689838349
17000000.0,94.0,6.730857,5.8,292.0,Family,55534455.0,2003,4,2,17.832514214911,16.648723960844016
110000000.0,133.0,0.913096,6.8,3572.0,Adventure,407711549.0,2003,4,2,19.826070497042362,18.5159909328476
1000000.0,92.0,2.154226,6.7,13.0,Drama,464000.0,2002,1,1,13.047641986378483,13.815511557963774
60000000.0,92.0,6.504927,5.6,526.0,Comedy,164433867.0,2003,5,2,18.91801902910162,17.909855136853043
150000000.0,138.0,16.229317,6.7,3500.0,Adventure,738599701.0,2003,5,2,20.42026665691664,18.826145858727198
35000000.0,101.0,9.392508,6.1,202.0,Action,20298207.0,2003,5,2,16.826043164253402,17.370858648025116
5300000.0,122.0,5.94395,7.0,276.0,Drama,3897799.0,2002,5,2,15.17592284937006,15.483217567201578
80000000.0,101.0,15.947524,6.4,3121.0,Fantasy,484572835.0,2003,5,2,19.99877831029767,18.197537205138154
94000000.0,100.0,25.497794,7.6,6292.0,Animation,940335536.0,2003,5,2,20.661747323790628,18.358805350872576
60000000.0,110.0,13.995044,6.6,1949.0,Action,176070171.0,2003,5,2,18.986393178086345,17.909855136853043
12600000.0,84.0,14.079718,6.0,652.0,Horror,28650575.0,2003,5,2,17.17068410563497,16.349207451286784
76000000.0,107.0,2.32462,6.2,2087.0,Action,236350661.0,2003,6,2,19.28082711613042,18.1462439114085
8000000.0,101.0,11.040186,7.1,114.0,Drama,41400000.0,2003,1,1,17.538791462950133,15.894952224644102
35000000.0,109.0,6.137796,6.2,128.0,Action,23562716.0,1991,4,2,16.975176232679168,17.370858648025116
9000000.0,116.0,8.387026,7.4,450.0,Comedy,6153939.0,1991,8,3,15.632603085060339,16.012735246411598
22000000.0,98.0,6.851939,6.1,32.0,Mystery,11511031.0,1991,10,4,16.25881643784295,16.906553056777135
19000000.0,85.0,9.280038,4.1,211.0,Comedy,39267515.0,2003,6,2,17.485908170160883,16.759949589762293
12000000.0,90.0,1.695369,3.0,23.0,Comedy,4922166.0,2003,6,2,15.409259438654587,16.300417291085605
75000000.0,116.0,11.080439,5.0,172.0,Action,51142659.0,2003,6,2,17.75012954055363,18.132998684833918
30000000.0,96.0,5.236854,5.0,71.0,Comedy,15368897.0,2003,6,2,16.547856414831138,17.216707972959764
5000000.0,113.0,17.656951,7.1,1816.0,Horror,82719885.0,2002,10,4,18.23097059058031,15.424948670398354
120000000.0,106.0,7.821116,5.2,930.0,Action,259175788.0,2003,6,2,19.373017111443918,18.603002309079653
2500000.0,95.0,2.296734,4.3,8.0,Drama,764083.0,1993,1,1,13.546433009748837,14.731801689838349
151000.0,91.0,1.879162,6.0,14.0,Drama,8000000.0,1960,5,2,15.894952224644102,11.92504173829169
3005000.0,115.0,3.803547,6.9,13.0,Action,6746000.0,1952,5,2,15.724460442839714,14.915788458730091
137000000.0,138.0,15.422638,5.3,1571.0,Drama,245360480.0,2003,6,2,19.318239038153088,18.73549149109167
45000000.0,95.0,7.288046,5.2,386.0,Comedy,124914842.0,2003,7,3,18.64314280710626,17.622173069956816
60000000.0,86.0,8.388773,6.6,386.0,Family,26288320.0,2003,7,3,17.08463533007934,17.909855136853043
200000000.0,109.0,20.818907,5.9,2177.0,Action,435000000.0,2003,7,3,19.89085659135181,19.11382792951231
7800000.0,102.0,14.481103,6.5,154.0,Thriller,22441323.0,2003,5,2,16.926414638660763,15.86963441986494
140000000.0,143.0,47.326665,7.5,7191.0,Adventure,655011224.0,2003,7,3,20.30016293085726,18.757152987716434
78000000.0,110.0,10.488765,5.7,1181.0,Fantasy,179265204.0,2003,7,3,19.004376859508994,18.17221939747438
130000000.0,147.0,8.191436,6.3,1588.0,Adventure,273339556.0,2003,7,3,19.426225378807437,18.683045016112164
40000000.0,88.0,8.739991,6.0,875.0,Adventure,160583018.0,2003,4,2,18.894321619141916,17.50439003707821
1500000.0,94.0,1.961208,4.9,20.0,Action,5585154.0,1990,2,1,15.535622743009913,14.220976332738882
95000000.0,117.0,13.076349,5.5,1443.0,Action,156505388.0,2003,7,3,18.86860100185642,18.36938746009113
87000000.0,141.0,7.851669,6.8,219.0,Drama,148336445.0,2003,7,3,18.8149935355119,18.28141868811311
38000000.0,84.0,8.025145,4.7,525.0,Action,197011982.0,2003,7,3,19.098775112263517,17.453096744006448
4000000.0,113.0,2.061389,7.0,37.0,Drama,146402.0,2002,9,3,11.894118372102673,15.201805169084134
3000000.0,115.0,3.044499,7.6,66.0,Comedy,4000000.0,1961,12,4,15.201805169084134,14.914123179965662
10000000.0,125.0,4.127728,6.9,61.0,Adventure,1500000.0,1970,10,4,14.220976332738882,16.118095750958314
55000000.0,103.0,14.397139,6.0,1158.0,Comedy,231449203.0,2003,8,3,19.25987098624791,17.822843761378564
54000000.0,121.0,11.415316,3.5,105.0,Drama,7266209.0,2003,8,3,15.798745393079741,17.804494623047066
26000000.0,97.0,7.867999,6.0,919.0,Comedy,110230332.0,2003,8,3,18.51808267089112,17.073607134447293
80000000.0,117.0,13.334952,5.8,780.0,Action,116643346.0,2003,8,3,18.57463152094324,18.197537205138154
30000000.0,97.0,14.015739,5.8,608.0,Horror,114908830.0,2003,8,3,18.55964959800306,17.216707972959764
22000000.0,139.0,16.532577,7.0,268.0,Western,68296293.0,2003,8,3,18.039366062453922,16.906553056777135
20000000.0,92.0,5.555088,6.1,193.0,Comedy,37095657.0,2003,8,3,17.429010485688096,16.811242881518265
28000000.0,102.0,10.445141,5.0,289.0,Action,58795814.0,2003,3,1,17.889581236866515,17.147715103853763
658000.0,90.0,9.072006,7.0,75.0,Crime,23800000.0,1953,4,2,16.98519618065851,13.396961730063138
6000000.0,97.0,4.719295,5.5,26.0,Horror,12974636.0,1993,11,4,16.378507009746254,15.607270193858982
350000.0,99.0,8.438808,6.2,61.0,Comedy,17343596.0,1983,4,2,16.66873394725045,12.765691290604371
4000000.0,108.0,6.216637,7.5,112.0,Horror,11000000.0,1967,10,4,16.213405921671733,15.201805169084134
8000000.0,79.0,11.521011,5.7,99.0,Action,2275557.0,1991,8,3,14.637735855017535,15.894952224644102
777000.0,86.0,8.152085,6.4,265.0,Drama,2437000.0,1971,3,1,14.706278742947841,13.563196916350243
5000000.0,123.0,2.474398,6.7,30.0,Music,50000000.0,1967,12,4,17.72753358339242,15.424948670398354
6000000.0,96.0,3.554491,5.9,56.0,Horror,3661757.0,1983,12,4,15.113453917925897,15.607270193858982
210000.0,80.0,3.424057,6.7,41.0,Adventure,5000000.0,1953,6,2,15.424948670398354,12.25486757159303
11000000.0,96.0,15.750026,6.6,882.0,Action,48572000.0,1990,1,1,17.69855781174384,16.213405921671733
6000000.0,103.0,5.58692,6.8,119.0,Comedy,33833201.0,1976,12,4,17.336953185997075,15.607270193858982
10000000.0,90.0,10.193652,6.4,753.0,Action,57500000.0,1985,10,4,17.867295523158884,16.118095750958314
20000000.0,84.0,4.15656,3.3,12.0,Comedy,1675706.0,2003,8,3,14.331745723738806,16.811242881518265
17000000.0,104.0,14.786032,5.5,304.0,Horror,63102666.0,2003,8,3,17.960273592862308,16.648723960844016
35000000.0,102.0,5.370818,4.8,93.0,Drama,11560806.0,2003,9,3,16.263131228460505,17.370858648025116
5000000.0,98.0,3.007842,5.9,60.0,Comedy,742898.0,2003,9,3,13.518315379062804,15.424948670398354
1500000.0,93.0,6.466688,5.5,332.0,Horror,30553394.0,2003,8,3,17.234986366703712,14.220976332738882
62000000.0,116.0,5.539265,6.9,515.0,Comedy,65565672.0,2003,9,3,17.998562839517874,17.9426449591384
29000000.0,102.0,8.843365,6.2,605.0,Action,98185582.0,2003,9,3,18.402369949919375,17.182806422433504
4000000.0,102.0,11.609441,7.3,1943.0,Drama,119723856.0,2003,8,3,18.60069845726911,15.201805169084134
12000000.0,110.0,4.925738,6.1,78.0,Action,22765081.0,1978,6,2,16.94073842876518,16.300417291085605
3500000.0,96.0,8.801822,6.9,276.0,Horror,34000000.0,1985,7,3,17.341871111992198,15.068273812173887
24000000.0,146.0,8.407519,6.6,61.0,Comedy,33208099.0,1969,12,4,17.31830438003305,16.993564429978885
40000000.0,99.0,6.064099,5.7,127.0,Comedy,14358033.0,1992,2,1,16.479820204133592,17.50439003707821
9250000.0,125.0,2.132964,6.8,28.0,Drama,29174648.0,1979,11,4,17.188810705216195,16.04013421759671
3200000.0,94.0,6.174699,5.3,75.0,Horror,10000000.0,1985,11,4,16.118095750958314,14.978661680269907
15000000.0,122.0,2.18689,5.3,38.0,Comedy,30238577.0,2003,9,3,17.22462908436043,16.52356082573315
22000000.0,121.0,20.624333,6.6,2556.0,Fantasy,95708457.0,2003,9,3,18.376817232873147,16.906553056777135
40000000.0,89.0,12.160363,5.9,500.0,Action,19322135.0,2003,9,3,16.77676193964366,17.50439003707821
85000000.0,104.0,8.304835,6.4,523.0,Adventure,80916492.0,2003,9,3,18.208928230224306,18.258161826219297
18000000.0,113.0,8.508008,6.4,178.0,Romance,58878723.0,2003,4,2,17.89099036095442,16.705882371415992
4361898.0,92.0,2.873356,5.6,28.0,Comedy,3031801.0,2003,6,2,14.924667720181958,15.288418070959365
8000000.0,80.0,8.35586,7.3,233.0,Adventure,1477676.0,2003,6,2,14.205981818041623,15.894952224644102
5952000.0,87.0,7.945039,7.1,464.0,Horror,2120439.0,1983,2,1,14.567134172283073,15.599238023505803
5200000.0,224.0,4.97451,7.2,125.0,Adventure,8100000.0,2001,6,2,15.90737474309945,15.46416937585933
3000000.0,186.0,9.697105,7.6,161.0,Drama,10000000.0,1961,12,4,16.118095750958314,14.914123179965662
118.0,119.0,2.103581,6.5,18.0,Comedy,19.0,1978,4,2,2.995732273553991,4.77912349311153
8500000.0,138.0,12.421754,7.6,424.0,Drama,70600000.0,1976,4,2,18.072540716627778,15.955576839107596
8000000.0,107.0,5.019679,6.8,93.0,Action,8826094.0,2001,1,1,15.993223232406546,15.894952224644102
15000000.0,89.0,5.886769,5.0,175.0,Family,118243066.0,1993,12,4,18.588252953596367,16.52356082573315
6500000.0,112.0,6.866506,7.4,377.0,Crime,57504069.0,1991,7,3,17.867366285871302,15.687312888712007
30000000.0,134.0,5.516316,6.0,83.0,Drama,49114016.0,1991,12,4,17.709655030638555,17.216707972959764
18000000.0,99.0,2.967012,5.6,27.0,Crime,21591728.0,1992,10,4,16.88782088265642,16.705882371415992
7700000.0,155.0,12.088407,7.4,233.0,Adventure,21000000.0,1968,12,4,16.860033043306743,15.856731016694035
19000000.0,99.0,8.560694,6.1,228.0,Drama,174999005.0,1991,2,1,18.980290851871658,16.759949589762293
9000000.0,79.0,8.888278,6.0,42.0,Comedy,4350774.0,1994,4,2,15.285864548115635,16.012735246411598
10000000.0,120.0,8.110591,5.6,134.0,Action,21633874.0,1990,12,4,16.88977093121355,16.118095750958314
25000000.0,93.0,12.881025,5.1,49.0,Action,38348988.0,1984,12,4,17.462238722978935,17.034386422832473
11400000.0,115.0,5.709878,6.4,59.0,Comedy,6700000.0,1985,2,1,15.717618233614914,16.249124001084017
8000000.0,115.0,2.404818,5.8,17.0,Crime,10400000.0,1991,5,2,16.15731646026544,15.894952224644102
2500000.0,110.0,3.084426,4.8,23.0,Comedy,15014674.0,1979,8,3,16.524538614143665,14.731801689838349
13000000.0,89.0,1.386549,4.1,7.0,Comedy,3721911.0,1992,8,3,15.129748072702249,16.380459992348886
18000000.0,100.0,2.471038,5.5,12.0,Comedy,6375979.0,1992,3,1,15.668048362684408,16.705882371415992
5000000.0,110.0,0.957019,4.8,6.0,Drama,858250.0,1987,9,3,13.662651876480925,15.424948670398354
10500000.0,99.0,0.377787,8.5,2.0,Drama,123509.0,1994,9,3,11.72407740343206,16.166885910365842
500000.0,97.0,2.884359,5.6,31.0,Horror,17000000.0,1977,8,3,16.648723960844016,13.122365377402328
3500000.0,134.0,8.592792,7.4,83.0,Crime,13007551.0,1967,12,4,16.38104066983224,15.068273812173887
23000000.0,104.0,12.511561,5.7,34.0,Drama,20246790.0,1991,7,3,16.82350686982346,16.951004817371683
50000000.0,105.0,10.738888,6.1,305.0,Thriller,55495563.0,2003,10,4,17.831813647594327,17.72753358339242
35000000.0,108.0,17.95142,6.8,1454.0,Comedy,131282949.0,2003,10,4,18.692865475547876,17.370858648025116
500000.0,88.0,5.85469,7.4,213.0,Drama,8679814.0,2003,1,1,15.976510773045344,13.122365377402328
5000000.0,104.0,8.062123,6.2,73.0,Crime,2466444.0,2003,10,4,14.718288400603335,15.424948670398354
25000000.0,138.0,12.602438,7.6,1473.0,Thriller,156822020.0,2003,10,4,18.87062209607082,17.034386422832473
7000000.0,90.0,5.701278,2.8,106.0,Horror,13818181.0,2003,4,2,16.441495819170076,15.76142084987672
60000000.0,100.0,13.469862,5.8,400.0,Crime,119940815.0,2003,9,3,18.602508979083197,17.909855136853043
30000000.0,111.0,25.261865,7.7,5091.0,Action,180949000.0,2003,10,4,19.013725787096668,17.216707972959764
60000000.0,127.0,8.810961,6.9,354.0,Drama,80154140.0,2003,10,4,18.199462101312164,17.909855136853043
9500000.0,98.0,7.810068,6.1,670.0,Horror,107071655.0,2003,10,4,18.48900885053208,16.066802461833923
7000000.0,109.0,11.37237,5.6,34.0,Drama,10000000.0,2003,10,4,16.118095750958314,15.76142084987672
17000000.0,98.0,9.548519,6.8,61.0,Drama,1569918.0,2003,7,3,14.266534583636872,16.648723960844016
12000000.0,119.0,5.799628,4.7,93.0,Mystery,23.0,2003,9,3,3.1780538303479458,16.300417291085605
32000000.0,109.0,5.81647,6.8,146.0,Drama,52277485.0,2003,10,4,17.77207635834142,17.281246492014
48000000.0,84.0,11.142209,5.8,948.0,Comedy,220673217.0,2003,10,4,19.21219351361422,17.6867115897055
3000000.0,81.0,6.447312,7.0,410.0,Drama,10012022.0,2003,5,2,16.11929722877447,14.914123179965662
6000000.0,94.0,6.0872,6.6,114.0,Drama,2944752.0,2003,11,4,14.895535500582715,15.607270193858982
150000000.0,129.0,15.368205,6.4,3155.0,Adventure,424988211.0,2003,11,4,19.86757199003344,18.826145858727198
32000000.0,97.0,8.754132,6.4,1007.0,Comedy,173398518.0,2003,10,4,18.97110308132845,17.281246492014
40000000.0,135.0,10.586815,7.0,1917.0,Comedy,244931766.0,2003,9,3,19.31649022767929,17.50439003707821
80000000.0,90.0,13.666488,5.6,302.0,Animation,68514844.0,2003,11,4,18.042560995081548,18.197537205138154
150000000.0,138.0,8.693298,6.9,808.0,Adventure,212011111.0,2003,11,4,19.172149246357,18.826145858727198
300000.0,112.0,2.409278,8.0,26.0,Music,7808524.0,2003,1,1,15.87072664354415,12.611541086966115
40000000.0,98.0,10.939066,5.8,643.0,Horror,141591324.0,2003,11,4,18.768455473222875,17.50439003707821
20000000.0,124.0,6.372278,7.2,943.0,Drama,60427839.0,2003,9,3,17.916960483863072,16.811242881518265
8000000.0,99.0,4.125182,6.7,80.0,Comedy,3432342.0,2003,5,2,15.04875367632109,15.894952224644102
23000000.0,91.0,10.930143,6.4,666.0,Drama,76488889.0,2003,11,4,18.15265605949188,16.951004817371683
90000000.0,87.0,11.605735,5.1,481.0,Thriller,182290266.0,2003,11,4,19.021110848207137,18.31532023940565
80000000.0,116.0,6.982762,5.4,324.0,Action,43935763.0,2003,11,4,17.59823921608603,18.197537205138154
16000000.0,96.0,8.899418,6.2,304.0,Action,48878502.0,1990,8,3,17.704848246335715,16.588099342704055
8500000.0,97.0,12.979446,6.3,134.0,Thriller,47624253.0,1991,3,1,17.67885272724646,15.955576839107596
12000000.0,114.0,8.321647,7.0,517.0,Thriller,79567667.0,1983,6,2,18.19211838739628,16.300417291085605
3900000.0,143.0,2.301098,7.3,20.0,Adventure,9000000.0,1925,12,4,16.012735246411598,15.176487367510099
6400000.0,107.0,9.57874,7.6,224.0,Comedy,40084041.0,1986,2,1,17.50648885795943,15.671808704579888
30000000.0,91.0,8.032638,4.5,213.0,Action,15556340.0,1991,1,1,16.559978894819782,17.216707972959764
65000000.0,100.0,9.782014,5.4,275.0,Action,17218080.0,1991,5,2,16.66147061056811,17.989897843244528
3500000.0,115.0,5.219641,7.1,231.0,Horror,24046533.0,1978,12,4,16.99550142770616,15.068273812173887
15000000.0,111.0,3.67003,5.8,643.0,Comedy,201957688.0,1990,12,4,19.123568773029547,16.52356082573315
29000000.0,105.0,10.550259,6.5,502.0,Action,59509925.0,1991,12,4,17.901653680131773,17.182806422433504
1250000.0,129.0,12.74564,7.1,240.0,Drama,36144000.0,1972,10,4,17.40302154535703,14.038654909278163
20000000.0,110.0,4.414928,6.1,60.0,Fantasy,15379253.0,1990,10,4,16.54853001631402,16.811242881518265
25000000.0,93.0,8.431956,5.7,331.0,Action,16057580.0,1987,2,1,16.59169163247315,17.034386422832473
15000000.0,84.0,18.451321,5.6,264.0,Action,44065653.0,1992,11,4,17.60119121611687,16.52356082573315
22000000.0,127.0,7.025657,6.6,155.0,Drama,221303188.0,1990,7,3,19.215044215220207,16.906553056777135
18000000.0,108.0,10.000775,6.2,77.0,Drama,18532286.0,1987,4,2,16.73502501212442,16.705882371415992
17010000.0,96.0,2.07443,5.5,32.0,Comedy,24941969.0,1991,8,3,17.03206248467163,16.64931202316099
4500000.0,114.0,12.701098,7.3,992.0,Drama,25000000.0,2000,12,4,17.034386422832473,15.319588176962746
1000000.0,109.0,2.709403,6.8,42.0,Comedy,6933459.0,1993,8,3,15.751869525067326,13.815511557963774
35000000.0,114.0,5.618237,6.6,54.0,Drama,4651977.0,1992,2,1,15.352803063460756,17.370858648025116
12000000.0,111.0,5.409557,6.2,151.0,Comedy,110996879.0,1987,4,2,18.52501265077346,16.300417291085605
14500000.0,93.0,6.958758,6.6,105.0,Action,8089290.0,1984,6,2,15.906051646133578,16.489659276356317
64000.0,85.0,11.30591,7.6,105.0,Drama,24517.0,1962,9,3,10.10716282065494,11.06665398721974
9500000.0,124.0,8.528622,7.0,341.0,Comedy,14560247.0,1990,5,2,16.49380563355479,16.066802461833923
24000000.0,134.0,7.505786,6.5,70.0,Action,18707466.0,1985,8,3,16.7444333069367,16.993564429978885
864000.0,123.0,4.466335,6.6,8.0,Drama,1276000.0,1936,8,3,14.059241526585625,13.66932920519293
886000.0,103.0,6.507597,7.1,47.0,Comedy,2600000.0,1936,8,3,14.77102238760702,13.694473358254752
2650000.0,147.0,4.471515,7.0,71.0,Drama,3100000.0,1962,7,3,14.946912992035967,14.790070575320824
100000.0,193.0,5.113205,6.4,109.0,Drama,11000000.0,1915,2,1,16.213405921671733,11.51293546492023
3000000.0,133.0,6.09018,7.3,85.0,Western,9012000.0,1948,8,3,16.014067691497427,14.914123179965662
531374.0,96.0,7.970462,7.6,216.0,Adventure,1103757.0,1939,3,1,13.91423127889216,13.183223265661091
5500000.0,113.0,7.01973,7.0,273.0,Action,42300873.0,1968,10,4,17.560318305741585,15.520258832020865
439000.0,89.0,4.718154,6.1,38.0,Music,2281000.0,1933,2,1,14.640124939670638,12.992256969959042
225000.0,87.0,1.533379,6.3,6.0,Comedy,2850000.0,1933,10,4,14.862829903121964,12.323860125621126
8000000.0,163.0,11.842837,6.8,69.0,Drama,27187653.0,1984,12,4,17.118273531164952,15.894952224644102
31000000.0,99.0,9.861765,7.3,647.0,Drama,177394432.0,2002,12,4,18.993886246287605,17.249497794707484
1152000.0,95.0,1.810574,6.6,25.0,Drama,1439000.0,1935,8,3,14.179459680796295,13.957010988293153
1000000.0,117.0,11.267366,7.7,808.0,Adventure,3301446.0,1984,3,1,15.009871415178806,13.815511557963774
20000000.0,106.0,7.907938,5.7,139.0,Action,66673516.0,1987,6,2,18.01531838556527,16.811242881518265
35000000.0,113.0,7.812379,5.6,145.0,Action,31755742.0,1979,12,4,17.27358414883558,17.370858648025116
900000.0,92.0,9.096254,5.1,120.0,Comedy,8556940.0,1993,1,1,15.962253324436606,13.710151153416941
16000000.0,91.0,5.857368,5.5,13.0,Action,4409328.0,1991,2,1,15.299233081651394,16.588099342704055
18000000.0,94.0,11.863954,6.0,313.0,Romance,62646763.0,2003,11,4,17.953022585937223,16.705882371415992
140000000.0,154.0,19.582325,7.3,1946.0,Drama,456758981.0,2003,12,4,19.939666418053665,18.757152987716434
70000000.0,125.0,14.739983,7.6,2064.0,Adventure,122919055.0,2003,12,4,18.627036615405334,18.064005814299346
80000000.0,128.0,8.524847,6.3,422.0,Drama,266728738.0,2003,12,4,19.401742741127066,18.197537205138154
55000000.0,118.0,6.96675,5.1,194.0,Comedy,33828318.0,2003,12,4,17.33680884989773,17.822843761378564
94000000.0,201.0,29.324358,8.1,8226.0,Adventure,1118888979.0,2003,12,4,20.83560204777065,18.358805350872576
10000000.0,108.0,5.109575,6.6,94.0,Comedy,96542059.0,2003,9,3,18.385489326274328,16.118095750958314
16500000.0,126.0,9.245145,7.0,202.0,Drama,16942795.0,2003,12,4,16.6453532866971,16.61887099947687
8000000.0,110.0,7.189024,7.0,500.0,Crime,60378584.0,2003,11,4,17.916145047056144,15.894952224644102
40000000.0,98.0,7.364297,6.0,725.0,Comedy,190212113.0,2003,12,4,19.063650396899124,17.50439003707821
79000000.0,154.0,9.645543,6.7,545.0,Drama,173013509.0,2003,12,4,18.968880241898542,18.184958423089522
60000000.0,119.0,12.571789,5.9,594.0,Action,96269812.0,2003,12,4,18.38266535929875,17.909855136853043
100000000.0,113.0,8.98628,6.9,671.0,Adventure,121975011.0,2003,12,4,18.619326762046985,18.420680753952364
15000000.0,112.0,7.803563,5.7,21.0,Drama,2281585.0,2003,9,3,14.640381373138407,16.52356082573315
23000000.0,111.0,5.950792,6.1,154.0,Comedy,12.0,2004,1,1,2.5649493574615367,16.951004817371683
42000000.0,90.0,15.725542,5.8,795.0,Comedy,171963386.0,2004,1,1,18.962792145839416,17.553180200057167
40000000.0,84.0,5.574983,4.7,121.0,Action,46546197.0,2004,1,1,17.6559558827341,17.50439003707821
6500000.0,144.0,5.702638,6.2,144.0,Drama,26533200.0,1974,3,1,17.09390737469688,15.687312888712007
10700000.0,89.0,1.060709,3.0,5.0,Action,1238080.0,1994,1,1,14.029073158196208,16.185754392890075
6000000.0,99.0,7.96433,6.8,30.0,Action,3283371.0,1993,8,3,15.004381501060564,15.607270193858982
49000000.0,104.0,3.834949,6.2,72.0,Action,20423389.0,1990,7,3,16.83219137063409,17.707330876483063
15000000.0,81.0,3.799983,5.4,35.0,Romance,13290368.0,1987,9,3,16.402550195541,16.52356082573315
30000000.0,102.0,11.781895,4.9,135.0,Animation,14110589.0,1992,7,3,16.462436137270892,17.216707972959764
11000000.0,100.0,4.08938,5.1,21.0,Drama,1044824.0,1993,9,3,13.859359965242536,16.213405921671733
13000000.0,113.0,12.994939,7.3,2119.0,Science Fiction,96060858.0,2004,1,1,18.38049249648868,16.380459992348886
17000000.0,95.0,5.924226,5.5,163.0,Comedy,16980098.0,2004,1,1,16.647552569219172,16.648723960844016
50000000.0,88.0,6.496271,5.0,77.0,Comedy,6808550.0,2004,1,1,15.733689880155417,17.72753358339242
850000.0,107.0,3.334942,6.8,57.0,Drama,819939.0,2003,7,3,13.61698644583162,13.652992804936396
18000000.0,106.0,8.353739,5.7,77.0,Comedy,65070412.0,2004,1,1,17.990980518461935,16.705882371415992
18000000.0,92.0,5.226389,5.0,78.0,Family,16702864.0,2004,2,1,16.631090819559013,16.705882371415992
28000000.0,135.0,8.248999,7.0,162.0,Drama,64445708.0,2004,2,1,17.981333706389798,17.147715103853763
15000000.0,115.0,6.685981,7.2,680.0,Drama,15121165.0,2003,9,3,16.53160604214446,16.52356082573315
70000.0,110.0,1.411831,7.7,10.0,Comedy,11800000.0,1975,10,4,16.283610174181653,11.156264806643742
2000000.0,100.0,14.379879,6.6,355.0,Crime,4601043.0,2003,8,3,15.341793792230327,14.508658238524095
1100000.0,117.0,0.838095,6.4,10.0,Drama,400200.0,1922,1,1,12.899722199879273,13.910821646859095
18000000.0,94.0,1.975174,3.6,25.0,Action,19265302.0,1984,7,3,16.773816263922864,16.705882371415992
75000000.0,99.0,11.134888,6.6,2161.0,Comedy,196482882.0,2004,2,1,19.096085876064585,18.132998684833918
30000000.0,110.0,3.832792,4.8,54.0,Comedy,14000000.0,2004,2,1,16.454567959008102,17.216707972959764
1300000.0,99.0,5.184013,7.1,110.0,Action,72266306.0,1971,1,1,18.095868561912003,14.077875591662238
1135654.0,149.0,3.878515,7.4,37.0,Action,1213880.0,1924,3,1,14.009333222732756,13.942720134954806
12500000.0,100.0,6.138795,5.0,101.0,Action,238227.0,1985,3,1,12.380983477273837,16.341239282272525
8500000.0,106.0,9.292099,5.5,159.0,Action,16209459.0,1986,6,2,16.60110558038708,15.955576839107596
39000000.0,106.0,1.381022,4.5,32.0,Romance,6614280.0,2004,2,1,15.704741657257914,17.479072229734946
15000000.0,89.0,7.423275,5.1,228.0,Comedy,29331068.0,2004,2,1,17.194157887613006,16.52356082573315
25000000.0,93.0,6.275468,6.5,673.0,Comedy,20796847.0,2004,2,1,16.850311994726894,17.034386422832473
30000000.0,127.0,13.194168,6.9,888.0,Drama,611899420.0,2004,2,1,20.232078482199277,17.216707972959764
8500000.0,104.0,6.57613,5.1,107.0,Comedy,5001655.0,2004,2,1,15.425279615563761,15.955576839107596
25000000.0,86.0,4.475359,6.0,154.0,Drama,27685016.0,2004,2,1,17.136401922289945,17.034386422832473
50000000.0,97.0,5.376246,5.3,127.0,Action,25195000.0,2004,2,1,17.04215615978725,17.72753358339242
4800000.0,121.0,10.605595,7.4,602.0,Comedy,79384880.0,2003,2,1,18.18981849246888,15.38412668421143
100000000.0,136.0,8.140709,6.5,321.0,Western,108103450.0,2004,3,1,18.498599206244183,18.420680753952364
60000000.0,101.0,10.776138,5.6,661.0,Comedy,170268750.0,2004,3,1,18.952888634961454,17.909855136853043
26000000.0,100.0,12.59201,5.2,145.0,Comedy,28818995.0,2004,6,2,17.176545311010024,17.073607134447293
25000000.0,108.0,13.083718,6.3,844.0,Comedy,30411183.0,2004,4,2,17.230320993456615,17.034386422832473
40000000.0,96.0,9.524283,6.4,1007.0,Thriller,92913171.0,2004,3,1,18.34717598060086,17.50439003707821
19250000.0,102.0,7.364519,6.3,104.0,Mystery,8112712.0,2004,3,1,15.908942895427925,16.773021670646116
19000000.0,89.0,2.459293,5.3,17.0,Comedy,7411659.0,1994,4,2,15.818564993775622,16.759949589762293
12.0,84.0,1.410322,4.9,16.0,Fantasy,1.0,1996,10,4,0.6931471805599453,2.5649493574615367
28000000.0,101.0,13.157873,6.8,1039.0,Fantasy,102356381.0,2004,3,1,18.443971222792964,17.147715103853763
20000000.0,108.0,12.906327,7.9,3758.0,Science Fiction,72258126.0,2004,3,1,18.095755363059983,16.811242881518265
45000000.0,103.0,7.85646,6.0,356.0,Action,65470529.0,2004,3,1,17.997110675695335,17.622173069956816
5000000.0,105.0,3.715985,6.4,51.0,Romance,4856298.0,2003,8,3,15.39578718313728,15.424948670398354
35000000.0,102.0,5.706507,5.8,333.0,Comedy,36098382.0,2004,3,1,17.40175863005614,17.370858648025116
3000000.0,88.0,6.212433,5.7,34.0,Action,5923000.0,2004,3,1,15.59435380409245,14.914123179965662
10000000.0,178.0,9.808595,7.6,619.0,Crime,16680836.0,2003,5,2,16.629771133492024,16.118095750958314
66000000.0,122.0,13.206854,6.5,2278.0,Fantasy,99318987.0,2004,4,2,18.413847329265177,18.005165315142214
110000000.0,76.0,8.555544,5.7,405.0,Animation,103951461.0,2004,4,2,18.459434636623456,18.5159909328476
56000000.0,86.0,10.577565,6.0,387.0,Adventure,57223890.0,2004,4,2,17.86248204397335,17.840862266556567
12000000.0,97.0,3.223039,4.8,31.0,Comedy,31179516.0,2004,4,2,17.255271930774757,16.300417291085605
145000000.0,137.0,12.240901,5.8,108.0,Western,25819961.0,2004,4,2,17.066658471654346,18.7922443072814
31000000.0,96.0,11.316988,5.9,454.0,Family,27388767.0,2004,4,2,17.125643560307957,17.249497794707484
40000000.0,98.0,7.15606,5.5,282.0,Comedy,26155781.0,2004,4,2,17.07958083302083,17.50439003707821
13000000.0,220.0,11.14704,7.5,358.0,Drama,122700000.0,1956,10,4,18.625252917831098,16.380459992348886
650000.0,127.0,19.24201,7.4,597.0,Horror,55000000.0,1978,9,3,17.822843761378564,13.384729180332174
5600000.0,138.0,5.191425,6.4,40.0,Action,29950000.0,1965,6,2,17.215039915914712,15.53827733427679
4500000.0,97.0,6.583161,7.4,251.0,Comedy,10609321.0,1985,9,3,16.177243606569082,15.319588176962746
20000000.0,98.0,9.502332,6.4,24.0,Music,11341016.0,2004,4,2,16.243936534782325,16.811242881518265
30000000.0,136.0,21.533072,7.7,4061.0,Action,152159461.0,2004,4,2,18.840439621003263,17.216707972959764
33000000.0,124.0,18.250919,6.1,786.0,Action,54700105.0,2004,4,2,17.81737620523311,17.312018149733785
6400000.0,93.0,5.235419,5.9,46.0,Drama,2500000.0,2003,9,3,14.731801689838349,15.671808704579888
37000000.0,98.0,12.632595,6.3,1260.0,Comedy,96455697.0,2004,4,2,18.384594372813115,17.426428497635523
70000000.0,146.0,9.635691,7.3,1583.0,Action,130293714.0,2004,4,2,18.685301806089065,18.064005814299346
25000000.0,102.0,11.271148,4.7,114.0,Drama,30114487.0,2004,4,2,17.22051694282116,17.034386422832473
28000000.0,90.0,5.739139,5.6,104.0,Action,30016165.0,2004,4,2,17.21724666115659,17.147715103853763
17000000.0,97.0,11.454835,6.9,2401.0,Comedy,129042871.0,2004,4,2,18.67565524819815,16.648723960844016
6000000.0,90.0,0.33262,6.5,1.0,Drama,293793.0,2004,5,2,12.59063412045756,15.607270193858982
160000000.0,132.0,12.643312,6.0,1674.0,Horror,300257475.0,2004,5,2,19.52015091786501,18.8906843794481
800000.0,94.0,7.137026,7.3,24.0,Drama,62852.0,2003,1,1,11.048553945576122,13.592368256649284
175000000.0,163.0,15.387275,6.9,2841.0,Adventure,497409852.0,2004,5,2,20.024924898144217,18.980296537602072
55000000.0,96.0,13.374415,5.4,126.0,Action,6416302.0,2002,1,1,15.674352653099175,17.822843761378564
40000000.0,108.0,9.802889,6.7,253.0,Drama,12303411.0,1985,12,4,16.325387180248814,17.50439003707821
850000.0,99.0,10.687757,7.3,489.0,Action,90000000.0,1973,8,3,18.31532023940565,13.652992804936396
9500000.0,117.0,10.359669,6.5,541.0,Action,111584787.0,1967,6,2,18.530295290376944,16.066802461833923
27500000.0,131.0,10.619302,6.2,534.0,Adventure,187500000.0,1983,6,2,19.049289408708074,17.129696599000436
36000000.0,134.0,10.231985,5.8,348.0,Adventure,160000000.0,1983,10,4,18.8906843794481,17.399029524198163
350000.0,96.0,1.553107,6.7,21.0,Drama,2400000.0,1985,10,4,14.690979711984754,12.765691290604371
10000000.0,114.0,9.836894,6.4,138.0,Crime,8801940.0,1984,10,4,15.990482823308668,16.118095750958314
500000.0,106.0,4.368765,7.5,65.0,Drama,2500000.0,1962,5,2,14.731801689838349,13.122365377402328
12000000.0,91.0,8.816951,5.9,66.0,Drama,37170057.0,1992,8,3,17.43101410267039,16.300417291085605
12000000.0,101.0,4.179487,7.0,38.0,Comedy,2280148.0,1992,3,1,14.63975134967254,16.300417291085605
5900000.0,122.0,4.621214,7.0,99.0,Thriller,51718367.0,1979,3,1,17.761323556845714,15.59046307836746
134000.0,73.0,5.110716,6.9,96.0,Thriller,4000000.0,1942,12,4,15.201805169084134,11.80560254159177
1000000.0,95.0,2.261946,5.7,19.0,Action,18300000.0,1978,6,2,16.722411672456456,13.815511557963774
50000000.0,102.0,6.678661,4.6,109.0,Action,49000000.0,1994,2,1,17.707330876483063,17.72753358339242
1070000.0,95.0,0.170074,5.1,4.0,Comedy,570000.0,1998,5,2,13.25339339419516,13.883170141017091
25000000.0,109.0,4.935932,6.2,120.0,Adventure,9873044.0,1985,7,3,16.10531887446834,17.034386422832473
4000000.0,93.0,11.457298,7.4,451.0,Action,22490039.0,1979,2,1,16.92858310250217,15.201805169084134
25000000.0,128.0,3.240624,7.1,33.0,History,3052000.0,1970,10,4,14.931307999040428,17.034386422832473
600000.0,225.0,3.624542,7.1,67.0,History,34505110.0,1970,3,1,17.356618015956748,13.304686600863562
4638783.0,106.0,5.781236,7.2,67.0,Western,11000000.0,1973,5,2,16.213405921671733,15.349962820890848
3716946.0,121.0,2.537955,6.9,48.0,Action,5000000.0,1970,5,2,15.424948670398354,15.128413190366862
7000000.0,127.0,7.218957,6.2,23.0,Drama,191125.0,1991,5,2,12.16068817539557,15.76142084987672
3000000.0,125.0,2.560454,6.9,36.0,Drama,12000000.0,1964,8,3,16.300417291085605,14.914123179965662
11000000.0,102.0,6.372135,6.4,106.0,Action,8862354.0,1990,2,1,15.997323088616744,16.213405921671733
1300000.0,97.0,12.630419,5.7,136.0,Drama,447741.0,2002,8,3,13.011972452649996,14.077875591662238
22000000.0,175.0,7.719173,7.0,210.0,Drama,50750000.0,1977,6,2,17.742422195590603,16.906553056777135
8000000.0,84.0,5.892277,7.2,104.0,Comedy,10600497.0,1984,1,1,16.17641153911079,15.894952224644102
4500000.0,86.0,7.522655,6.5,105.0,Horror,1261000.0,1986,6,2,14.047416407968154,15.319588176962746
25000000.0,95.0,3.596317,5.6,38.0,Comedy,1614266.0,1996,3,1,14.294391541639703,17.034386422832473
210000.0,81.0,1.569865,4.5,14.0,Horror,107352.0,1988,5,2,11.583877748887568,12.25486757159303
300000.0,80.0,6.064898,6.0,125.0,Action,8000000.0,1975,4,2,15.894952224644102,12.611541086966115
3352254.0,118.0,10.037593,7.0,120.0,Action,58831997.0,1972,12,4,17.890196448528084,15.025143811676312
500000.0,110.0,8.212399,7.2,359.0,Drama,3000000.0,1973,10,4,14.914123179965662,13.122365377402328
3500000.0,121.0,8.55931,6.3,37.0,Action,12000000.0,1966,2,1,16.300417291085605,15.068273812173887
250000.0,101.0,3.66229,5.2,56.0,Drama,144008.0,2002,6,2,11.877631076605095,12.429220196836383
34000000.0,111.0,7.176726,5.6,13.0,Drama,18634643.0,1991,9,3,16.74053298687615,17.341871111992198
1271000.0,81.0,7.441117,7.0,88.0,Crime,3788000.0,1955,1,1,15.147348997279623,14.055315336953344
950000.0,103.0,2.526159,6.6,28.0,Drama,814666.0,1968,9,3,13.610534719770733,13.76421831620775
2090000.0,109.0,3.129943,6.6,53.0,Comedy,40000000.0,1970,7,3,17.50439003707821,14.55267510240978
36000000.0,189.0,2.151436,5.8,11.0,Drama,1345903.0,1991,12,4,14.112576464206395,17.399029524198163
4200000.0,88.0,10.644165,6.7,198.0,Horror,5835247.0,1990,10,4,15.579427324941848,15.250595321348806
1114000.0,99.0,2.886254,6.8,24.0,Drama,2610000.0,1933,12,4,14.774861162440565,13.923468597135031
7200000.0,111.0,9.190328,6.6,91.0,Drama,68392977.0,1984,7,3,18.040780716504084,15.789591722875162
6000000.0,131.0,3.189566,7.0,60.0,Action,7500000.0,1972,1,1,15.830413711839864,15.607270193858982
2000000.0,124.0,8.999948,7.2,78.0,Drama,21750000.0,1954,6,2,16.89512436147598,14.508658238524095
8000000.0,111.0,11.837667,7.3,581.0,Crime,43000000.0,1979,6,2,17.57671069691365,15.894952224644102
150000000.0,93.0,16.22986,6.7,3082.0,Adventure,919838758.0,2004,5,2,20.639708950690668,18.826145858727198
125000000.0,124.0,15.049695,6.2,2462.0,Action,544272402.0,2004,5,2,20.114960420300196,18.643824303266577
50000000.0,119.0,12.448933,5.9,195.0,Drama,49718611.0,2004,5,2,17.72188990788566,17.72753358339242
16000000.0,86.0,8.604389,4.7,109.0,Romance,14822346.0,2004,5,2,16.511646532365,16.588099342704055
2500000.0,112.0,3.551063,6.3,18.0,Drama,1062253.0,2003,1,1,13.875903623561872,14.731801689838349
130000000.0,141.0,28.460276,7.7,6037.0,Adventure,789804554.0,2004,5,2,20.487296074083048,18.683045016112164
27000000.0,106.0,7.600017,6.3,339.0,Mystery,21148829.0,2004,5,2,16.867095142777465,17.11134746100564
105000000.0,119.0,5.060352,6.3,1593.0,Action,115772733.0,2004,6,2,18.567139637692993,18.46947091764561
50000000.0,80.0,10.003679,5.2,851.0,Animation,200804534.0,2004,6,2,19.117842530188174,17.72753358339242
90000000.0,93.0,10.81552,5.4,339.0,Action,102000000.0,2004,6,2,18.440483381052466,18.31532023940565
400000.0,95.0,10.287419,6.7,567.0,Comedy,46118097.0,2004,6,2,17.646716012271884,12.899222326086994
27000000.0,132.0,1.408176,6.3,30.0,Drama,14683921.0,1992,4,2,16.50226371168064,17.11134746100564
12000000.0,122.0,8.337242,6.6,24.0,Drama,38120905.0,1991,7,3,17.45627340351926,16.300417291085605
802000.0,104.0,6.165341,6.2,12.0,Drama,4371000.0,1942,10,4,15.290502602626026,13.594865133730668
14320000.0,176.0,0.585397,6.0,7.0,Drama,14000000.0,1968,7,3,16.454567959008102,16.477167789329172
11000000.0,124.0,2.27258,5.9,16.0,Drama,2200000.0,1970,1,1,14.603968372873895,16.213405921671733
5000000.0,90.0,0.399156,5.0,6.0,Comedy,485772.0,1991,2,1,13.093496715578334,15.424948670398354
1000000.0,100.0,2.828371,6.2,33.0,Action,7800000.0,1949,12,4,15.86963441986494,13.815511557963774
65000.0,100.0,5.266103,6.6,520.0,Documentary,28575078.0,2004,1,1,17.168045532295746,11.082157933374816
360000.0,113.0,1.345165,5.3,13.0,Action,36000000.0,1967,8,3,17.399029524198163,12.793862088206213
6000000.0,97.0,5.648114,6.9,192.0,Action,5844868.0,1986,2,1,15.581074740318925,15.607270193858982
2300000.0,107.0,2.01799,6.9,18.0,Music,11000000.0,1951,7,3,16.213405921671733,14.648420115681892
110000000.0,120.0,7.825072,5.7,687.0,Action,72178895.0,2004,6,2,18.09465826196635,18.5159909328476
20000000.0,92.0,11.967379,6.2,1009.0,Comedy,167722310.0,2004,6,2,18.93782025908915,16.811242881518265
60000000.0,128.0,14.092373,7.1,1974.0,Comedy,219417255.0,2004,6,2,19.206485753578583,17.909855136853043
37000000.0,109.0,7.723341,6.3,704.0,Comedy,113086475.0,2004,6,2,18.5436633583398,17.426428497635523
29000000.0,123.0,15.239013,7.7,3163.0,Romance,115603229.0,2004,6,2,18.565674454988674,17.182806422433504
74500000.0,109.0,5.300303,6.9,185.0,Adventure,62172050.0,2004,4,2,17.94541611588955,18.126309696772605
2000000.0,101.0,1.81433,6.2,20.0,Comedy,30000000.0,1969,9,3,17.216707972959764,14.508658238524095
20000000.0,107.0,7.180346,6.2,33.0,Adventure,305070.0,1994,9,3,12.628299815384132,16.811242881518265
5000000.0,96.0,5.547398,7.0,103.0,Action,20146880.0,1992,1,1,16.818560045294014,15.424948670398354
14500000.0,82.0,5.892859,5.5,367.0,Action,65497208.0,2003,1,1,17.997518089010597,16.489659276356317
1880006.0,106.0,5.549621,6.7,240.0,Comedy,26713187.0,1987,12,4,17.1006679340102,14.446786058203456
6000000.0,122.0,6.83946,6.9,403.0,Unknown,119114517.0,2004,6,2,18.595595924461694,15.607270193858982
4000000.0,90.0,0.737602,6.1,4.0,Action,389503.0,1995,1,1,12.872629413816588,15.201805169084134
2700000.0,93.0,3.427039,6.7,56.0,Drama,5000000.0,1975,9,3,15.424948670398354,14.80876270134486
15000000.0,101.0,5.984133,6.5,225.0,Adventure,28733290.0,1984,7,3,17.17356697364686,16.52356082573315
200000000.0,127.0,10.834506,6.7,4432.0,Action,783766341.0,2004,6,2,20.47962150073071,19.11382792951231
2700000.0,80.0,7.048957,7.6,734.0,Drama,15992615.0,2004,2,1,16.587637673680156,14.80876270134486
120000000.0,126.0,8.862107,6.1,827.0,Adventure,203567857.0,2004,7,3,19.131509961808767,18.603002309079653
26000000.0,94.0,10.33012,6.7,1523.0,Comedy,90574188.0,2004,7,3,18.321679840799725,17.073607134447293
19000000.0,95.0,8.385361,6.1,737.0,Comedy,70067909.0,2004,7,3,18.064975472586333,16.759949589762293
120000000.0,115.0,14.43075,6.7,3889.0,Action,347234916.0,2004,7,3,19.665512103090222,18.603002309079653
15000000.0,162.0,7.281721,6.6,83.0,History,50000000.0,1962,11,4,17.72753358339242,16.52356082573315
75000000.0,108.0,20.40426,7.2,2873.0,Action,288500217.0,2004,7,3,19.480206399544723,18.132998684833918
100000000.0,104.0,13.340272,4.2,833.0,Action,82102379.0,2004,7,3,18.22347756304024,18.420680753952364
6500000.0,96.0,4.136105,6.8,45.0,Romance,1548955.0,2004,7,3,14.25309171357271,15.687312888712007
5000000.0,102.0,2.44274,5.8,15.0,Comedy,24854765.0,1976,4,2,17.028560082861887,15.424948670398354
1455000.0,113.0,6.229674,5.4,12.0,Western,2620000.0,1968,11,4,14.778685257416596,14.190517145872716
5000000.0,100.0,3.078111,5.8,18.0,Fantasy,3569939.0,1988,7,3,15.088059346891898,15.424948670398354
22000000.0,84.0,4.196125,5.5,21.0,Comedy,11000863.0,1991,10,4,16.21348437313266,16.906553056777135
160000.0,84.0,4.431293,7.5,63.0,Comedy,100655.0,1961,9,3,11.519464041809812,11.982935344196433
80000000.0,129.0,10.796939,6.2,401.0,Drama,96105964.0,2004,7,3,18.380961942773837,18.197537205138154
57000000.0,95.0,14.363421,4.2,92.0,Action,28283637.0,2004,7,3,17.157794032868882,17.858561843342684
60000000.0,108.0,8.172707,6.2,1101.0,Drama,256697520.0,2004,7,3,19.36340898860736,17.909855136853043
2500000.0,102.0,11.630809,7.1,631.0,Comedy,26781723.0,2004,7,3,17.10323027255553,14.731801689838349
65000000.0,120.0,13.455112,7.0,1476.0,Drama,217764291.0,2004,8,3,19.19892380644542,17.989897843244528
35000000.0,111.0,5.093704,5.2,114.0,Comedy,22034832.0,2004,8,3,16.90813507737768,17.370858648025116
9000000.0,88.0,8.344105,6.6,709.0,Comedy,23936908.0,2004,5,2,16.990932135305314,16.012735246411598
40000000.0,113.0,8.248895,6.0,726.0,Comedy,95149435.0,2004,8,3,18.370959224205944,17.50439003707821
70000000.0,101.0,12.636205,5.6,1241.0,Adventure,171183863.0,2004,8,3,18.958248764893437,18.064005814299346
20000000.0,90.0,5.946085,5.4,71.0,Adventure,29170410.0,2004,8,3,17.18866543156295,16.811242881518265
3000000.0,101.0,2.127661,5.8,29.0,Drama,2037545.0,2004,1,1,14.527256700529422,14.914123179965662
19000000.0,95.0,6.046516,5.3,217.0,Action,69631118.0,2004,8,3,18.058722137448797,16.759949589762293
80000000.0,114.0,13.02369,4.7,189.0,Horror,78000586.0,2004,8,3,18.172226910266573,18.197537205138154
20000000.0,97.0,10.749404,4.9,200.0,Adventure,70992898.0,2004,8,3,18.07809041591934,16.811242881518265
27000000.0,99.0,7.550891,5.5,99.0,Crime,13000000.0,2004,8,3,16.380459992348886,17.11134746100564
23000000.0,141.0,6.614456,5.5,75.0,Drama,16123851.0,2004,9,3,16.59581022431326,16.951004817371683
16000000.0,97.0,1.758079,4.6,10.0,Comedy,12.0,2004,9,3,2.5649493574615367,16.588099342704055
20000000.0,84.0,12.553403,5.8,52.0,Action,16605763.0,2004,9,3,16.625260421972424,16.811242881518265
30000000.0,114.0,5.605652,6.7,159.0,Drama,13001257.0,2004,9,3,16.38055667997474,17.216707972959764
1200000.0,90.0,6.942907,6.1,71.0,Horror,3109904.0,1988,10,4,14.950102737065064,13.997832948091215
25000000.0,94.0,5.918816,6.1,548.0,Action,56422687.0,2004,9,3,17.848381905083148,17.034386422832473
45000000.0,94.0,7.850797,6.1,1286.0,Horror,129394835.0,2004,9,3,18.67837903197046,17.622173069956816
30000000.0,104.0,4.902869,5.0,66.0,Comedy,21800302.0,2004,6,2,16.897434426745296,17.216707972959764
70000000.0,107.0,9.64113,5.7,445.0,Mystery,57958696.0,2004,9,3,17.87524119414266,18.064005814299346
31000000.0,98.0,14.224013,6.0,303.0,Comedy,41512007.0,2004,9,3,17.541493292745052,17.249497794707484
42000000.0,91.0,6.40146,5.5,359.0,Crime,117575636.0,2004,9,3,18.582592403599122,17.553180200057167
15000000.0,89.0,7.665431,5.4,65.0,Comedy,1914166.0,2004,9,3,14.464793099017449,16.52356082573315
4000000.0,99.0,14.902948,7.5,2479.0,Horror,30039392.0,2004,4,2,17.218020178264577,15.201805169084134
2000000.0,106.0,0.632261,4.8,6.0,Drama,4000000.0,1938,5,2,15.201805169084134,14.508658238524095
6000000.0,92.0,5.253453,5.5,69.0,Drama,14717854.0,1977,7,3,16.504571940538103,15.607270193858982
47000000.0,154.0,11.618792,6.1,180.0,Action,7191399.0,1992,10,4,15.788396425624528,17.665658180950928
75000000.0,90.0,17.999273,5.8,1612.0,Animation,367275019.0,2004,9,3,19.721621498675873,18.132998684833918
60000000.0,115.0,7.650411,6.2,213.0,Drama,74541707.0,2004,10,4,18.126869365624614,17.909855136853043
15000000.0,103.0,4.387004,6.0,221.0,Music,14867514.0,2004,8,3,16.514689189474435,16.52356082573315
25000000.0,97.0,7.745017,4.8,245.0,Thriller,36609966.0,2004,10,4,17.41583108370295,17.034386422832473
7000.0,77.0,7.15307,6.9,671.0,Science Fiction,424760.0,2004,10,4,12.959281936785658,8.853808274977197
50000000.0,107.0,9.082538,5.9,308.0,Drama,170128460.0,2004,10,4,18.952064362593777,17.72753358339242
32000000.0,98.0,11.428941,6.6,667.0,Music,50907422.0,2004,10,4,17.745519305858394,17.281246492014
780000.0,93.0,2.096666,5.7,20.0,Action,1500000.0,1976,7,3,14.220976332738882,13.567050480716235
30000000.0,118.0,13.041943,7.0,154.0,Drama,61255921.0,2004,10,4,17.930571088429634,17.216707972959764
218.0,91.0,1.620207,7.5,22.0,Documentary,1162014.0,2003,10,4,13.965666125088646,5.389071729816501
45000000.0,91.0,8.698971,5.1,107.0,Comedy,14793624.0,2004,9,3,16.50970690269458,17.622173069956816
10000000.0,92.0,9.740827,5.8,889.0,Horror,183474602.0,2004,10,4,19.02758681261053,16.118095750958314
60000000.0,103.0,10.411608,5.5,255.0,Comedy,13395939.0,2004,10,4,16.410462233937263,17.909855136853043
16000000.0,126.0,12.646518,6.9,484.0,Comedy,109502303.0,2004,10,4,18.51145614809536,16.588099342704055
5000000.0,101.0,10.737565,7.3,1280.0,Thriller,8203235.0,2004,2,1,15.920039268533248,15.424948670398354
1200000.0,103.0,23.508433,7.2,2255.0,Horror,103911669.0,2004,10,4,18.459051769300107,13.997832948091215
40000000.0,152.0,10.603762,7.2,481.0,Drama,124731534.0,2004,10,4,18.641674265608383,17.50439003707821
92000000.0,115.0,22.220214,7.4,5290.0,Action,631442092.0,2004,11,4,20.263516798004815,18.33729914588288
165000000.0,100.0,14.27536,6.4,1524.0,Adventure,305875730.0,2004,11,4,19.538689469589396,18.92145603792546
12000000.0,87.0,15.216315,4.9,302.0,Drama,24829644.0,2004,11,4,17.02754886016104,16.300417291085605
60000000.0,97.0,11.945666,6.0,227.0,Action,61347797.0,2004,11,4,17.93206983605651,17.909855136853043
50000000.0,108.0,7.78817,6.1,775.0,Comedy,40203020.0,2004,11,4,17.509452700019416,17.72753358339242
25000000.0,106.0,15.529604,7.2,1269.0,Drama,116766556.0,2004,10,4,18.57568726030419,17.034386422832473
7000000.0,192.0,3.319516,7.5,67.0,Drama,29385320.0,2004,11,4,17.19600582191001,15.76142084987672
100000000.0,131.0,18.932203,6.4,1974.0,Adventure,347451894.0,2004,11,4,19.6661367817319,18.420680753952364
5000000.0,106.0,7.66414,7.1,223.0,Crime,40266982.0,2004,3,1,17.511042410726287,15.424948670398354
30000000.0,87.0,11.213712,6.7,593.0,Animation,140161792.0,2004,11,4,18.75830797759336,17.216707972959764
155000000.0,175.0,13.498641,5.6,957.0,War,167298192.0,2004,11,4,18.935288364942355,18.858935681335133
27000000.0,104.0,10.860952,6.7,845.0,Drama,115505027.0,2004,12,4,18.564824619446146,17.11134746100564
110000000.0,125.0,11.869347,6.4,2169.0,Thriller,362744280.0,2004,12,4,19.70920868392545,18.5159909328476
65000000.0,123.0,18.860681,5.7,1276.0,Science Fiction,128905366.0,2004,12,4,18.674589103970472,17.989897843244528
900000.0,72.0,2.738268,6.1,22.0,Comedy,10000000.0,1960,7,3,16.118095750958314,13.710151153416941
3000000.0,91.0,2.395067,6.7,25.0,Comedy,7100000.0,1960,12,4,15.775605482856605,14.914123179965662
16000000.0,97.0,1.054438,5.6,12.0,Drama,174318.0,2004,5,2,12.068642233025637,16.588099342704055
19885552.0,109.0,6.118228,6.5,128.0,Drama,19724334.0,1993,3,1,16.797363710566426,16.805504046144204
17311.0,59.0,0.680407,4.8,11.0,Drama,137365.0,1915,12,4,11.83040417545605,9.759155181646207
245000.0,151.0,2.084627,7.0,22.0,Drama,22000000.0,1925,11,4,16.906553056777135,12.409017571151187
200000.0,66.0,1.840758,5.2,28.0,Comedy,2200000.0,1933,2,1,14.603968372873895,12.206077645517674
243000.0,91.0,2.000496,6.5,23.0,Drama,950000.0,1935,5,2,13.76421831620775,12.400820837540556
2000000.0,119.0,1.52854,6.5,8.0,Adventure,9172000.0,1940,8,3,16.031666031987402,14.508658238524095
2627000.0,120.0,0.662665,6.0,8.0,Drama,5363000.0,1944,3,1,15.495034264427845,14.781353449329957
1243000.0,106.0,3.803268,6.1,39.0,Action,2841000.0,1948,12,4,14.859667012825,14.033039174997754
2500000.0,125.0,5.499979,6.8,68.0,Western,3000000.0,1948,3,1,14.914123179965662,14.731801689838349
3700000.0,102.0,1.830178,6.6,17.0,Music,2956000.0,1948,6,2,14.899347899345166,15.123843647884687
3768785.0,107.0,2.090588,7.3,22.0,Action,8000000.0,1950,5,2,15.894952224644102,15.142263491650816
3500000.0,149.0,3.473993,7.4,46.0,Drama,12800000.0,1959,6,2,16.36495580701484,15.068273812173887
15000.0,90.0,1.274228,2.8,18.0,Horror,3274.0,1962,6,2,8.094073148069352,9.61587214452889
19000000.0,178.0,5.857488,6.5,68.0,Adventure,13680000.0,1962,11,4,16.431445543258093,16.759949589762293
800000.0,121.0,11.322173,7.8,167.0,Drama,921548.0,1966,9,3,13.733811228850863,13.592368256649284
280379.0,90.0,8.913793,6.1,54.0,Horror,364937.0,1966,1,1,12.807482755122575,12.543901104922528
3800000.0,123.0,3.055936,6.2,41.0,War,14873.0,1965,4,2,9.607370001263245,15.150511887854474
5800000.0,133.0,4.412564,7.2,74.0,Action,6800000.0,1964,9,3,15.732433317205148,15.573368647930426
747000.0,107.0,2.775402,7.3,41.0,Mystery,44566.0,1968,3,1,10.704748953825517,13.523821802802145
2500000.0,92.0,5.352165,7.1,97.0,Action,3200000.0,1967,8,3,14.978661680269907,14.731801689838349
7000000.0,113.0,6.258456,7.1,78.0,Drama,1000000.0,1970,2,1,13.815511557963774,15.76142084987672
150000.0,97.0,1.435148,4.7,19.0,Action,15200000.0,1971,4,2,16.536806051605975,11.918397239722838
2500000.0,95.0,3.875842,6.8,26.0,Crime,2000000.0,1975,8,3,14.508658238524095,14.731801689838349
6500000.0,114.0,8.254209,6.8,101.0,Comedy,51079064.0,1976,12,4,17.748885284340876,15.687312888712007
3400000.0,94.0,5.101153,6.5,86.0,Comedy,31063038.0,1977,12,4,17.25152921378325,15.039286283703994
22000000.0,121.0,13.966833,7.5,104.0,Action,12000000.0,1977,6,2,16.300417291085605,16.906553056777135
9000000.0,103.0,3.336115,6.7,26.0,Action,38200000.0,1979,6,2,17.458346099754813,16.012735246411598
48740.0,81.0,0.545722,5.7,7.0,Romance,955401.0,1981,12,4,13.769887473299843,10.79427584399786
22000000.0,109.0,10.456371,5.9,117.0,Science Fiction,42313354.0,1983,2,1,17.560613315227297,16.906553056777135
10000000.0,94.0,8.20519,6.8,141.0,Action,2494480.0,1983,10,4,14.729591249497357,16.118095750958314
10000000.0,101.0,5.836054,6.2,164.0,Drama,29450919.0,1983,6,2,17.198235706962723,16.118095750958314
9000000.0,108.0,10.941991,5.8,15.0,Drama,6045657.0,1984,3,1,15.614850886396763,16.012735246411598
3400000.0,112.0,0.40319,5.2,5.0,Comedy,660537.0,1985,10,4,13.400809933462202,15.039286283703994
5000000.0,121.0,8.591834,7.7,37.0,Drama,502758.0,1985,5,2,13.12786620901619,15.424948670398354
15000000.0,96.0,4.079853,4.3,20.0,Comedy,12308521.0,1986,7,3,16.325802425964444,16.52356082573315
25000000.0,94.0,1.278665,5.1,12.0,Science Fiction,1579260.0,1986,11,4,14.272467574068333,17.034386422832473
3000000.0,101.0,8.587231,6.6,192.0,Horror,14182492.0,1987,10,4,16.467518874616722,14.914123179965662
1300000.0,102.0,11.582419,6.7,27.0,Crime,354704.0,1988,3,1,12.779041737081869,14.077875591662238
6900000.0,103.0,12.220581,7.6,768.0,Animation,18172849.0,1989,7,3,16.715439280026143,15.747032114495013
11000000.0,85.0,8.290384,6.4,289.0,Comedy,8266343.0,1990,4,2,15.927702889447257,16.213405921671733
2500000.0,85.0,5.097791,5.7,65.0,Comedy,205068.0,1990,6,2,12.231101786854252,14.731801689838349
10000000.0,96.0,7.176601,5.6,141.0,Action,47410000.0,1990,2,1,17.6743437559709,16.118095750958314
40000000.0,144.0,10.10753,5.5,20.0,Drama,9243140.0,1990,12,4,16.03939232091797,17.50439003707821
6000000.0,105.0,4.619068,5.9,179.0,Action,24078196.0,1990,6,2,16.996817300186308,15.607270193858982
4000000.0,94.0,1.456755,6.6,11.0,Drama,259012.0,1991,3,1,12.46463353247224,15.201805169084134
17000000.0,107.0,8.237799,6.4,66.0,Comedy,4603929.0,1991,7,3,15.342420844538038,16.648723960844016
13000000.0,95.0,2.62835,4.6,28.0,Fantasy,3752426.0,1991,1,1,15.137913388602993,16.380459992348886
14000000.0,91.0,6.892056,5.9,113.0,Action,39673161.0,1991,4,2,17.496185496901628,16.454567959008102
17000000.0,98.0,3.622179,6.5,31.0,Action,4836637.0,1992,8,3,15.391730409227764,16.648723960844016
8000000.0,95.0,5.970749,5.7,171.0,Action,6739141.0,1992,9,3,15.72344317508193,15.894952224644102
18000000.0,96.0,0.768367,5.0,4.0,Adventure,1528163.0,1993,11,4,14.239577572792099,16.705882371415992
5000000.0,97.0,1.155075,5.0,15.0,Science Fiction,2970.0,1993,11,4,7.9966538754626075,15.424948670398354
20000000.0,95.0,7.745765,4.4,52.0,Action,1531251.0,1999,4,2,14.24159625939677,16.811242881518265
891000.0,89.0,0.179246,6.9,5.0,Documentary,229000.0,1998,2,1,12.34148164933907,13.700100828786772
5200000.0,163.0,1.891138,6.7,29.0,Drama,13000000.0,1998,8,3,16.380459992348886,15.46416937585933
1530000.0,185.0,6.441119,7.5,93.0,Drama,15306000.0,1998,10,4,16.543755531685857,14.240778946963175
12000000.0,129.0,7.157169,6.9,208.0,Fantasy,19271312.0,2004,5,2,16.774128175069848,16.300417291085605
25697387.0,87.0,3.136813,5.9,120.0,Action,3849941.0,2001,1,1,15.163568641215425,17.061899910459093
2079000.0,183.0,4.558793,7.1,71.0,Drama,4099000.0,2001,7,3,15.226253843448387,14.547398047840515
4000000.0,121.0,6.314697,7.3,302.0,Action,1954937.0,2002,3,1,14.48586903734373,15.201805169084134
80000000.0,110.0,4.980191,4.8,111.0,Thriller,5989640.0,2005,5,2,15.605542035073528,18.197537205138154
140000000.0,108.0,12.817945,6.7,1521.0,Adventure,209073645.0,2004,12,4,19.15819712106597,18.757152987716434
12000000.0,103.0,1.14196,7.1,7.0,Romance,163536.0,2004,5,2,12.004794543411721,16.300417291085605
5000000.0,129.0,4.281103,7.5,95.0,Action,7338987.0,2002,11,4,15.808711516425713,15.424948670398354
8256269.0,97.0,7.474007,6.3,49.0,Action,460978.0,2003,10,4,13.041107767795873,15.926483469657105
3000000.0,120.0,10.616859,8.0,2000.0,Drama,14980005.0,2003,1,1,16.522226936587312,14.914123179965662
29000000.0,103.0,12.092096,6.8,459.0,Drama,21126225.0,2005,3,1,16.866025765026475,17.182806422433504
12806000.0,125.0,14.69768,7.2,224.0,Drama,38535221.0,2004,9,3,17.467083238174133,16.365424447149277
80000000.0,130.0,11.202764,5.8,375.0,Comedy,55041367.0,2004,12,4,17.823595605931654,18.197537205138154
80000000.0,128.0,12.047671,6.2,400.0,Crime,162944923.0,2005,4,2,18.90892281210294,18.197537205138154
130000.0,79.0,10.652818,5.3,320.0,Drama,54667954.0,2004,8,3,17.816788263915836,11.775297421715827
6500000.0,105.0,9.642214,7.0,565.0,Drama,11850214.0,2004,9,3,16.287856568840738,15.687312888712007
45000000.0,113.0,15.434731,5.7,282.0,Action,21009180.0,2004,12,4,16.860470090623977,17.622173069956816
500000.0,90.0,12.428269,6.9,110.0,Crime,603943.0,2004,1,1,13.31123675738684,13.122365377402328
50000000.0,110.0,16.15818,5.5,646.0,Drama,161451538.0,2005,3,1,18.899715587486085,17.72753358339242
10000000.0,125.0,1.551648,8.2,12.0,Drama,4069090.0,2003,9,3,15.218930190951005,16.118095750958314
700000.0,110.0,1.400186,6.0,18.0,Action,1600000.0,2003,8,3,14.285514812209815,13.45883704259595
8000000.0,138.0,5.126696,5.1,29.0,Comedy,365134.0,2004,7,3,12.808022427195864,15.894952224644102
350000.0,85.0,2.96237,6.7,61.0,Documentary,3515061.0,2004,12,4,15.072567721762665,12.765691290604371
2600000.0,105.0,2.203949,7.6,23.0,Documentary,3166000.0,2004,7,3,14.967979835279014,14.77102238760702
8700000.0,100.0,11.643026,6.8,540.0,Animation,7659918.0,2006,5,2,15.851511967248332,15.978833698567334
6000000.0,141.0,4.664474,5.7,74.0,Drama,1530216.0,2004,4,2,14.240920113377046,15.607270193858982
30000000.0,132.0,14.471373,7.7,2519.0,Drama,216763646.0,2004,12,4,19.194318133580623,17.216707972959764
17500000.0,121.0,10.262332,7.5,805.0,Drama,38000000.0,2004,9,3,17.453096744006448,16.677711496036597
150000000.0,115.0,22.038405,6.7,3759.0,Adventure,474968763.0,2005,7,3,19.978759599836632,18.826145858727198
50000000.0,119.0,6.936677,7.1,781.0,Adventure,34808403.0,2004,12,4,17.365369409842533,17.72753358339242
116000000.0,170.0,9.86738,7.0,1526.0,Drama,102000000.0,2004,12,4,18.440483381052466,18.569100757691327
70000000.0,143.0,7.682562,7.0,448.0,Music,154648887.0,2004,12,4,18.856667866639498,18.064005814299346
80000000.0,115.0,11.876386,6.1,1412.0,Comedy,516642939.0,2004,12,4,20.062862555574338,18.197537205138154
10000000.0,101.0,6.143324,5.6,267.0,Drama,91196419.0,2005,1,1,18.32852619988812,16.118095750958314
1500000.0,90.0,8.923953,6.3,29.0,Action,2044892.0,1983,11,4,14.53085602335177,14.220976332738882
3950000.0,127.0,5.276546,6.1,19.0,Action,8000000.0,1930,11,4,15.894952224644102,15.18922639004183
30.0,100.0,0.83333,4.7,11.0,Comedy,4.0,1992,7,3,1.6094379124341003,3.4339872044851463
1400000.0,134.0,3.336494,7.1,47.0,Action,16361885.0,1941,7,3,16.610465163668106,14.151983508870947
1200000.0,80.0,2.914738,6.4,42.0,Animation,9000000.0,1977,2,1,16.012735246411598,13.997832948091215
10000000.0,101.0,8.278525,6.8,116.0,Animation,1461989.0,2004,4,2,14.195309079323188,16.118095750958314
43000000.0,97.0,13.802674,4.9,590.0,Action,56681566.0,2005,1,1,17.852959618840732,17.57671069691365
30000000.0,102.0,4.817052,5.1,127.0,Comedy,93772522.0,2005,1,1,18.35638243929384,17.216707972959764
30000000.0,136.0,11.093737,7.3,510.0,Drama,76669806.0,2005,1,1,18.15501853825005,17.216707972959764
6000000.0,139.0,2.447359,5.7,22.0,Drama,161000000.0,1976,12,4,18.896914929159916,15.607270193858982
6000000.0,107.0,4.038283,4.6,17.0,Action,869325.0,1991,6,2,13.67547347774217,15.607270193858982
26000000.0,89.0,14.362544,5.6,89.0,Comedy,8009329.0,1994,3,1,15.896117670102871,17.073607134447293
18339750.0,156.0,7.69224,7.7,1059.0,Drama,92180910.0,2004,9,3,18.339263628045728,16.724581447819293
30000000.0,109.0,11.552956,6.0,318.0,Thriller,35294470.0,2005,1,1,17.379236880740756,17.216707972959764
32000000.0,95.0,9.756822,5.2,227.0,Adventure,97918663.0,2005,1,1,18.399647732844365,17.281246492014
20000000.0,96.0,5.871243,3.1,174.0,Action,10442808.0,2005,1,1,16.16142416553095,16.811242881518265
25000000.0,101.0,6.102059,6.1,455.0,Horror,122644820.0,2005,1,1,18.624803101931334,17.034386422832473
20000000.0,89.0,9.704289,4.6,194.0,Thriller,67192859.0,2005,2,1,18.02307754984845,16.811242881518265
15000000.0,88.0,5.615303,6.2,238.0,Comedy,47175038.0,2005,2,1,17.66937547592761,16.52356082573315
3500000.0,89.0,5.190767,3.9,65.0,Action,2341309.0,1994,11,4,14.666221159747886,15.068273812173887
24000000.0,119.0,16.136048,8.2,2049.0,Fantasy,234710455.0,2004,11,4,19.273863210318897,16.993564429978885
500.0,78.0,0.261278,7.5,1.0,Comedy,41.0,2005,2,1,3.7376696182833684,6.2166061010848646
70000000.0,118.0,13.35076,6.3,1721.0,Comedy,368100420.0,2005,2,1,19.723866342059544,18.064005814299346
2000000.0,92.0,3.21768,6.8,31.0,History,653621.0,2005,2,1,13.390284481692177,14.508658238524095
100000000.0,121.0,9.615691,6.6,1837.0,Drama,230884728.0,2005,2,1,19.257429135281804,18.420680753952364
14000000.0,106.0,6.067722,6.1,63.0,Comedy,32645546.0,2005,2,1,17.301219018474132,16.454567959008102
4200000.0,114.0,8.803869,6.3,212.0,Fantasy,32000000.0,2004,6,2,17.281246492014,15.250595321348806
3000000.0,128.0,2.528638,6.1,32.0,Drama,11500000.0,1949,12,4,16.257857680289998,14.914123179965662
20000000.0,99.0,8.636632,7.2,841.0,Action,100914445.0,2004,2,1,18.42978364653267,16.811242881518265
35000000.0,97.0,8.949722,5.1,168.0,Horror,19294901.0,2005,2,1,16.775351473904937,17.370858648025116
56000000.0,95.0,7.81645,5.8,865.0,Action,113006880.0,2005,3,1,18.54295926862797,17.840862266556567
53000000.0,118.0,13.314233,5.4,296.0,Comedy,95226116.0,2005,3,1,18.371764800373036,17.78580249038432
52000000.0,113.0,9.686638,6.2,519.0,Mystery,77944725.0,2005,3,1,18.17151049242349,17.76675429577647
75000000.0,91.0,12.949715,6.0,1383.0,Animation,260696994.0,2005,3,1,19.378869352178302,18.132998684833918
12000000.0,120.0,0.074126,0.0,0.0,Drama,212483.0,1993,9,3,12.266621970394217,16.300417291085605
13000000.0,71.0,3.14419,6.2,24.0,Animation,6582052.0,1993,6,2,15.699857260716753,16.380459992348886
7000000.0,142.0,9.391981,5.8,34.0,War,11000000.0,1968,7,3,16.213405921671733,15.76142084987672
25000000.0,98.0,9.313354,5.9,189.0,Drama,27645491.0,2005,3,1,17.1349732346658,17.034386422832473
35000000.0,105.0,6.71898,5.5,230.0,Comedy,68915888.0,2005,3,1,18.048397318976686,17.370858648025116
3000000.0,94.0,0.129004,5.0,3.0,Drama,6804016.0,2004,9,3,15.733023731025044,14.914123179965662
5800000.0,94.0,1.799311,6.4,16.0,Drama,257043.0,1987,12,4,12.457002555448925,15.573368647930426
1500000.0,111.0,4.173231,6.5,43.0,Drama,712294.0,2005,3,1,13.47624743042756,14.220976332738882
40000000.0,124.0,15.010525,7.2,2755.0,Action,158733820.0,2005,4,2,18.88273927558276,17.50439003707821
25000000.0,105.0,6.795949,5.4,118.0,Comedy,36351350.0,2005,6,2,17.40874192769056,17.034386422832473
130000000.0,124.0,8.946243,5.7,440.0,Action,119269486.0,2005,4,2,18.596896087380177,18.683045016112164
30000000.0,103.0,6.734065,5.9,186.0,Comedy,50451307.0,2005,4,2,17.73651923108786,17.216707972959764
28000000.0,111.0,5.415639,4.9,33.0,Comedy,21435321.0,1984,6,2,16.8805506800614,17.147715103853763
15000000.0,189.0,3.210693,5.8,13.0,Drama,34562222.0,1966,10,4,17.358271822748165,16.52356082573315
2995000.0,154.0,0.773081,5.5,2.0,Romance,2000000.0,1944,8,3,14.508658238524095,14.912455123421447
50000000.0,109.0,13.257255,6.6,1340.0,Adventure,104478416.0,2005,1,1,18.464491072152498,17.72753358339242
19000000.0,90.0,13.088552,6.0,606.0,Horror,108047131.0,2005,4,2,18.498078097297885,16.759949589762293
4500000.0,117.0,5.69684,7.3,74.0,Drama,3764219.0,2004,7,3,15.14105122643845,15.319588176962746
9200000.0,114.0,7.085212,6.0,38.0,Western,9346177.0,1979,7,3,16.05047804764214,16.034714150714915
30000000.0,107.0,10.596719,6.5,329.0,Comedy,42886719.0,2005,4,2,17.574072778865997,17.216707972959764
60000000.0,101.0,19.144611,4.7,565.0,Action,71073932.0,2005,4,2,18.07923120307771,17.909855136853043
130000000.0,144.0,16.296471,6.6,1187.0,Drama,211643158.0,2005,5,2,19.170412202178735,18.683045016112164
40000000.0,113.0,7.163099,5.5,696.0,Horror,68766121.0,2005,4,2,18.04622176883788,17.50439003707821
6500000.0,112.0,9.785147,7.2,1172.0,Drama,98410061.0,2004,1,1,18.404653612892243,15.687312888712007
1300000.0,115.0,0.770164,7.0,13.0,Music,5273000.0,1936,6,2,15.478110208157952,14.077875591662238
45000000.0,103.0,7.90583,6.6,531.0,Action,50871113.0,2005,2,1,17.7448058155173,17.622173069956816
113000000.0,140.0,13.165421,7.1,4200.0,Science Fiction,850000000.0,2005,5,2,20.560746908625106,18.542898385526172
45000000.0,95.0,9.875573,5.6,179.0,Romance,56070433.0,2005,5,2,17.842119208394493,17.622173069956816
43000000.0,101.0,6.328385,5.6,413.0,Romance,154749918.0,2005,5,2,18.857320946103965,17.57671069691365
1000000.0,66.0,18.847707,5.1,103.0,Drama,1574623.0,2004,7,3,14.26952707158256,13.815511557963774
75000000.0,86.0,16.136217,6.6,3322.0,Family,532680671.0,2005,5,2,20.093432688142816,18.132998684833918
2600000.0,91.0,11.600224,6.1,20.0,Action,2850263.0,1993,9,3,14.86292217953374,14.77102238760702
30000000.0,117.0,7.892677,4.8,77.0,Horror,251495.0,2005,5,2,12.435182363822888,17.216707972959764
82000000.0,113.0,7.349843,6.2,804.0,Comedy,190320568.0,2005,5,2,19.064220413656063,18.22222981742365
25000000.0,99.0,10.323838,5.8,27.0,Action,11838218.0,1997,10,4,16.286843753808267,17.034386422832473
88000000.0,144.0,6.363884,7.3,630.0,Romance,108539911.0,2005,6,2,18.502628515838193,18.292847383806116
25000000.0,119.0,9.263965,6.3,396.0,Drama,39053061.0,2005,6,2,17.48043184346782,17.034386422832473
25000000.0,107.0,4.350049,7.0,215.0,Drama,13411957.0,2005,6,2,16.411657255039344,17.034386422832473
110000000.0,120.0,15.724373,6.5,3048.0,Action,478207520.0,2005,6,2,19.985555340593802,18.5159909328476
50000000.0,92.0,6.477862,4.4,278.0,Adventure,69425966.0,2005,6,2,18.05577151976017,17.72753358339242
2000000.0,90.0,2.812182,7.1,53.0,Drama,120620.0,2004,9,3,11.7004086774697,14.508658238524095
8250000.0,171.0,11.840985,7.0,64.0,Drama,30000000.0,1951,11,4,17.216707972959764,15.925723879522977
150000000.0,140.0,28.505341,7.5,7511.0,Action,374218673.0,2005,6,2,19.740350874353872,18.826145858727198
50000000.0,101.0,9.35239,5.1,559.0,Comedy,66002004.0,2005,6,2,18.005195678317154,17.72753358339242
15000000.0,93.0,9.478117,6.0,395.0,Horror,46770602.0,2005,6,2,17.660765422499008,16.52356082573315
85000000.0,102.0,9.276085,4.8,463.0,Comedy,131426169.0,2005,6,2,18.693955807045985,18.258161826219297
1920000.0,113.0,2.747776,6.8,30.0,Drama,3360000.0,1956,7,3,15.027451829558391,14.467836264837162
2515000.0,124.0,1.148295,6.1,17.0,Drama,24000000.0,1978,5,2,16.993564429978885,14.737783759130211
132000000.0,116.0,19.929377,6.2,2397.0,Adventure,591739379.0,2005,6,2,20.198576859429263,18.6983124881264
8000000.0,80.0,9.435123,6.9,371.0,Documentary,127392239.0,2005,1,1,18.66278138872916,15.894952224644102
45000000.0,103.0,4.373457,5.2,96.0,Comedy,16809014.0,2005,7,3,16.637425907594217,17.622173069956816
30000000.0,105.0,6.53565,5.3,275.0,Drama,25473093.0,2005,6,2,17.053133315824564,17.216707972959764
100000000.0,106.0,19.382082,5.5,3040.0,Action,330579719.0,2005,6,2,19.616358398456935,18.420680753952364
300000.0,88.0,1.687901,6.9,23.0,Documentary,1750211.0,2005,7,3,14.375247481419636,12.611541086966115
40000000.0,119.0,11.100597,6.4,1406.0,Comedy,285176741.0,2005,7,3,19.468619693389428,17.50439003707821
13000000.0,129.0,6.361343,6.8,156.0,Comedy,23727301.0,2005,6,2,16.982136926204312,16.380459992348886
8000000.0,116.0,7.422267,6.9,101.0,Drama,23563727.0,2005,7,3,16.97521913852535,15.894952224644102
1500000.0,93.0,6.026159,5.6,88.0,Horror,5728953.0,1990,9,3,15.561043524033991,14.220976332738882
126000000.0,136.0,11.443647,6.5,1813.0,Action,162949164.0,2005,7,3,18.908948838963468,18.65179247285226
30000000.0,113.0,4.469459,5.7,73.0,Comedy,34252847.0,2005,7,3,17.34928027250014,17.216707972959764
35000000.0,100.0,8.061423,5.8,568.0,Adventure,86369815.0,2005,7,3,18.274148820884857,17.370858648025116
135000000.0,121.0,13.89018,4.9,341.0,Action,76932943.0,2005,7,3,18.158444743258723,18.72078534381011
30000000.0,98.0,9.378926,5.8,142.0,Romance,58405313.0,2005,7,3,17.882917436809514,17.216707972959764
39000000.0,119.0,11.919995,7.4,1287.0,Science Fiction,38869464.0,2005,8,3,17.475719538905537,17.479072229734946
10000000.0,105.0,6.589304,6.8,359.0,Comedy,45742101.0,2005,5,2,17.638529700903078,16.118095750958314
74050.0,98.0,2.789574,5.7,38.0,Drama,176153.0,2004,9,3,12.07911389143095,11.212509323993688
7500000.0,97.0,6.11959,4.0,38.0,Action,143000.0,2005,4,2,11.870606902224587,15.830413711839864
50000000.0,104.0,9.039467,5.1,321.0,Action,110803676.0,2005,8,3,18.523270517647394,17.72753358339242
22000000.0,83.0,5.341117,4.6,232.0,Comedy,22400154.0,2005,8,3,16.924578436444186,16.906553056777135
43000000.0,104.0,10.947957,6.4,588.0,Drama,91974818.0,2005,7,3,18.337025391027108,17.57671069691365
45000000.0,109.0,6.84109,6.7,617.0,Action,92374674.0,2005,8,3,18.341363418958522,17.622173069956816
80000000.0,132.0,14.987902,6.8,91.0,Action,10166502.0,2005,8,3,16.134608854419294,18.197537205138154
26000000.0,116.0,11.519662,6.2,2020.0,Comedy,109449237.0,2005,8,3,18.51097141982577,17.073607134447293
26000000.0,85.0,6.336927,6.2,471.0,Horror,57891803.0,2005,8,3,17.87408637811931,17.073607134447293
13200000.0,190.0,34.457024,9.1,661.0,Comedy,100000000.0,1995,10,4,18.420680753952364,16.395727463314174
35000000.0,76.0,11.836827,5.2,239.0,Animation,19478106.0,2005,3,1,16.784801674865335,17.370858648025116
88000000.0,118.0,15.66148,5.6,847.0,Adventure,105316267.0,2005,8,3,18.47247845709938,18.292847383806116
30000000.0,97.0,8.077253,5.2,204.0,Action,15007991.0,2005,8,3,16.52409341717896,17.216707972959764
9000000.0,97.0,1.494688,4.5,13.0,Comedy,1046166.0,2005,8,3,13.86064356669511,16.012735246411598
25000000.0,129.0,11.556484,6.9,428.0,Drama,82466670.0,2005,8,3,18.227904781801033,17.034386422832473
32000000.0,87.0,11.359659,6.2,1076.0,Action,85167639.0,2005,8,3,18.260132107446047,17.281246492014
58000000.0,95.0,8.351773,6.5,595.0,Comedy,102854431.0,2005,9,3,18.448825265016193,17.87595358575207
20000000.0,100.0,7.983902,6.2,182.0,Drama,7535331.0,2005,9,3,15.835113450120515,16.811242881518265
42000000.0,122.0,8.745216,7.0,1356.0,Crime,24127895.0,2005,9,3,16.998879239435702,17.553180200057167
1000000.0,90.0,9.454335,5.6,127.0,Horror,10047674.0,2005,9,3,16.12285182242179,13.815511557963774
7000000.0,106.0,7.738924,7.4,251.0,Comedy,2697930.0,2005,9,3,14.807995740923175,15.76142084987672
60000000.0,105.0,11.953553,5.0,619.0,Adventure,55987321.0,2005,10,4,17.84063583021155,17.909855136853043
50000000.0,127.0,6.394143,6.0,450.0,Action,22944502.0,2005,9,3,16.948588945083998,17.72753358339242
3000000.0,94.0,5.054419,6.2,241.0,Comedy,18637690.0,2005,10,4,16.740696486158217,14.914123179965662
62000000.0,93.0,12.201912,5.4,717.0,Action,52304001.0,2005,11,4,17.77258344618412,17.9426449591384
30000000.0,108.0,7.761954,6.7,165.0,Drama,18618284.0,2005,9,3,16.73965472030809,17.216707972959764
19000000.0,122.0,10.966015,6.3,675.0,Crime,144216468.0,2005,9,3,18.786825985725066,16.759949589762293
55000000.0,98.0,12.419851,6.1,796.0,Thriller,223387299.0,2005,9,3,19.224417594281547,17.822843761378564
40000000.0,77.0,12.920032,7.2,1957.0,Romance,117195061.0,2005,9,3,18.57935030111376,17.50439003707821
32000000.0,96.0,11.119707,6.9,850.0,Drama,60740827.0,2005,9,3,17.92212664936252,17.281246492014
50000000.0,130.0,12.369935,6.7,283.0,Crime,42093706.0,2005,9,3,17.555408810045066,17.72753358339242
25000000.0,120.0,6.969342,6.9,112.0,Drama,15431177.0,2005,9,3,16.55190056620812,17.034386422832473
7000000.0,114.0,6.01272,6.9,394.0,Crime,49084830.0,2005,9,3,17.709060604095804,15.76142084987672
50000000.0,110.0,10.022102,5.8,466.0,Action,44434439.0,2005,9,3,17.609525402397228,17.72753358339242
4000000.0,101.0,5.354783,6.6,107.0,Fantasy,866999.0,2005,1,1,13.672794255762678,15.201805169084134
30000000.0,85.0,11.766244,6.8,660.0,Adventure,192452832.0,2005,9,3,19.07536165829236,17.216707972959764
15000000.0,103.0,11.76054,7.2,900.0,Action,15785148.0,2005,9,3,16.574580119270827,16.52356082573315
30000000.0,118.0,9.783762,6.6,244.0,Drama,27610873.0,2005,6,2,17.133720238602713,17.216707972959764
2700000.0,93.0,7.657918,5.9,109.0,Romance,3500000.0,1986,11,4,15.068273812173887,14.80876270134486
17000000.0,154.0,2.972529,6.5,38.0,Action,10000000.0,1963,5,2,16.118095750958314,16.648723960844016
1500000.0,81.0,10.952762,6.9,229.0,Comedy,11098131.0,2005,10,4,16.222287363832212,14.220976332738882
35000000.0,122.0,9.003792,5.9,156.0,Comedy,30526509.0,2005,10,4,17.234106044387026,17.370858648025116
14000000.0,134.0,11.787044,7.5,1531.0,Drama,178043761.0,2005,9,3,18.99753993197182,16.454567959008102
57000000.0,123.0,11.82081,6.1,335.0,Comedy,52034889.0,2005,10,4,17.767425013090104,17.858561843342684
35000000.0,126.0,8.781298,6.9,127.0,Drama,25224242.0,2005,2,1,17.043316113842838,17.370858648025116
7000000.0,93.0,7.523098,6.8,274.0,Drama,54600000.0,2005,9,3,17.81554445903015,15.76142084987672
2000000.0,104.0,9.387212,7.1,221.0,Action,5048693.0,2005,10,4,15.434640153943825,14.508658238524095
18000000.0,100.0,9.929809,3.8,191.0,Horror,46201432.0,2005,10,4,17.648521372886957,16.705882371415992
10284523.0,104.0,4.349046,5.7,80.0,Comedy,11588205.0,2005,10,4,16.26549841472407,16.14615079900646
50000000.0,99.0,6.572049,6.5,346.0,Mystery,8342132.0,2005,9,3,15.936829497030777,17.72753358339242
75000000.0,129.0,8.940007,5.9,909.0,Action,142400065.0,2005,10,4,18.774151020425187,18.132998684833918
20000000.0,101.0,8.345866,6.0,292.0,Comedy,12482775.0,2005,10,4,16.339860332067794,16.811242881518265
4000000.0,92.0,15.399863,6.3,1288.0,Horror,152925093.0,2005,10,4,18.845458777773114,15.201805169084134
24000000.0,128.0,9.255441,5.5,57.0,Action,11875866.0,2005,4,2,16.290018915746156,16.993564429978885
14200000.0,139.0,4.568999,6.9,81.0,Drama,674918.0,2005,5,2,13.42234796265409,16.468752592994022
17000000.0,91.0,2.217704,5.0,27.0,Action,8720000.0,1977,9,3,15.981129910564055,16.648723960844016
72000000.0,125.0,9.997032,6.6,776.0,Drama,96889998.0,2005,11,4,18.389086862040205,18.09217669086922
150000000.0,81.0,18.584609,5.6,974.0,Animation,314432665.0,2005,11,4,19.56628051261324,18.826145858727198
22000000.0,116.0,7.846226,7.2,216.0,Romance,17709155.0,2005,11,4,16.689592351932266,16.906553056777135
40000000.0,117.0,9.820229,6.3,188.0,Drama,46442528.0,2005,11,4,17.653726170675558,17.50439003707821
50000000.0,128.0,5.768575,6.3,455.0,Drama,94000000.0,2005,11,4,18.358805350872576,17.72753358339242
22000000.0,108.0,10.600475,6.1,322.0,Drama,57479076.0,2005,11,4,17.86693156128695,16.906553056777135
28000000.0,135.0,14.439083,7.8,1406.0,Drama,121147947.0,2005,9,3,18.612523067402805,17.147715103853763
1000000.0,99.0,7.483385,6.1,288.0,Horror,27762648.0,2005,1,1,17.13920211412224,13.815511557963774
150000000.0,157.0,24.903058,7.5,5758.0,Adventure,895921036.0,2005,11,4,20.61336283870746,18.826145858727198
28000000.0,136.0,11.476443,7.3,732.0,Drama,186438883.0,2005,9,3,19.04361404361095,17.147715103853763
40000000.0,135.0,9.530278,6.7,159.0,Drama,31670620.0,2005,11,4,17.270900026784847,17.50439003707821
65000000.0,101.0,10.695639,6.1,808.0,Family,64321501.0,2005,11,4,17.97940453455238,17.989897843244528
14000000.0,104.0,2.308846,5.2,26.0,Drama,6856989.0,2005,9,3,15.740779127901723,16.454567959008102
45000000.0,90.0,10.238422,5.7,233.0,Comedy,72028752.0,2005,11,4,18.092575944484672,17.622173069956816
15000000.0,124.0,9.020372,7.2,1134.0,Drama,85306374.0,2005,10,4,18.261759745894384,16.52356082573315
180000000.0,143.0,18.13542,6.7,2709.0,Adventure,748806957.0,2005,12,4,20.43399177528534,19.00846741441004
207000000.0,187.0,19.761164,6.6,2403.0,Adventure,550000000.0,2005,12,4,20.125428838008972,19.14822935606056
85000000.0,145.0,7.680762,7.3,670.0,Drama,162242962.0,2005,12,4,18.904605541267387,18.258161826219297
15000000.0,111.0,1.158196,4.1,18.0,Action,163169.0,2001,5,2,12.002547881085116,16.52356082573315
10000000.0,96.0,3.867472,6.2,137.0,Action,17297244.0,2005,5,2,16.666057798231698,16.118095750958314
12000000.0,92.0,8.334487,6.5,41.0,Comedy,84967.0,2005,9,3,11.350029994001375,16.300417291085605
15000000.0,121.0,9.117934,7.0,180.0,Adventure,12036149.0,2005,11,4,16.30342517926658,16.52356082573315
70000000.0,164.0,9.668761,7.0,706.0,Drama,130358911.0,2005,12,4,18.685802065780365,18.064005814299346
45000000.0,134.0,5.037224,6.1,153.0,Comedy,38058335.0,2005,12,4,17.454630698435103,17.622173069956816
1000000.0,103.0,7.398205,6.9,149.0,Drama,13350369.0,2005,12,4,16.407054657782275,13.815511557963774
70000000.0,97.0,6.158212,5.3,309.0,Comedy,88933562.0,2005,12,4,18.303400165793068,18.064005814299346
60000000.0,94.0,7.101422,5.8,542.0,Comedy,129181830.0,2005,12,4,18.676731512488896,17.909855136853043
100000000.0,90.0,13.473381,5.9,639.0,Comedy,202026112.0,2005,12,4,19.123907519287766,18.420680753952364
169000.0,103.0,5.742659,6.5,165.0,Comedy,18564702.0,2005,12,4,16.736772647619944,12.037659911047468
30000000.0,135.0,7.694502,6.4,336.0,Drama,30536013.0,2005,12,4,17.23441733188234,17.216707972959764
12000000.0,84.0,7.594102,6.5,572.0,Action,9584131.0,2004,11,4,16.075619372197448,16.300417291085605
25000000.0,95.0,6.514132,3.6,120.0,Action,2405420.0,2005,10,4,14.693235498177241,17.034386422832473
4800000.0,94.0,12.093928,5.7,913.0,Horror,80578934.0,2005,1,1,18.204747820961057,15.38412668421143
31000000.0,125.0,15.672195,6.4,240.0,Drama,28000000.0,2006,4,2,17.147715103853763,17.249497794707484
45000000.0,112.0,5.53836,6.4,123.0,Adventure,38399961.0,2006,1,1,17.463567027974133,17.622173069956816
15000000.0,80.0,6.398984,6.0,491.0,Animation,51053787.0,2005,12,4,17.74839030158511,16.52356082573315
50000000.0,106.0,12.496805,6.4,1548.0,Fantasy,111340801.0,2006,1,1,18.528106343855182,17.72753358339242
7500000.0,107.0,1.883227,7.3,21.0,Drama,3752325.0,2005,12,4,15.1378864723274,15.830413711839864
28000000.0,126.0,2.806002,5.3,22.0,Adventure,358574.0,1985,12,4,12.789893122162415,17.147715103853763
35000000.0,93.0,19.294832,5.8,319.0,Action,10496317.0,2006,1,1,16.16653508696315,17.370858648025116
26000000.0,108.0,5.450751,6.0,94.0,Drama,17496992.0,2006,1,1,16.677539595558095,17.073607134447293
40000000.0,99.0,7.622875,5.4,376.0,Comedy,138259062.0,2006,1,1,18.74463975137178,17.50439003707821
25000000.0,97.0,9.806554,6.4,742.0,Fantasy,122489822.0,2005,10,4,18.623538506946904,17.034386422832473
25000000.0,93.0,11.872997,5.8,1000.0,Horror,117719158.0,2006,2,1,18.58381233723335,17.034386422832473
3000000.0,100.0,2.092791,6.5,29.0,Comedy,11718595.0,2005,9,3,16.276687539715276,14.914123179965662
1100000.0,82.0,10.254424,4.9,60.0,Fantasy,5450815.0,1986,1,1,15.511275880202435,13.910821646859095
50000000.0,86.0,12.602502,6.1,109.0,Adventure,69834815.0,2006,2,1,18.06164323993655,17.72753358339242
45000000.0,105.0,6.500892,5.6,270.0,Thriller,82800000.0,2006,2,1,18.231938631432783,17.622173069956816
15000000.0,87.0,5.149058,5.4,273.0,Horror,66966987.0,2006,2,1,18.01971033951271,16.52356082573315
4750000.0,98.0,3.743679,5.1,64.0,Fantasy,206871.0,2005,5,2,12.239855523497743,15.373655386537118
37665000.0,113.0,5.388535,5.2,71.0,Drama,14655628.0,2006,2,1,16.50033505171102,17.444241865791778
3500000.0,98.0,4.456904,6.7,28.0,Comedy,113783.0,2006,2,1,11.642057193250064,15.068273812173887
40000000.0,120.0,13.876881,6.7,553.0,Adventure,120455994.0,2006,2,1,18.606795057476084,17.50439003707821
20000000.0,83.0,5.682129,3.6,225.0,Comedy,48548426.0,2006,2,1,17.698072352588678,16.811242881518265
17000000.0,122.0,7.435544,7.0,332.0,Action,9500000.0,2006,1,1,16.066802461833923,16.648723960844016
6000000.0,110.0,4.304175,6.0,77.0,Drama,57231524.0,2006,2,1,17.862615440893798,15.607270193858982
30000000.0,87.0,11.096655,4.8,468.0,Science Fiction,31070211.0,2006,3,1,17.251760104648174,17.216707972959764
28000000.0,103.0,6.053567,5.8,512.0,Comedy,38159905.0,2006,5,2,17.457295941228956,17.147715103853763
38000000.0,90.0,10.307277,5.0,154.0,Horror,29907685.0,2006,8,3,17.21362606218365,17.453096744006448
55000000.0,105.0,11.887779,6.2,675.0,Action,65664721.0,2006,3,1,18.000072383382445,17.822843761378564
50000000.0,97.0,9.438013,5.5,407.0,Comedy,128406887.0,2006,3,1,18.670714592641115,17.72753358339242
80000000.0,91.0,16.646029,6.5,3034.0,Animation,660940780.0,2006,3,1,20.309174803787407,18.197537205138154
54000000.0,132.0,20.214422,7.7,4562.0,Action,132511035.0,2006,3,1,18.70217649048812,17.804494623047066
20000000.0,105.0,6.916201,6.4,691.0,Comedy,33889159.0,2006,3,1,17.338605757203467,16.811242881518265
6500000.0,92.0,9.369527,7.1,670.0,Comedy,24793509.0,2005,9,3,17.02609248333909,15.687312888712007
13000000.0,125.0,15.295949,6.5,139.0,Drama,2636637.0,2006,3,1,14.785015178703096,16.380459992348886
45000000.0,129.0,13.393548,7.3,1671.0,Crime,184376254.0,2006,3,1,19.032489091814853,17.622173069956816
3000000.0,94.0,6.081201,6.9,96.0,Crime,9879971.0,2005,8,3,16.106020235711938,14.914123179965662
12000000.0,104.0,11.29062,5.8,372.0,Fantasy,23006849.0,2006,3,1,16.951302555638996,16.300417291085605
2000000.0,85.0,3.3924,4.8,51.0,Comedy,2260622.0,1994,4,2,14.631150996977022,14.508658238524095
1380000.0,78.0,2.329388,6.6,27.0,Crime,1615018.0,2006,2,1,14.294857279275572,14.137594781770806
15000000.0,107.0,18.960549,6.1,726.0,Horror,69623713.0,2006,3,1,18.058615785664124,16.52356082573315
50000000.0,98.0,4.878907,4.5,138.0,Comedy,61112916.0,2006,3,1,17.928233809327043,17.72753358339242
25000000.0,93.0,3.372523,3.8,44.0,Comedy,2438031.0,1993,1,1,14.706701714449931,17.034386422832473
2000000.0,137.0,9.02255,7.9,977.0,Drama,70000000.0,2006,3,1,18.064005814299346,14.508658238524095
30000000.0,108.0,5.364459,6.6,171.0,Music,34742066.0,2006,3,1,17.363461816143673,17.216707972959764
27000000.0,110.0,11.15092,7.4,1356.0,Drama,56308881.0,2006,2,1,17.84636284265615,17.11134746100564
12899867.0,121.0,6.302926,7.3,419.0,Comedy,85582407.0,2006,3,1,18.26499030597238,16.372727636721407
8000000.0,112.0,5.052049,6.7,85.0,Drama,18948425.0,2006,4,2,16.757231425356963,15.894952224644102
9000000.0,100.0,4.854551,5.3,157.0,Horror,27105095.0,2006,3,1,17.115232312452264,16.012735246411598
70000000.0,114.0,15.321902,4.6,183.0,Crime,38629478.0,2006,3,1,17.469526247624255,18.064005814299346
475000.0,110.0,9.00314,6.8,366.0,Drama,3919254.0,2005,1,1,15.181412142684254,13.07107218827772
20000000.0,105.0,2.582818,6.0,33.0,Drama,21170563.0,2006,3,1,16.868122284229955,16.811242881518265
18000000.0,105.0,9.746725,6.7,78.0,Action,1831348.0,2006,3,1,14.420563411719694,16.705882371415992
6500000.0,88.0,8.869162,5.1,132.0,Comedy,13368437.0,2006,9,3,16.408407113532103,15.687312888712007
45000000.0,83.0,13.096692,5.3,779.0,Comedy,178262620.0,2006,4,2,18.99876841980121,17.622173069956816
950000.0,103.0,9.62025,6.8,726.0,Drama,7022209.0,2005,1,1,15.764588541273023,13.76421831620775
8000000.0,83.0,0.743274,5.3,4.0,Animation,3261638.0,1987,8,3,14.997740387737252,15.894952224644102
60000000.0,108.0,12.915358,5.8,230.0,Action,77920346.0,2006,4,2,18.17119767057406,17.909855136853043
80000000.0,94.0,7.904333,5.1,246.0,Family,37384046.0,2006,3,1,17.43675462058395,18.197537205138154
50000000.0,125.0,7.938457,6.3,1093.0,Horror,97607453.0,2006,4,2,18.396464421417875,17.72753358339242
1601792.0,96.0,2.329513,5.6,24.0,Drama,253527.0,2005,5,2,12.443229549562735,14.286634184778514
17000000.0,107.0,4.936369,4.9,97.0,Comedy,7314027.0,2006,3,1,15.805304705958678,16.648723960844016
558000.0,89.0,1.41344,6.1,9.0,Drama,2227000.0,1931,12,4,14.616166395273979,13.232116033476537
6000000.0,108.0,9.005167,6.8,171.0,Action,27165581.0,2005,8,3,17.117461362365535,15.607270193858982
150000000.0,126.0,15.687983,6.5,2062.0,Adventure,397850012.0,2006,5,2,19.80158564046345,18.826145858727198
50000000.0,99.0,11.511424,5.6,503.0,Comedy,87528173.0,2006,4,2,18.287471288072076,17.72753358339242
15000000.0,111.0,10.527141,6.9,377.0,Drama,76286096.0,2006,4,2,18.150001264710504,16.52356082573315
8000000.0,112.0,11.448612,6.0,64.0,Drama,852872.0,2005,5,2,13.656365929105448,15.894952224644102
80000000.0,83.0,9.382953,6.3,1116.0,Comedy,343397247.0,2006,4,2,19.65439849241767,18.197537205138154
160000000.0,99.0,6.581669,5.5,594.0,Adventure,181674817.0,2006,5,2,19.017728932677564,18.8906843794481
125000000.0,149.0,18.566706,6.5,2773.0,Thriller,767820459.0,2006,5,2,20.4590664877404,18.643824303266577
210000000.0,104.0,0.867943,6.3,3581.0,Adventure,459359555.0,2006,5,2,19.94534380777439,19.162618093443648
52000000.0,106.0,6.327193,5.6,851.0,Romance,204999686.0,2006,6,2,19.138519010272248,17.76675429577647
400000.0,90.0,1.829593,7.0,20.0,Drama,95687.0,2005,9,3,11.468848177729301,12.899222326086994
120000000.0,117.0,18.907948,6.6,3991.0,Animation,461983149.0,2006,6,2,19.951038976519428,18.603002309079653
9600000.0,144.0,2.637004,5.9,25.0,Drama,4386236.0,2005,9,3,15.293982242067818,16.077273760604726
1700000.0,90.0,2.095106,5.7,12.0,Comedy,12762.0,2005,1,1,9.45430563898269,14.346139397261565
25000000.0,110.0,5.670679,5.3,287.0,Drama,119188334.0,2006,6,2,18.596215447068595,17.034386422832473
32000000.0,92.0,12.042646,5.6,368.0,Comedy,80197993.0,2006,6,2,18.2000090600551,17.281246492014
40000000.0,99.0,12.589019,6.5,689.0,Romance,114830111.0,2006,6,2,18.55896430710677,17.50439003707821
82500000.0,107.0,9.796552,6.0,2167.0,Comedy,237681299.0,2006,6,2,19.286441258642544,18.228308863426122
35000000.0,109.0,13.102384,7.0,3198.0,Comedy,326551094.0,2006,6,2,19.60409698754572,17.370858648025116
200000000.0,151.0,29.455314,7.0,5380.0,Adventure,1065659812.0,2006,6,2,20.78685998699344,19.11382792951231
54000000.0,108.0,8.570085,5.4,421.0,Comedy,130431368.0,2006,7,3,18.686357738342906,17.804494623047066
5000000.0,97.0,8.466725,6.9,407.0,Comedy,26888376.0,2006,5,2,17.10720466941345,15.424948670398354
75000000.0,110.0,8.704554,5.3,415.0,Drama,42285169.0,2006,7,3,17.55994699152856,18.132998684833918
40000000.0,123.0,8.852557,6.5,662.0,Drama,60474340.0,2006,5,2,17.917729717336087,17.50439003707821
1000000.0,92.0,8.570312,7.2,59.0,Documentary,1678874.0,2006,8,3,14.333634484211377,13.815511557963774
1000000.0,100.0,6.684925,6.7,257.0,Documentary,46243000.0,2006,1,1,17.64942068074148,13.815511557963774
85000000.0,104.0,2.238808,6.1,1749.0,Action,158468292.0,2006,6,2,18.88106508710607,18.258161826219297
270000000.0,154.0,13.284712,5.4,1429.0,Adventure,391081192.0,2006,6,2,19.784425751123838,19.413932520666354
8000000.0,102.0,5.320117,7.5,1728.0,Comedy,100523181.0,2006,7,3,18.425898925530607,15.894952224644102
11000000.0,109.0,8.046375,3.6,42.0,Crime,4491986.0,1983,8,3,15.317805700802445,16.213405921671733
25000000.0,143.0,12.60853,6.9,1083.0,Drama,135330182.0,2006,9,3,18.72322815030183,17.034386422832473
12000000.0,102.0,3.579175,5.4,25.0,Horror,54000000.0,1979,1,1,17.804494623047066,16.300417291085605
64000000.0,98.0,7.067602,5.3,269.0,Comedy,101595121.0,2006,8,3,18.43650608014503,17.974393656948944
75000000.0,91.0,15.402378,6.3,912.0,Animation,140175006.0,2006,7,3,18.758402249911587,18.132998684833918
33000000.0,105.0,7.418574,5.1,504.0,Action,62022014.0,2006,8,3,17.942999960628313,17.312018149733785
4000000.0,96.0,8.16339,6.4,435.0,Comedy,31584901.0,2006,7,3,17.268189779571482,15.201805169084134
72500000.0,116.0,6.936688,6.2,497.0,Comedy,162966177.0,2006,8,3,18.909053240308054,18.099097133618006
110000000.0,108.0,16.661966,6.4,2949.0,Action,574480841.0,2006,10,4,20.168977307438567,18.5159909328476
63000000.0,128.0,13.332102,5.9,461.0,Drama,162945894.0,2006,8,3,18.908928771153906,17.958645300228824
30000000.0,113.0,10.798092,7.1,743.0,Comedy,53653224.0,2006,9,3,17.79805213707031,17.216707972959764
2160000.0,119.0,0.230534,5.8,4.0,Drama,9132000.0,1945,6,2,16.027295396136854,14.585619242623203
135000000.0,134.0,11.72545,5.7,494.0,Action,163794509.0,2006,7,3,18.914123212338037,18.72078534381011
55000000.0,117.0,20.981716,7.7,2607.0,Drama,307077295.0,2006,12,4,19.542610052362214,17.822843761378564
18000000.0,87.0,7.810301,5.9,375.0,Comedy,41009669.0,2006,7,3,17.529318450518016,16.705882371415992
50000000.0,88.0,7.000272,5.5,375.0,Fantasy,55181129.0,2006,7,3,17.82613160497795,17.72753358339242
750000.0,108.0,2.6982,6.8,10.0,Comedy,1720953.0,2005,11,4,14.358389346190323,13.527829818844937
12000000.0,88.0,12.627593,6.6,1172.0,Action,42931041.0,2006,8,3,17.575105711976995,16.300417291085605
40000000.0,130.0,6.652197,5.9,77.0,Adventure,5446000.0,2011,12,4,15.510392135836831,17.50439003707821
20000000.0,106.0,9.51795,6.1,278.0,Drama,10289.0,2005,1,1,9.238927828828094,16.811242881518265
51000000.0,90.0,6.984949,5.3,230.0,Animation,72779000.0,2006,8,3,18.102938023755648,17.747336210296442
12000000.0,104.0,14.21769,6.7,1092.0,Music,114194847.0,2006,8,3,18.553416740333148,16.300417291085605
35000000.0,83.0,11.967444,4.9,140.0,Family,12506188.0,2006,8,3,16.341734199741065,17.370858648025116
8000000.0,116.0,5.397604,6.5,43.0,Action,12671300.0,2006,7,3,16.354850230530072,15.894952224644102
700000.0,107.0,12.155115,6.5,243.0,Drama,4911725.0,2006,8,3,15.407135965494298,13.45883704259595
12000000.0,120.0,6.796465,6.3,147.0,Fantasy,566611.0,2005,9,3,13.247430045116513,16.300417291085605
662141.0,98.0,1.233446,7.1,8.0,Fantasy,1606624.0,1943,4,2,14.289646263412433,13.40323531342756
23000000.0,93.0,7.06088,6.2,412.0,Comedy,38505009.0,2006,8,3,17.466298920661984,16.951004817371683
40000000.0,110.0,11.494009,7.1,1657.0,Fantasy,86915017.0,2006,8,3,18.280441394636647,17.50439003707821
15000000.0,103.0,7.904371,6.8,344.0,Drama,123384128.0,2006,9,3,18.630813046901476,16.52356082573315
17500000.0,110.0,7.481125,5.8,173.0,Comedy,19179969.0,2006,8,3,16.769377063289042,16.677711496036597
40000000.0,102.0,9.423256,4.0,355.0,Mystery,38755073.0,2006,9,3,17.47277224712697,17.50439003707821
5800000.0,95.0,0.906143,4.2,10.0,Action,7000000.0,2006,9,3,15.76142084987672,15.573368647930426
900000.0,96.0,4.997751,6.1,73.0,Drama,381420.0,2005,9,3,12.851659030936835,13.710151153416941
6500000.0,124.0,6.752524,7.1,155.0,Drama,22889018.0,2006,6,2,16.9461678338675,15.687312888712007
20000000.0,97.0,12.72212,5.2,295.0,Action,37597471.0,2006,9,3,17.44244737205726,16.811242881518265
2000000.0,96.0,3.319349,6.3,43.0,Drama,622806.0,2006,9,3,13.34199195844208,14.508658238524095
30000000.0,84.0,12.130803,6.3,681.0,Adventure,495303.0,2006,9,3,13.112926994457307,17.216707972959764
35000000.0,96.0,11.577121,6.8,852.0,Drama,15304890.0,2006,9,3,16.543683008480688,17.370858648025116
6000000.0,105.0,10.603991,6.8,253.0,Comedy,9524340.0,2006,2,1,16.069361290231846,15.607270193858982
1549000.0,107.0,4.331811,6.3,46.0,Action,7096000.0,2005,5,2,15.775041943896007,14.25312076497659
50000000.0,121.0,6.506572,5.7,292.0,Drama,49111202.0,2006,9,3,17.709597733744726,17.72753358339242
30000000.0,125.0,5.025475,6.6,210.0,Action,41480851.0,2006,9,3,17.540742481133943,17.216707972959764
76000.0,70.0,1.310245,5.5,16.0,Comedy,6000000.0,1968,10,4,15.607270193858982,11.23850177707664
40000000.0,139.0,7.735233,7.3,1252.0,Action,120175290.0,2006,12,4,18.60446199321006,17.50439003707821
60000000.0,140.0,5.460942,6.3,274.0,Action,17800000.0,2006,9,3,16.694709071442087,17.909855136853043
11000000.0,95.0,7.915368,6.4,306.0,Action,72778712.0,2006,9,3,18.10293406656242,16.213405921671733
55000000.0,125.0,7.991168,5.7,95.0,Drama,9450897.0,2006,9,3,16.061620321410224,17.822843761378564
450000.0,84.0,2.333661,6.2,38.0,Drama,973525.0,2006,6,2,13.788679811193267,13.017005083966255
18000000.0,82.0,8.278336,6.5,1617.0,Comedy,261572744.0,2006,11,4,19.382222986339787,16.705882371415992
19000000.0,118.0,26.817754,7.6,3122.0,Fantasy,83258226.0,2006,5,2,18.237457504764997,16.759949589762293
70000000.0,139.0,10.031817,6.8,394.0,Action,55011732.0,2006,9,3,17.823057047718446,18.064005814299346
85000000.0,83.0,11.744242,6.1,676.0,Adventure,197309027.0,2006,9,3,19.100281727675338,18.258161826219297
20000000.0,100.0,10.725567,5.6,112.0,Comedy,17807569.0,2006,9,3,16.6951342057549,16.811242881518265
90000000.0,151.0,18.515448,7.9,4455.0,Drama,289847354.0,2006,10,4,19.484864980298685,18.31532023940565
12000000.0,103.0,8.596352,5.4,156.0,Comedy,38368909.0,2006,10,4,17.46275805420952,16.300417291085605
40000000.0,93.0,8.778999,5.1,219.0,Adventure,23937870.0,2006,7,3,16.990972323479554,17.50439003707821
12000000.0,116.0,4.926507,5.8,80.0,Drama,6754898.0,2006,10,4,15.725778577377165,16.300417291085605
20000000.0,102.0,6.768804,5.3,288.0,Horror,39143839.0,2006,10,4,17.482753624470845,16.811242881518265
20000000.0,115.0,7.018483,5.8,129.0,Comedy,41237648.0,2006,10,4,17.534862207728573,16.811242881518265
20000000.0,92.0,6.679168,5.0,165.0,Action,22165608.0,2006,10,4,16.914052501533895,16.811242881518265
13000000.0,110.0,5.169999,6.4,60.0,Drama,1151330.0,2006,11,4,13.956429222382813,16.380459992348886
20000000.0,123.0,3.660528,6.1,12.0,Drama,13391174.0,2006,10,4,16.41010646587114,16.811242881518265
26000000.0,136.0,7.311148,6.9,243.0,Romance,14821658.0,2006,10,4,16.511600114886868,17.073607134447293
11.0,145.0,3.566996,6.5,30.0,Drama,11.0,1978,4,2,2.4849066497880004,2.4849066497880004
100000.0,111.0,7.485908,6.6,64.0,Drama,10178331.0,2006,9,3,16.135771704974037,11.51293546492023
6000000.0,121.0,9.424157,7.4,568.0,Drama,48027970.0,2006,9,3,17.687294128318122,15.607270193858982
2000000.0,101.0,11.547748,6.3,141.0,Romance,5179037.0,2006,5,2,15.460129882702919,14.508658238524095
76000000.0,109.0,14.114606,7.4,2120.0,Drama,69959751.0,2006,9,3,18.063430663225603,18.1462439114085
40000000.0,130.0,16.94556,8.0,4510.0,Drama,109676311.0,2006,10,4,18.513043967561824,17.50439003707821
90000000.0,132.0,9.224494,6.7,532.0,War,65900249.0,2006,10,4,18.003652793092247,18.31532023940565
15000000.0,95.0,3.94159,6.1,52.0,Drama,21000000.0,2006,10,4,16.860033043306743,16.52356082573315
9500000.0,139.0,9.586723,6.8,65.0,Drama,24000000.0,2005,9,3,16.993564429978885,16.066802461833923
10000000.0,108.0,14.938035,6.1,1104.0,Horror,163876815.0,2006,10,4,18.914625581603822,16.118095750958314
2000000.0,97.0,4.028906,5.7,18.0,Documentary,167000.0,2006,10,4,12.025755079404917,14.508658238524095
1200000.0,115.0,5.39865,6.8,18.0,Action,2736000.0,1936,10,4,14.822007923221587,13.997832948091215
149000000.0,85.0,9.922577,6.0,909.0,Adventure,64459316.0,2006,10,4,17.981544838577157,18.819456870621142
50000000.0,147.0,10.297304,7.1,1198.0,Crime,132180323.0,2006,9,3,18.69967763920648,17.72753358339242
12000000.0,98.0,6.829528,5.0,241.0,Comedy,84500122.0,2006,11,4,18.252263547947646,16.300417291085605
35000000.0,118.0,7.82187,6.5,360.0,Comedy,42064105.0,2006,9,3,17.554705345918194,17.370858648025116
15000000.0,85.0,9.338989,5.1,61.0,Drama,11992014.0,2006,11,4,16.299751569597678,16.52356082573315
12000000.0,86.0,12.142183,5.9,44.0,Comedy,5542025.0,2006,11,4,15.527870695841187,16.300417291085605
150000000.0,144.0,23.065078,7.3,3930.0,Adventure,599045960.0,2006,11,4,20.21084888268541,18.826145858727198
100000000.0,108.0,15.088318,5.9,1457.0,Animation,384335608.0,2006,11,4,19.76702671062315,18.420680753952364
4000000.0,84.0,3.856827,5.5,70.0,Comedy,4630045.0,2006,11,4,15.348077361218246,15.201805169084134
75000000.0,126.0,14.922904,6.6,1519.0,Action,180557550.0,2006,11,4,19.01156012702313,18.132998684833918
85000000.0,136.0,14.043416,6.7,1259.0,Comedy,194168700.0,2006,12,4,19.084237931934354,18.258161826219297
12000000.0,112.0,11.556057,7.3,51.0,Romance,1381665.0,2006,2,1,14.13880057537426,16.300417291085605
2000000.0,120.0,7.659357,6.3,198.0,Crime,5967038.0,2005,9,3,15.601761382430572,14.508658238524095
22000000.0,93.0,7.98193,6.5,419.0,Comedy,13405595.0,2006,11,4,16.411182789685842,16.906553056777135
100000000.0,143.0,12.477872,7.4,2344.0,Drama,170877916.0,2006,12,4,18.956459923820983,18.420680753952364
85000000.0,97.0,10.254314,5.8,300.0,Comedy,144000000.0,2006,12,4,18.78532386448472,18.258161826219297
100000000.0,104.0,9.851133,4.9,990.0,Fantasy,249288105.0,2006,12,4,19.334119837768803,18.420680753952364
24000000.0,102.0,11.697604,6.5,858.0,Drama,155721132.0,2006,12,4,18.863577356559844,16.993564429978885
16800000.0,122.0,5.108321,5.8,73.0,Drama,2281089.0,2006,8,3,14.640163956866925,16.636889503897294
500000.0,92.0,5.978211,5.2,48.0,Comedy,745327.0,2006,4,2,13.521579668928354,13.122365377402328
65000000.0,124.0,5.401746,6.7,189.0,Drama,43545364.0,2006,12,4,17.589313826207274,17.989897843244528
85000000.0,167.0,11.057536,6.3,342.0,Drama,59908565.0,2006,12,4,17.908330057869783,18.258161826219297
70000000.0,134.0,7.739633,6.6,292.0,Drama,154937680.0,2006,12,4,18.85853353597199,18.064005814299346
21000000.0,123.0,13.585233,7.6,368.0,Crime,41170784.0,2007,1,1,17.53323946084631,16.860033043306743
4000000.0,109.0,3.403583,6.6,66.0,Comedy,13401952.0,2006,10,4,16.41091100056984,15.201805169084134
15000000.0,92.0,8.593087,6.9,239.0,Drama,49469904.0,2006,12,4,17.716875062846277,16.52356082573315
21000000.0,87.0,5.756379,5.0,207.0,Adventure,480314.0,2006,9,3,13.082197417646205,16.860033043306743
32000000.0,108.0,5.290831,5.9,87.0,War,5914908.0,2006,12,4,15.592986670660895,17.281246492014
19000000.0,141.0,11.649588,7.2,553.0,Action,68673228.0,2006,12,4,18.044870001480582,16.759949589762293
9000000.0,84.0,7.888302,4.8,119.0,Horror,21510851.0,2006,12,4,16.88406810994344,16.012735246411598
47000000.0,75.0,13.139893,4.6,108.0,Animation,38085778.0,2006,9,3,17.45535151582692,17.665658180950928
20000000.0,84.0,11.107148,4.7,78.0,Action,10337477.0,2007,1,1,16.151286490137696,16.811242881518265
13000000.0,114.0,5.607508,6.1,90.0,Drama,75511123.0,2007,5,2,18.139790541114458,16.380459992348886
30000000.0,92.0,8.599342,6.3,143.0,Drama,35078241.0,2006,12,4,17.373091610187423,17.216707972959764
86000000.0,94.0,11.621534,6.0,663.0,Adventure,107944236.0,2006,12,4,18.497125327673245,18.26985786584569
10000000.0,84.0,7.160967,5.6,253.0,Action,25399945.0,2007,1,1,17.050257606002255,16.118095750958314
60000000.0,96.0,8.460206,7.0,1146.0,Adventure,137587063.0,2007,2,1,18.73976746741624,17.909855136853043
100000.0,83.0,2.777856,6.5,27.0,Drama,362222.0,1978,11,4,12.80001532324363,11.51293546492023
2000000.0,108.0,11.276024,6.6,132.0,Comedy,22179430.0,2007,5,2,16.91467588581532,14.508658238524095
25000000.0,111.0,5.953413,5.8,109.0,Comedy,16158487.0,2006,10,4,16.59795604232337,17.034386422832473
17000000.0,109.0,7.906434,6.4,541.0,Action,57103895.0,2006,12,4,17.86038290347198,16.648723960844016
20000000.0,86.0,5.549609,3.2,334.0,Action,86865564.0,2007,1,1,18.279872251634806,16.811242881518265
16000000.0,90.0,9.629399,5.6,216.0,Mystery,1109660.0,2007,2,1,13.919565121237383,16.588099342704055
50000000.0,121.0,2.159558,6.0,666.0,Crime,82169884.0,2007,2,1,18.22429943036885,17.72753358339242
60000000.0,101.0,7.667874,5.0,434.0,Comedy,95673607.0,2007,2,1,18.376453039914907,17.909855136853043
150000000.0,111.0,20.50803,7.5,4510.0,Animation,623722818.0,2007,6,2,20.251216627327,18.826145858727198
13000000.0,120.0,6.980486,6.7,213.0,Drama,4857367.0,2006,5,2,15.396007285392034,16.380459992348886
13000000.0,104.0,6.862146,6.2,124.0,Adventure,11130889.0,2006,10,4,16.22523468411587,16.380459992348886
15500000.0,95.0,8.960677,6.3,279.0,Comedy,7385434.0,2006,12,4,15.815020375395019,16.5563506464056
5000000.0,94.0,0.619657,4.8,9.0,Comedy,3000000.0,1970,6,2,14.914123179965662,15.424948670398354
14500000.0,128.0,10.021547,6.7,96.0,Drama,22963701.0,2006,5,2,16.94942535335216,16.489659276356317
3700000.0,98.0,13.505066,6.4,116.0,Crime,3338228.0,2006,11,4,15.020950984805237,15.123843647884687
5000000.0,95.0,3.172765,6.8,53.0,Comedy,3833507.0,2006,10,4,15.159290868844698,15.424948670398354
110000000.0,114.0,11.902354,5.2,1754.0,Thriller,228738393.0,2007,2,1,19.248089524220738,18.5159909328476
10000000.0,100.0,6.063809,6.6,19.0,Comedy,31609243.0,2007,2,1,17.26896016742367,16.118095750958314
40000000.0,96.0,7.196688,6.2,569.0,Comedy,145896422.0,2007,2,1,18.79840749640015,17.50439003707821
30000000.0,101.0,8.140941,6.3,1045.0,Thriller,77566815.0,2007,2,1,18.16665026482817,17.216707972959764
10000000.0,84.0,4.468247,5.6,72.0,Action,20342161.0,2007,2,1,16.828206235954667,16.118095750958314
15000000.0,116.0,7.050403,6.6,247.0,Drama,10903846.0,2006,12,4,16.204626220712008,16.52356082573315
994000.0,89.0,5.230003,6.2,61.0,Drama,165000.0,2006,3,1,12.013706813470414,13.809493491674422
12000000.0,121.0,13.535195,7.4,2252.0,Crime,80573774.0,2007,2,1,18.204683782323396,16.300417291085605
70000000.0,96.0,9.41746,5.9,880.0,Action,76066841.0,2007,4,2,18.147123011717103,18.064005814299346
818418.0,152.0,4.387586,7.3,112.0,Drama,4851244.0,2005,9,3,15.394745931002522,13.615129709381346
13000000.0,100.0,1.884204,6.1,26.0,Comedy,8475466.0,1986,4,2,15.952686312957498,16.380459992348886
65000000.0,157.0,19.083823,7.3,2080.0,Crime,84785914.0,2007,3,1,18.255639990268435,17.989897843244528
2000000.0,90.0,0.717595,4.0,4.0,Thriller,30.0,2006,2,1,3.4339872044851463,14.508658238524095
65000000.0,117.0,18.108408,7.0,5092.0,Action,422610419.0,2006,12,4,19.8619613197282,17.989897843244528
8.0,92.0,5.140016,6.7,131.0,Drama,21.0,2006,9,3,3.091042453358316,2.1972245773362196
11000000.0,119.0,9.386916,6.7,546.0,Horror,88489643.0,2006,7,3,18.298396086181988,16.213405921671733
16500000.0,120.0,7.829737,6.9,325.0,Drama,37311672.0,2007,3,1,17.434816784717363,16.61887099947687
12000000.0,122.0,4.273271,6.8,50.0,Drama,20138836.0,2006,9,3,16.818160697807794,16.300417291085605
11000000.0,90.0,3.966066,5.0,56.0,Comedy,13196245.0,2007,3,1,16.39544295316958,16.213405921671733
20000000.0,96.0,10.163764,5.8,391.0,Thriller,84146832.0,2007,2,1,18.248073842717584,16.811242881518265
20000000.0,89.0,10.763622,6.2,533.0,Horror,22217407.0,2007,3,1,16.916386683706257,16.811242881518265
20000000.0,124.0,10.027137,7.1,340.0,Drama,22222308.0,2007,3,1,16.91660725216847,16.811242881518265
61000000.0,124.0,14.246918,6.9,1495.0,Action,95696996.0,2007,3,1,18.376697476620496,17.926384438531027
34000000.0,90.0,11.358363,6.0,349.0,Adventure,95608995.0,2007,3,1,18.375777474012875,17.341871111992198
21000000.0,145.0,7.440511,7.2,288.0,Drama,26193068.0,2006,9,3,17.08100539174919,16.860033043306743
16000000.0,99.0,12.153493,6.6,209.0,Crime,5367030.0,2007,3,1,15.49578542718104,16.588099342704055
40000000.0,99.0,9.825841,5.4,209.0,Thriller,62771059.0,2007,4,2,17.955004697199083,17.50439003707821
150000000.0,95.0,10.529576,6.7,787.0,Animation,169332978.0,2007,3,1,18.94737762435277,18.826145858727198
18000000.0,115.0,5.034585,6.4,147.0,Western,1196307.0,2006,9,3,13.994750705422433,16.705882371415992
50000000.0,107.0,12.715571,7.0,1210.0,Science Fiction,32017803.0,2007,4,2,17.281802681044816,17.72753358339242
25000000.0,116.0,4.78586,6.4,60.0,Comedy,11772461.0,2006,10,4,16.281273633233095,17.034386422832473
50000000.0,114.0,5.91265,6.6,100.0,Drama,9448082.0,2006,11,4,16.061322421748777,17.72753358339242
60795000.0,109.0,9.925255,5.4,242.0,Crime,73090611.0,2007,4,2,18.10721048965999,17.923018123161377
20000000.0,105.0,18.006896,6.6,1038.0,Thriller,117760134.0,2007,4,2,18.584160359343638,16.811242881518265
45000000.0,99.0,11.101549,5.4,173.0,Adventure,30822861.0,2007,1,1,17.24376724532292,17.622173069956816
15500000.0,93.0,6.300001,5.5,16.0,Mystery,1237615.0,2005,9,3,14.028697506405647,16.5563506464056
25000000.0,96.0,5.615957,5.5,152.0,Drama,5549200.0,2006,4,2,15.529164511394848,17.034386422832473
19000000.0,80.0,7.712309,6.0,406.0,Horror,35300645.0,2007,4,2,17.379411822019364,16.759949589762293
10000000.0,97.0,9.351276,5.8,163.0,Romance,17500000.0,2007,4,2,16.677711496036597,16.118095750958314
25000000.0,90.0,10.19853,6.1,682.0,Family,229736344.0,2007,3,1,19.252442883266216,17.034386422832473
30000000.0,102.0,6.097503,6.0,148.0,Crime,26810113.0,2007,4,2,17.104289762347825,17.216707972959764
258000000.0,139.0,27.614265,5.9,3687.0,Fantasy,890871626.0,2007,5,2,20.607710897613856,19.36847014676186
22000000.0,115.0,9.409701,6.5,278.0,Adventure,68000000.0,2006,7,3,18.035018277846262,16.906553056777135
8000000.0,124.0,0.860734,6.1,17.0,Drama,2019009.0,2005,10,4,14.518117850229713,15.894952224644102
4200000.0,132.0,7.42908,6.2,170.0,Fantasy,38862717.0,2006,1,1,17.475545942854158,15.250595321348806
2380000.0,101.0,2.514638,7.4,370.0,Drama,8176544.0,2006,9,3,15.916780247716764,14.682611465815636
30000000.0,129.0,9.058516,6.2,1255.0,Comedy,219076518.0,2007,6,2,19.204931628580656,17.216707972959764
50000000.0,117.0,7.768045,6.5,738.0,Family,90450008.0,2007,7,3,18.32030786930806,17.72753358339242
15000000.0,100.0,12.884191,6.5,1225.0,Horror,64238440.0,2007,4,2,17.978112358939683,16.52356082573315
160000000.0,93.0,14.072479,6.0,2355.0,Fantasy,798958165.0,2007,5,2,20.49881914441239,18.8906843794481
160000.0,85.0,10.357064,7.4,457.0,Drama,20710513.0,2007,3,1,16.846152051991837,11.982935344196433
300000000.0,169.0,31.363664,6.9,4627.0,Adventure,961000000.0,2007,5,2,20.68348496797515,19.519293035953808
4000000.0,102.0,5.911303,6.0,167.0,Horror,8059140.0,2006,5,2,15.902317533120838,15.201805169084134
20000000.0,120.0,7.423812,6.8,543.0,Drama,41637263.0,2007,6,2,17.54450609350043,16.811242881518265
9000000.0,97.0,2.961621,6.0,17.0,Drama,2955039.0,2007,6,2,14.899022745109738,16.012735246411598
30000000.0,108.0,8.552967,5.7,323.0,Crime,16930884.0,2007,2,1,16.644650026812776,17.216707972959764
85000000.0,122.0,12.16276,6.5,2040.0,Crime,311312624.0,2007,6,2,19.556308190323495,18.258161826219297
2000000.0,90.0,1.372493,6.7,21.0,Adventure,300000.0,2006,6,2,12.611541086966115,14.508658238524095
1000000.0,78.0,2.392367,6.2,20.0,Crime,10018.0,2006,4,2,9.212238569259263,13.815511557963774
10200000.0,93.0,8.916747,5.6,464.0,Horror,35619521.0,2007,6,2,17.38840441630846,16.13789837629371
85000000.0,85.0,11.526339,5.9,616.0,Animation,149044513.0,2007,6,2,18.81975557097019,18.258161826219297
130000000.0,92.0,12.924254,5.4,2648.0,Adventure,289047763.0,2007,6,2,19.48210250577697,18.683045016112164
8000000.0,91.0,5.284805,6.6,137.0,Romance,426224.0,2006,9,3,12.962722654833431,15.894952224644102
25000000.0,113.0,13.412137,6.7,1359.0,Action,25037897.0,2007,5,2,17.035901154985634,17.034386422832473
16000.0,66.0,0.892476,3.5,17.0,Science Fiction,1000000.0,1953,6,2,13.815511557963774,9.680406499268875
10000000.0,126.0,9.604564,6.9,339.0,Adventure,7177143.0,2006,9,3,15.78641209030456,16.118095750958314
2000000.0,87.0,4.681832,6.0,19.0,Comedy,265198.0,2006,4,2,12.488235766547671,14.508658238524095
250000.0,82.0,0.003013,5.9,8.0,Drama,340147.0,1992,9,3,12.737136095996991,12.429220196836383
9000000.0,123.0,6.766086,7.3,241.0,Documentary,24538513.0,2007,5,2,17.01575444121633,16.012735246411598
2224000.0,100.0,0.988777,6.0,17.0,Comedy,28000000.0,2004,9,3,17.147715103853763,14.614818383992796
16000000.0,100.0,16.770196,6.7,97.0,Drama,18928871.0,2007,1,1,16.756198933454446,16.588099342704055
25000000.0,104.0,9.196884,6.5,1372.0,Horror,94679598.0,2007,7,3,18.366009107282117,17.034386422832473
9000000.0,90.0,8.832907,6.9,508.0,Comedy,46.0,2007,2,1,3.8501476017100584,16.012735246411598
110000000.0,128.0,14.886039,6.4,2122.0,Action,383531464.0,2007,6,2,19.764932222342033,18.5159909328476
35000000.0,91.0,7.102076,5.3,258.0,Comedy,69307224.0,2007,7,3,18.05405971558002,17.370858648025116
175000000.0,96.0,9.156877,5.3,1194.0,Fantasy,173000000.0,2007,6,2,18.9688021582424,18.980296537602072
150000000.0,144.0,5.587707,6.6,4113.0,Adventure,709709780.0,2007,6,2,20.38036668527991,18.826145858727198
17000000.0,96.0,8.687797,4.4,134.0,Crime,2626800.0,2007,3,1,14.781277313990218,16.648723960844016
150000000.0,138.0,21.3643,7.4,5633.0,Adventure,938212738.0,2007,6,2,20.65948728189478,18.826145858727198
85000000.0,115.0,6.645799,5.8,640.0,Comedy,186072214.0,2007,7,3,19.041645409015075,18.258161826219297
70000000.0,127.0,14.784525,7.2,1215.0,Adventure,135560026.0,2007,8,3,18.724925103876902,18.064005814299346
75000000.0,87.0,14.302911,6.9,2335.0,Animation,527068851.0,2007,7,3,20.08284174692816,18.132998684833918
12000000.0,105.0,4.961439,4.0,81.0,Crime,9620399.0,2007,7,3,16.079396401819043,16.300417291085605
28000000.0,104.0,9.672317,6.1,336.0,Comedy,92601050.0,2007,7,3,18.343811049444007,17.147715103853763
70000000.0,115.0,18.173269,7.3,2938.0,Action,442824138.0,2007,8,3,19.908683271766375,18.064005814299346
4000000.0,90.0,4.725299,6.2,82.0,Comedy,2426851.0,2007,2,1,14.702105502214815,15.201805169084134
20000000.0,113.0,16.205105,7.0,2152.0,Comedy,121463226.0,2007,8,3,18.615122116498355,16.811242881518265
140000000.0,91.0,9.718111,6.1,801.0,Action,258022233.0,2007,8,3,19.36855631746733,18.757152987716434
67000000.0,102.0,8.920545,5.0,210.0,Action,25303038.0,2007,4,2,17.046435065061164,18.020203192280615
16500000.0,108.0,6.463883,6.0,242.0,Comedy,13620075.0,2007,9,3,16.42705543869944,16.61887099947687
70000000.0,110.0,13.842333,6.5,517.0,Thriller,86658558.0,2007,8,3,18.277486345935618,18.064005814299346
6000000.0,89.0,5.414213,4.4,94.0,Comedy,18197398.0,2007,8,3,16.716789229746205,15.607270193858982
80000000.0,99.0,5.228837,5.7,366.0,Science Fiction,15071514.0,2007,8,3,16.528317096405797,18.197537205138154
25000000.0,103.0,12.077833,6.0,422.0,Action,40452643.0,2007,8,3,17.51564256398031,17.034386422832473
20000000.0,106.0,6.764056,6.1,335.0,Comedy,47738099.0,2007,8,3,17.681240379172195,16.811242881518265
15000000.0,109.0,11.607678,5.9,510.0,Horror,80253908.0,2007,8,3,18.200706029068467,16.52356082573315
20000000.0,105.0,6.612175,6.4,303.0,Action,16974459.0,2007,8,3,16.647220419415557,16.811242881518265
15000000.0,93.0,8.031164,5.7,41.0,Comedy,20380.0,2007,1,1,9.922358373286379,16.52356082573315
55000000.0,122.0,18.079094,6.9,1210.0,Western,70016220.0,2007,9,3,18.064237501740145,17.822843761378564
39000000.0,86.0,7.259086,6.3,589.0,Action,26820641.0,2007,7,3,17.104682372891492,17.479072229734946
30000000.0,123.0,8.913338,7.4,1075.0,Drama,129266061.0,2007,8,3,18.677383334424874,17.216707972959764
852510.0,113.0,9.990406,7.4,158.0,Drama,1185783.0,2007,8,3,13.985914717163867,13.655941391282369
2000000.0,102.0,1.987795,7.3,23.0,Documentary,1431623.0,2007,7,3,14.174320022192832,14.508658238524095
70000000.0,122.0,11.8027,6.4,258.0,Crime,69766619.0,2007,9,3,18.060666229851574,18.064005814299346
23000000.0,124.0,9.604552,6.6,265.0,History,29541790.0,2007,8,3,17.20131646288431,16.951004817371683
2200000.0,157.0,4.102052,7.2,98.0,Drama,11502151.0,2006,1,1,16.258044706261547,14.603968372873895
24000000.0,97.0,11.414893,5.7,94.0,Comedy,9576495.0,2007,5,2,16.07482232103563,16.993564429978885
4000000.0,105.0,4.661689,6.2,79.0,Drama,46474.0,2007,9,3,10.746669812589644,15.201805169084134
51500000.0,100.0,9.897909,7.2,867.0,Thriller,55112356.0,2007,9,3,17.82488451395229,17.75709238505144
8000000.0,99.0,2.942202,5.8,19.0,Drama,458232.0,2007,4,2,13.035133067359698,15.894952224644102
22000000.0,97.0,10.77166,5.8,104.0,Drama,413454.0,2007,7,3,12.932303960437933,16.906553056777135
45000000.0,94.0,3.009134,6.1,1308.0,Horror,148412065.0,2007,9,3,18.815503192669926,17.622173069956816
25000000.0,101.0,7.456047,5.6,454.0,Comedy,59192128.0,2007,9,3,17.89629913493371,17.034386422832473
15000000.0,148.0,15.423538,7.8,3139.0,Adventure,56255142.0,2007,9,3,17.845408025980344,16.52356082573315
22000000.0,110.0,9.627676,6.0,434.0,Comedy,147880543.0,2007,9,3,18.81191537068431,16.906553056777135
60000000.0,116.0,9.149612,5.7,414.0,Comedy,127766650.0,2007,10,4,18.66571611906331,17.909855136853043
25000000.0,98.0,8.936547,6.5,363.0,Comedy,68377859.0,2007,10,4,18.040559645985212,17.034386422832473
16000000.0,91.0,6.493474,7.1,876.0,Adventure,24377151.0,2007,9,3,17.009156858130588,16.588099342704055
21000000.0,117.0,7.572144,6.5,327.0,Drama,54926886.0,2007,5,2,17.821513531584714,16.860033043306743
55000000.0,114.0,7.608243,6.6,310.0,Drama,74237563.0,2007,9,3,18.122780833403876,17.822843761378564
25000000.0,119.0,7.857078,6.6,508.0,Drama,92991835.0,2007,9,3,18.34802226231797,17.034386422832473
12000000.0,106.0,8.025118,7.1,517.0,Comedy,11293663.0,2007,10,4,16.23975241846247,16.300417291085605
30000000.0,113.0,8.764548,6.2,784.0,Horror,75505973.0,2007,10,4,18.139722336916783,17.216707972959764
27500000.0,120.0,13.482558,6.2,207.0,Drama,24748670.0,2007,9,3,17.024282348567542,17.129696599000436
16000000.0,113.0,11.446274,6.7,90.0,Drama,2849142.0,2007,9,3,14.862528805270609,16.588099342704055
19000000.0,113.0,6.148516,7.2,1034.0,Crime,34619699.0,2007,10,4,17.359933442163527,16.759949589762293
30000000.0,160.0,10.111313,7.0,792.0,Action,14711793.0,2007,9,3,16.504160042993167,17.216707972959764
8000000.0,107.0,3.034823,6.3,26.0,Action,143451.0,2006,2,1,11.873755763452438,15.894952224644102
3800000.0,122.0,10.083019,6.6,68.0,Drama,17804565.0,2007,9,3,16.694965499221425,15.150511887854474
15000000.0,113.0,2.016044,6.1,33.0,Comedy,55184721.0,2007,10,4,17.826196697575636,16.52356082573315
10000000.0,93.0,12.233863,5.9,938.0,Horror,139352633.0,2007,10,4,18.7525182137588,16.118095750958314
100000000.0,157.0,9.644542,7.4,1527.0,Drama,266465037.0,2007,11,4,19.400753603470644,18.420680753952364
150000000.0,91.0,8.774374,5.7,1208.0,Family,287594577.0,2007,10,4,19.477062331060434,18.826145858727198
18000000.0,117.0,9.309967,6.9,359.0,Crime,25005257.0,2007,9,3,17.034596680718323,16.705882371415992
14000000.0,112.0,11.090265,7.5,290.0,Drama,19777647.0,2007,5,2,16.800062969100857,16.454567959008102
25000000.0,122.0,15.565484,7.7,3083.0,Crime,171600000.0,2007,11,4,18.960676750845643,17.034386422832473
1000000.0,87.0,1.833892,6.0,12.0,Comedy,18479.0,2007,2,1,9.824444345195674,13.815511557963774
25000000.0,114.0,8.874048,7.2,821.0,Family,66122026.0,2007,11,4,18.007012486829534,17.034386422832473
3.0,113.0,1.486349,6.8,18.0,Action,4.0,2006,8,3,1.6094379124341003,1.3862943611198906
35000000.0,92.0,5.80986,6.0,223.0,Action,63215872.0,2007,10,4,17.962065982646223,17.370858648025116
100000000.0,116.0,5.502098,5.5,211.0,Action,97838349.0,2007,11,4,18.398827184932795,18.420680753952364
70000000.0,115.0,9.951195,5.5,855.0,Adventure,195735876.0,2007,11,4,19.092276742084234,18.064005814299346
45000000.0,139.0,5.20735,6.5,84.0,Drama,4607608.0,2007,10,4,15.343219625327137,17.622173069956816
17000000.0,144.0,6.242588,5.2,154.0,Comedy,374743.0,2006,5,2,12.83399840516289,16.648723960844016
4000000.0,159.0,6.975759,6.6,54.0,Crime,7537453.0,2007,6,2,15.835395017179719,15.201805169084134
18000000.0,126.0,8.435642,6.7,1438.0,Science Fiction,57096190.0,2007,11,4,17.860247964870545,16.705882371415992
85000000.0,107.0,11.447798,6.6,1512.0,Comedy,340487652.0,2007,11,4,19.64588942151606,18.258161826219297
24000000.0,89.0,13.765241,5.9,982.0,Action,99965753.0,2007,11,4,18.42033822529955,16.993564429978885
8000000.0,98.0,9.276709,5.7,162.0,Horror,7766240.0,2007,11,4,15.865296821498916,15.894952224644102
9100000.0,170.0,4.384156,7.2,85.0,Comedy,37707444.0,2007,11,4,17.445368113027712,16.02378508137718
86000000.0,84.0,7.076062,6.3,403.0,Thriller,14373825.0,2007,11,4,16.48091947174733,18.26985786584569
180000000.0,113.0,11.481379,5.8,1347.0,Adventure,372234864.0,2007,12,4,19.73503557054199,19.00846741441004
150000000.0,101.0,11.379355,6.9,4977.0,Drama,585349010.0,2007,12,4,20.1877188273011,18.826145858727198
60000000.0,92.0,11.805233,5.5,1212.0,Comedy,361366633.0,2007,12,4,19.70540360756584,17.909855136853043
20000000.0,135.0,9.351557,6.6,202.0,Drama,4001121.0,2007,10,4,15.202085379751395,16.811242881518265
7500000.0,96.0,11.791591,7.0,2313.0,Comedy,231411584.0,2007,12,4,19.259708436293465,15.830413711839864
10000000.0,111.0,11.119593,6.1,197.0,Drama,21786738.0,2007,5,2,16.89681203991584,16.118095750958314
5000000.0,90.0,3.494388,6.2,37.0,Drama,782102.0,2007,1,1,13.569741724408967,15.424948670398354
900000.0,86.0,2.78291,6.0,4.0,Comedy,82701.0,2006,4,2,11.322999064516216,13.710151153416941
1300000.0,135.0,0.044561,5.0,1.0,Drama,639000.0,2006,2,1,13.367661298303675,14.077875591662238
45000000.0,97.0,9.070643,7.0,1138.0,Drama,175372502.0,2007,12,4,18.98242285822424,17.622173069956816
20000000.0,128.0,5.970067,7.3,405.0,Drama,73276047.0,2007,10,4,18.10974434674486,16.811242881518265
50000000.0,116.0,10.038401,7.0,1745.0,Drama,152000000.0,2007,12,4,18.839391085389497,17.72753358339242
130000000.0,124.0,12.854373,6.1,1782.0,Action,457363168.0,2007,12,4,19.94098831379226,18.683045016112164
25000000.0,158.0,8.200627,7.9,1581.0,Drama,77208711.0,2007,12,4,18.162022858368886,17.034386422832473
75000000.0,102.0,9.979162,6.5,342.0,Comedy,119000410.0,2007,12,4,18.594637504851352,18.132998684833918
40000000.0,94.0,10.793324,4.9,758.0,Fantasy,41797066.0,2007,12,4,17.54833672756902,17.50439003707821
35000000.0,96.0,7.219935,6.6,214.0,Comedy,18317151.0,2007,12,4,16.723348446610046,17.370858648025116
15000000.0,126.0,8.735448,6.9,153.0,Drama,30226144.0,2007,12,4,17.224217836295164,16.52356082573315
40000000.0,112.0,5.083211,6.3,293.0,Fantasy,103071443.0,2007,12,4,18.450932936811025,17.50439003707821
30000000.0,126.0,10.304881,7.0,1011.0,Drama,156835339.0,2007,11,4,18.870707023138788,17.216707972959764
30000000.0,111.0,10.342202,6.1,1013.0,Comedy,160259319.0,2008,1,1,18.892303811200243,17.216707972959764
2600000.0,165.0,6.093304,7.7,194.0,Drama,28430000.0,2007,12,4,17.162955518801294,14.77102238760702
70000000.0,90.0,6.280906,4.0,104.0,Fantasy,53587404.0,2007,2,1,17.796824617085306,18.064005814299346
1500000.0,78.0,8.504511,7.1,954.0,Horror,30448000.0,2007,4,2,17.231530901360948,14.220976332738882
20000000.0,108.0,6.496913,6.6,142.0,Crime,6819587.0,2007,9,3,15.735309617437668,16.811242881518265
25000000.0,85.0,12.868098,6.4,2297.0,Action,170764026.0,2008,1,1,18.955793202382242,17.034386422832473
35000000.0,101.0,7.85217,5.9,241.0,Drama,32483410.0,2008,1,1,17.296240086216603,17.370858648025116
50000000.0,92.0,9.91556,6.4,1009.0,Action,113244290.0,2008,1,1,18.545057910460734,17.72753358339242
30000000.0,84.0,6.416753,3.8,370.0,Comedy,84646831.0,2008,1,1,18.253998241153198,17.216707972959764
12000000.0,98.0,8.233662,5.5,284.0,Drama,56309766.0,2008,2,1,17.84637855941368,16.300417291085605
50000.0,103.0,11.329733,5.9,85.0,Action,249905.0,2007,2,1,12.42884012613866,10.819798284210286
85000000.0,120.0,11.928661,6.5,1555.0,Adventure,160388063.0,2008,7,3,18.893106836662746,18.258161826219297
15000000.0,107.0,9.895652,7.4,1414.0,Comedy,34533783.0,2008,2,1,17.357448649229443,16.52356082573315
2000000.0,115.0,0.367324,6.4,9.0,Drama,111000.0,2006,6,2,11.6172944892629,14.508658238524095
7000000.0,91.0,7.958502,5.5,75.0,Action,9229401.0,1990,1,1,16.03790481564776,15.76142084987672
35000000.0,114.0,4.386145,5.7,58.0,Comedy,43650785.0,2008,2,1,17.591731846960617,17.370858648025116
70000000.0,112.0,9.4548,5.4,454.0,Romance,111231041.0,2008,2,1,18.5271200555006,18.064005814299346
15000000.0,85.0,0.900864,6.7,10.0,Music,22730842.0,2007,5,2,16.939233282690495,16.52356082573315
85000000.0,88.0,11.03897,5.9,1855.0,Adventure,222231186.0,2008,2,1,19.21922878085644,18.258161826219297
40000000.0,90.0,7.001645,6.3,731.0,Drama,151161491.0,2008,2,1,18.83385930673292,17.50439003707821
90000000.0,95.0,11.133784,6.3,593.0,Adventure,162839667.0,2008,2,1,18.90827664278587,18.31532023940565
23000000.0,98.0,7.667579,6.5,658.0,Music,150816700.0,2008,2,1,18.831575756742744,16.951004817371683
8376800.0,213.0,12.237488,7.6,74.0,Action,13000000.0,2008,2,1,16.380459992348886,15.94097665733271
10000000.0,100.0,11.840495,6.2,241.0,Comedy,33000000.0,2007,9,3,17.312018149733785,16.118095750958314
1000000.0,106.0,6.415898,6.6,53.0,Documentary,274661.0,2007,4,2,12.5232965297879,13.815511557963774
105000000.0,109.0,13.99377,5.1,934.0,Adventure,266000000.0,2008,2,1,19.39900687050537,18.46947091764561
20000000.0,112.0,8.732701,6.6,708.0,Thriller,64822796.0,2008,2,1,17.987167905008995,16.811242881518265
30000000.0,108.0,13.436536,5.8,374.0,Action,22211426.0,2008,3,1,16.91611744414433,17.216707972959764
85000000.0,88.0,8.326699,6.3,927.0,Animation,297138014.0,2008,3,1,19.50970728579847,18.258161826219297
15000000.0,112.0,6.841586,6.3,562.0,Horror,7938872.0,2007,10,4,15.887281883602348,16.52356082573315
18000000.0,120.0,6.375447,6.5,165.0,History,26527510.0,2007,9,3,17.093692903393823,16.705882371415992
62000000.0,87.0,6.258666,4.3,243.0,Comedy,41819064.0,2008,6,2,17.548862893991245,17.9426449591384
2000000.0,95.0,12.001324,5.4,194.0,Horror,5364858.0,2007,9,3,15.495380652247706,14.508658238524095
8000000.0,95.0,8.762536,6.8,51.0,Drama,60641.0,2007,2,1,11.012743001302718,15.894952224644102
3500000.0,75.0,7.031719,6.6,115.0,Action,5231128.0,2008,2,1,15.470137682725413,15.068273812173887
25000000.0,104.0,10.510245,5.2,128.0,Comedy,6673422.0,2008,10,4,15.713643479656406,17.034386422832473
2000000.0,97.0,9.796755,5.9,88.0,Comedy,54207.0,1993,10,4,10.900583778011725,14.508658238524095
185000000.0,152.0,123.167259,8.3,12269.0,Drama,1004558444.0,2008,7,3,20.727813923702396,19.035866388448003
2500.0,78.0,0.404753,6.6,7.0,Drama,15425.0,2007,3,1,9.643809676493944,7.824445930877619
20000000.0,115.0,14.753931,6.5,511.0,Drama,41627431.0,2008,3,1,17.54426993098455,16.811242881518265
24000000.0,145.0,5.035414,5.6,62.0,Action,23321954.0,2006,9,3,16.964905749551935,16.993564429978885
300000.0,88.0,2.290725,5.2,14.0,Comedy,3952448.0,1983,3,1,15.18984594475671,12.611541086966115
35000000.0,123.0,8.33756,6.5,1406.0,Drama,69823199.0,2008,3,1,18.06147689073069,17.370858648025116
7000000.0,95.0,3.756539,5.8,74.0,Comedy,10569964.0,2008,4,2,16.17352704658266,15.76142084987672
58000000.0,114.0,9.37102,5.7,131.0,Comedy,41299492.0,2008,3,1,17.536360781826854,17.87595358575207
16000000.0,124.0,7.404835,7.1,35.0,Action,34786960.0,2007,10,4,17.364753190625102,16.588099342704055
40000000.0,124.0,3.916952,6.2,47.0,Adventure,1641825.0,1986,5,2,14.311319595048166,17.50439003707821
25000000.0,113.0,5.430566,6.1,84.0,Drama,11207130.0,2008,3,1,16.232060830088717,17.034386422832473
6000000.0,138.0,2.002032,7.2,23.0,Drama,1300000.0,2008,2,1,14.077875591662238,15.607270193858982
37000000.0,96.0,7.558125,5.6,341.0,Adventure,100076342.0,2008,4,2,18.421443882687914,17.426428497635523
30000000.0,111.0,15.106676,6.4,1194.0,Comedy,105173115.0,2008,4,2,18.47111827427828,17.216707972959764
35000000.0,85.0,7.876483,4.9,394.0,Action,25871834.0,2008,3,1,17.06866548322767,17.370858648025116
20000000.0,109.0,13.246795,6.3,369.0,Action,65569869.0,2008,4,2,17.998626849623836,16.811242881518265
12000000.0,107.0,13.065315,6.2,508.0,Comedy,43493123.0,2008,4,2,17.588113414599178,16.300417291085605
120000000.0,135.0,7.134168,5.7,359.0,Action,93945766.0,2008,5,2,18.358228226927913,18.603002309079653
55000000.0,104.0,6.997601,6.3,476.0,Action,127906624.0,2008,4,2,18.666811063487494,17.822843761378564
38000000.0,93.0,6.100498,4.3,75.0,Adventure,5410749.0,2007,12,4,15.503898273376775,17.453096744006448
4000000.0,96.0,7.391932,6.7,146.0,Comedy,6870249.0,2007,1,1,15.74271105363832,15.201805169084134
25000000.0,107.0,7.720729,5.7,200.0,Thriller,17741298.0,2008,4,2,16.691405756516684,17.034386422832473
30000000.0,99.0,10.901355,5.8,205.0,Comedy,63833449.0,2008,4,2,17.971787905591434,17.216707972959764
3500000.0,90.0,1.787297,4.1,33.0,Documentary,7700000.0,2008,4,2,15.856731016694035,15.068273812173887
140000000.0,126.0,22.073099,7.4,8951.0,Action,585174222.0,2008,4,2,20.18742017795144,18.757152987716434
40000000.0,101.0,6.417385,6.0,410.0,Comedy,84601681.0,2008,5,2,18.253464706175503,17.50439003707821
600000.0,105.0,0.958152,5.0,6.0,Drama,1023156.0,2001,4,2,13.838403503344148,13.304686600863562
25000000.0,93.0,16.367481,7.2,4444.0,Action,226830568.0,2008,2,1,19.23971390468595,17.034386422832473
7000000.0,97.0,9.218164,6.9,143.0,Adventure,8900000.0,2008,3,1,16.001561947061912,15.76142084987672
5000000.0,97.0,6.226054,5.9,89.0,Comedy,346592.0,2007,9,3,12.755906459868122,15.424948670398354
35000000.0,99.0,10.054226,5.8,949.0,Comedy,170000000.0,2008,5,2,18.951309000896888,17.370858648025116
225000000.0,150.0,12.490891,6.3,1668.0,Adventure,419651413.0,2008,5,2,19.854934957961998,19.23161096461314
5000000.0,106.0,4.800426,5.6,86.0,Action,1296184.0,2008,4,2,14.074935892620566,15.424948670398354
185000000.0,122.0,12.577266,5.7,2558.0,Adventure,786636033.0,2008,5,2,20.48327622672714,19.035866388448003
65000000.0,145.0,9.170332,6.0,525.0,Comedy,415252786.0,2008,5,2,19.84439801805466,17.989897843244528
9000000.0,86.0,8.845536,6.0,509.0,Thriller,82391145.0,2008,5,2,18.22698853765007,16.012735246411598
130000000.0,90.0,16.897541,6.9,3231.0,Adventure,631744560.0,2008,6,2,20.263995694777233,18.683045016112164
90000000.0,113.0,13.116461,5.5,1068.0,Comedy,201596308.0,2008,6,2,19.12177778546214,18.31532023940565
5000000.0,108.0,4.391819,6.7,61.0,Comedy,6463286.0,2007,4,2,15.6816485698814,15.424948670398354
5000000.0,89.0,5.147819,6.0,64.0,TV Movie,42000000.0,1996,3,1,17.553180200057167,15.424948670398354
60000000.0,91.0,6.22229,4.9,968.0,Thriller,163403799.0,2008,6,2,18.911734995933717,17.909855136853043
150000000.0,114.0,19.125537,6.1,3086.0,Science Fiction,163712074.0,2008,6,2,18.91361980260207,18.826145858727198
40000000.0,125.0,14.622493,6.5,53.0,Drama,7400000.0,2008,7,3,15.816990693309524,17.50439003707821
180000000.0,98.0,16.088366,7.8,6439.0,Animation,521311860.0,2008,6,2,20.071859002213046,19.00846741441004
75000000.0,110.0,12.457896,6.4,2583.0,Action,258270008.0,2008,6,2,19.3695161421495,18.132998684833918
150000000.0,92.0,11.017324,6.2,3050.0,Fantasy,624029371.0,2008,7,3,20.25170799573874,18.826145858727198
500000.0,88.0,2.317528,6.0,30.0,Drama,220151.0,2007,1,1,12.3020734958576,13.122365377402328
80000000.0,110.0,11.35779,6.0,1072.0,Action,230685453.0,2008,6,2,19.256565669574005,18.197537205138154
259000.0,65.0,0.722511,6.2,5.0,Drama,921000.0,1928,11,4,13.733216401013184,12.464587201678082
103000.0,86.0,1.345287,5.8,11.0,Crime,704000.0,1925,9,3,13.464535055593716,11.542493975902508
6000000.0,99.0,5.598338,6.2,95.0,Drama,2899975.0,2008,7,3,14.880213019060388,15.607270193858982
52000000.0,108.0,10.534437,6.4,1435.0,Comedy,609841637.0,2008,7,3,20.2287098715911,17.76675429577647
11000000.0,106.0,7.250134,6.7,638.0,Comedy,53191886.0,2008,1,1,17.789416442682565,16.213405921671733
5200000.0,118.0,4.230046,6.7,50.0,Drama,14723313.0,2007,9,3,16.504942781795293,15.46416937585933
45000000.0,93.0,10.419974,5.8,1353.0,Action,101702060.0,2008,7,3,18.43755812630017,17.622173069956816
60000000.0,90.0,11.542926,5.1,381.0,Comedy,50650079.0,2008,7,3,17.74045136812465,17.909855136853043
20000000.0,97.0,4.522772,5.5,59.0,Drama,8380329.0,2007,9,3,15.941397851157856,16.811242881518265
20000000.0,126.0,9.570657,6.8,163.0,Fantasy,27793200.0,2006,6,2,17.140301980403827,16.811242881518265
15000000.0,111.0,12.497651,6.5,197.0,Thriller,5926410.0,2008,1,1,15.594929360093731,16.52356082573315
37000000.0,81.0,6.212702,5.1,102.0,Animation,63800345.0,2008,7,3,17.971269171497806,17.426428497635523
130000000.0,163.0,16.551503,7.0,2892.0,Action,185258983.0,2009,3,1,19.037265317590727,18.683045016112164
65000000.0,98.0,8.579638,6.5,1084.0,Comedy,128107642.0,2008,7,3,18.668381429411863,17.989897843244528
20000000.0,133.0,11.069679,6.2,55.0,Drama,13204291.0,2008,7,3,16.396052486221453,16.811242881518265
30000000.0,104.0,9.863584,5.5,534.0,Drama,68369434.0,2008,7,3,18.040436425997413,17.216707972959764
700000.0,77.0,2.819298,5.9,36.0,Drama,31576.0,2007,2,1,10.36018428646371,13.45883704259595
145000000.0,112.0,14.250227,5.2,1418.0,Adventure,401128639.0,2008,7,3,19.809792731831152,18.7922443072814
21000000.0,120.0,5.204249,5.8,66.0,Drama,17600000.0,2008,8,3,16.68340951682656,16.860033043306743
15000000.0,98.0,13.389735,6.0,294.0,Mystery,3533227.0,2008,8,3,15.077722458649065,16.52356082573315
5000000.0,110.0,3.334353,6.6,60.0,Comedy,4040588.0,2008,8,3,15.211901031389909,15.424948670398354
15000000.0,96.0,9.648539,6.7,1050.0,Drama,96408652.0,2008,8,3,18.384106516963246,16.52356082573315
27000000.0,111.0,8.461369,6.6,1169.0,Action,101624843.0,2008,8,3,18.43679859077572,17.11134746100564
80341000.0,150.0,11.867516,7.1,207.0,Adventure,127814609.0,2008,7,3,18.66609141262259,18.201790646364717
27000000.0,117.0,4.631978,6.1,244.0,Adventure,44352417.0,2008,8,3,17.607677786090477,17.11134746100564
13000000.0,112.0,6.829658,6.4,73.0,Drama,14894347.0,2008,8,3,16.516492370093236,16.380459992348886
92000000.0,107.0,8.980941,6.5,1707.0,Action,188072649.0,2008,8,3,19.05233888231721,18.33729914588288
8500000.0,98.0,8.524857,5.8,434.0,Thriller,68282844.0,2008,8,3,18.03916912168915,15.955576839107596
8000000.0,111.0,6.603748,5.1,142.0,Action,2033165.0,2008,8,3,14.525104742007036,15.894952224644102
2000000.0,90.0,7.636625,7.8,294.0,Drama,11125849.0,2008,6,2,16.224781787592285,14.508658238524095
4000000.0,115.0,7.274237,7.5,997.0,Horror,10785801.0,2008,1,1,16.193741197581204,15.201805169084134
45000000.0,105.0,13.53003,6.0,1205.0,Action,73762516.0,2008,8,3,18.116361260816948,17.622173069956816
25000000.0,97.0,9.920106,5.6,548.0,Romance,70442940.0,2008,8,3,18.070313592566237,17.034386422832473
15000000.0,102.0,9.469873,5.6,159.0,Comedy,8762890.0,2008,8,3,15.986036431298068,16.52356082573315
35000000.0,110.0,8.612618,6.0,494.0,Horror,72436439.0,2008,8,3,18.098220045652603,17.370858648025116
3800000.0,121.0,9.239882,6.3,79.0,Adventure,2725258.0,2007,9,3,14.818074027434468,15.150511887854474
37000000.0,96.0,13.206799,6.5,1251.0,Comedy,163720069.0,2008,9,3,18.913668637147634,17.426428497635523
25000000.0,87.0,11.634132,3.1,250.0,Action,14109284.0,2008,8,3,16.4623436492637,17.034386422832473
70000000.0,101.0,9.273808,5.4,687.0,Action,72108608.0,2008,8,3,18.093683998733237,18.064005814299346
22000000.0,114.0,7.859606,6.6,210.0,Drama,23530831.0,2008,8,3,16.97382211919445,16.906553056777135
7000000.0,94.0,10.36168,4.8,48.0,Comedy,6230276.0,2008,8,3,15.644931352054511,15.76142084987672
16000000.0,114.0,6.62363,4.6,96.0,Comedy,50007546.0,2008,9,3,17.727684492002126,16.588099342704055
3500000.0,102.0,34.145916,4.1,135.0,Horror,54947.0,2007,9,3,10.914142562445095,15.068273812173887
60000000.0,103.0,5.762005,4.7,323.0,Action,39031337.0,2008,12,4,17.47987541989127,17.909855136853043
45000000.0,99.0,6.576009,5.0,336.0,Action,42487390.0,2008,8,3,17.564717907522787,17.622173069956816
79000.0,85.0,2.066141,6.0,35.0,Comedy,245000.0,2006,6,2,12.409017571151187,11.277215789596893
60000000.0,101.0,7.094624,5.9,382.0,Action,73174566.0,2008,9,3,18.108358473203225,17.909855136853043
20000000.0,110.0,13.857624,5.9,294.0,Drama,27640028.0,2008,9,3,17.134775606067244,16.811242881518265
4002313.0,98.0,1.02071,6.0,4.0,Action,6.0,2007,8,3,1.9459101490553132,15.202383251817546
20000000.0,115.0,12.392754,6.3,305.0,Drama,20211394.0,2008,9,3,16.821757112232703,16.811242881518265
45000000.0,160.0,11.221186,6.3,90.0,Drama,9323833.0,2008,9,3,16.048084475461497,17.622173069956816
80000000.0,118.0,14.324875,6.3,1038.0,Mystery,178066569.0,2008,9,3,18.997668027104037,18.197537205138154
27000000.0,110.0,11.981531,6.2,247.0,Comedy,17286299.0,2008,10,4,16.665424838229164,17.11134746100564
9000000.0,89.0,12.992176,6.4,387.0,Comedy,32973937.0,2008,10,4,17.31122804983219,16.012735246411598
10000000.0,127.0,0.524432,7.8,5.0,War,25800.0,2003,5,2,10.158168529848494,16.118095750958314
70000000.0,128.0,12.886125,6.5,919.0,Action,113280098.0,2008,10,4,18.54537406184998,18.064005814299346
55000000.0,90.0,8.061467,6.2,614.0,Adventure,17869048.0,2008,10,4,16.698580668036232,17.822843761378564
200000.0,105.0,0.917777,6.0,7.0,Adventure,8000000.0,1916,12,4,15.894952224644102,12.206077645517674
35000000.0,100.0,10.08043,5.2,625.0,Action,85416905.0,2008,10,4,18.263054601696076,17.370858648025116
24000000.0,102.0,6.449332,6.1,734.0,Comedy,42105111.0,2008,9,3,17.555679716459316,16.993564429978885
25100000.0,131.0,8.937049,6.0,144.0,Drama,29506464.0,2008,10,4,17.200119949842012,17.038378443942648
20000000.0,101.0,14.114136,5.4,223.0,Romance,36620508.0,2008,9,3,17.416118996622508,16.811242881518265
11000000.0,114.0,6.390463,7.4,159.0,Adventure,38105395.0,2008,9,3,17.455866457365318,16.213405921671733
20000000.0,83.0,2.151159,4.1,20.0,Comedy,7000000.0,2008,10,4,15.76142084987672,16.811242881518265
7500000.0,107.0,6.010332,7.5,870.0,Drama,19000000.0,2008,3,1,16.759949589762293,15.830413711839864
12000000.0,89.0,6.140116,5.6,343.0,Horror,40855419.0,2008,10,4,17.525550051007556,16.300417291085605
30000000.0,130.0,5.844016,6.3,243.0,Thriller,31148328.0,2008,9,3,17.254271158099154,17.216707972959764
40000000.0,130.0,4.929912,7.1,71.0,Drama,9793496.0,2008,10,4,16.097229151951264,17.50439003707821
18000000.0,114.0,7.263988,6.9,851.0,Action,25739015.0,2008,9,3,17.0635185309633,16.705882371415992
150000000.0,89.0,12.668733,6.2,1866.0,Family,603900354.0,2008,10,4,20.218919767123626,18.826145858727198
2000000.0,123.0,3.462653,6.8,41.0,Drama,38135878.0,2008,6,2,17.45666610300672,14.508658238524095
25000000.0,121.0,7.462378,6.4,393.0,Drama,19844979.0,2008,5,2,16.803461636388263,17.034386422832473
55000000.0,141.0,11.672394,7.3,1151.0,Crime,113020255.0,2008,1,1,18.54307761724923,17.822843761378564
32000000.0,111.0,14.958098,6.8,1113.0,Adventure,27635305.0,2009,11,4,17.134604716102977,17.281246492014
15000000.0,120.0,11.258181,7.6,2918.0,Drama,377910544.0,2008,5,2,19.750168072137864,16.52356082573315
200000000.0,106.0,13.67812,6.1,3015.0,Adventure,586090727.0,2008,10,4,20.188985161495555,19.11382792951231
28000000.0,99.0,7.646215,6.4,575.0,Comedy,92380927.0,2008,2,1,18.341431108380664,17.147715103853763
6000000.0,96.0,6.670933,6.6,155.0,Drama,276891.0,2008,6,2,12.531382817445195,15.607270193858982
10800000.0,92.0,10.165499,6.0,848.0,Horror,113857533.0,2008,10,4,18.55045852307596,16.195056784687036
19000000.0,109.0,9.106146,6.0,348.0,Comedy,18755936.0,2008,10,4,16.74702090026083,16.759949589762293
6000000.0,108.0,9.002146,4.8,36.0,Action,391410.0,2008,10,4,12.877513437790382,15.607270193858982
20000000.0,91.0,9.569765,4.9,217.0,Adventure,149281606.0,2008,10,4,18.821345060010724,16.811242881518265
130000000.0,165.0,9.566135,6.3,712.0,Drama,49554002.0,2008,11,4,17.718573602560923,18.683045016112164
150000000.0,98.0,15.580915,6.3,1798.0,Animation,309979994.0,2008,11,4,19.552018321103105,18.826145858727198
20000000.0,128.0,10.680121,7.1,628.0,History,54586584.0,2008,11,4,17.81529871455624,16.811242881518265
37000000.0,122.0,31.282029,5.8,3688.0,Adventure,392616625.0,2008,11,4,19.78834418735622,17.426428497635523
30000000.0,104.0,9.296824,5.9,1110.0,Action,108979549.0,2008,11,4,18.506670807912684,17.216707972959764
80000000.0,88.0,7.210383,5.3,337.0,Comedy,163733697.0,2008,11,4,18.913751873325314,18.197537205138154
12500000.0,94.0,8.912738,7.7,1492.0,War,20416563.0,2008,5,2,16.83185709013693,16.341239282272525
3500000.0,97.0,6.804406,6.0,111.0,Horror,1115493.0,2008,2,1,13.924807914086337,15.068273812173887
500000.0,122.0,5.329195,7.0,100.0,Drama,33456317.0,2008,9,3,17.3257512056269,13.122365377402328
25000000.0,87.0,9.369432,5.6,154.0,Animation,30000000.0,2008,9,3,17.216707972959764,17.034386422832473
20500000.0,102.0,8.333526,5.6,298.0,Action,10089373.0,2008,12,4,16.12699334877976,16.835935492889124
80000000.0,104.0,9.265322,5.2,1057.0,Drama,233093859.0,2008,12,4,19.266951763032726,18.197537205138154
20000000.0,104.0,9.278263,7.0,445.0,Drama,50907234.0,2008,11,4,17.745515612873444,16.811242881518265
33000000.0,116.0,14.794228,7.8,3181.0,Drama,269958228.0,2008,12,4,19.413777797586818,17.312018149733785
32000000.0,124.0,7.931732,7.2,835.0,Drama,113019290.0,2008,12,4,18.54306907892032,17.281246492014
55000000.0,123.0,21.708267,7.5,2092.0,Drama,168167691.0,2008,12,4,18.940472206197107,17.822843761378564
6000000.0,109.0,7.903956,7.3,1031.0,Drama,44703995.0,2008,9,3,17.61557345156137,15.607270193858982
150000000.0,166.0,17.934821,7.3,3398.0,Fantasy,333932083.0,2008,11,4,19.62644818894696,18.826145858727198
70000000.0,104.0,9.756289,6.4,1869.0,Comedy,225990978.0,2008,12,4,19.236005640510694,18.064005814299346
75000000.0,121.0,8.635464,6.7,1195.0,Drama,200276000.0,2008,12,4,19.115206978180538,18.132998684833918
80000000.0,99.0,10.739419,5.9,924.0,Fantasy,212874442.0,2008,12,4,19.17621308038469,18.197537205138154
3000000.0,92.0,7.589546,6.0,128.0,Comedy,3830137.0,2008,9,3,15.158411391839309,14.914123179965662
35000000.0,119.0,12.265867,6.8,824.0,Drama,75225693.0,2008,12,4,18.13600340609419,17.370858648025116
6000000.0,85.0,2.023166,4.7,25.0,Comedy,69497.0,2008,9,3,11.149053254160401,15.607270193858982
4000000.0,110.0,2.420823,6.4,29.0,Comedy,333912.0,2007,4,2,12.718635758986363,15.201805169084134
20000000.0,98.0,10.420849,6.4,421.0,Comedy,21972336.0,2008,1,1,16.905294811029556,16.811242881518265
32000000.0,137.0,13.990891,6.7,580.0,Action,51155219.0,2008,12,4,17.7503750979408,17.281246492014
60000000.0,115.0,9.729748,6.9,1392.0,Comedy,244082376.0,2008,12,4,19.31301633693556,17.909855136853043
41677699.0,100.0,8.470945,7.5,953.0,Animation,187479518.0,2008,7,3,19.04918016540849,17.545476771545133
11715578.0,108.0,6.004257,7.5,1309.0,Drama,21888598.0,2008,12,4,16.901476465623524,16.276430052518336
25000000.0,93.0,6.274736,5.7,214.0,Drama,2000000.0,2008,9,3,14.508658238524095,17.034386422832473
60000000.0,93.0,12.364579,5.8,260.0,Adventure,50877145.0,2008,12,4,17.744924382655586,17.909855136853043
30000000.0,89.0,8.33501,5.9,884.0,Comedy,114663461.0,2009,1,1,18.5575119786046,17.216707972959764
15000000.0,101.0,5.245883,5.3,303.0,Mystery,100734718.0,2009,1,1,18.428001074831062,16.52356082573315
8000000.0,99.0,4.518646,6.3,75.0,Action,908847.0,2007,9,3,13.71993314245567,15.894952224644102
2600000.0,92.0,8.623982,7.0,313.0,Science Fiction,553198.0,2007,9,3,13.223473071106609,14.77102238760702
35000000.0,92.0,11.654958,6.2,1447.0,Fantasy,91353501.0,2009,1,1,18.330247176123542,17.370858648025116
60000000.0,106.0,13.570926,6.0,610.0,Adventure,57490374.0,2008,12,4,17.867128100451744,17.909855136853043
9750000.0,99.0,11.387338,6.0,116.0,Drama,558000.0,2008,10,4,13.232116033476537,16.092777945538128
26000000.0,91.0,13.003122,5.2,807.0,Action,183293131.0,2009,1,1,19.02659724347731,17.073607134447293
16000000.0,87.0,7.108555,4.8,373.0,Horror,76514050.0,2009,1,1,18.152984955133523,16.588099342704055
50000000.0,115.0,14.611182,6.1,354.0,Fantasy,7033683.0,2008,4,2,15.76622116635523,17.72753358339242
4000000.0,96.0,4.382184,5.4,14.0,Comedy,907456.0,2007,5,2,13.718401461078427,15.201805169084134
5000000.0,90.0,10.510468,5.3,150.0,Mystery,38610009.0,2009,5,2,17.469022127240645,15.424948670398354
60000000.0,100.0,16.639915,7.3,1432.0,Animation,124596398.0,2009,2,1,18.64059026341846,17.909855136853043
38000000.0,111.0,11.596222,5.9,671.0,Action,45465299.0,2009,2,1,17.63245995560273,17.453096744006448
50000000.0,118.0,6.583609,6.0,373.0,Drama,60161391.0,2009,2,1,17.912541375636046,17.72753358339242
12000000.0,110.0,8.032616,6.6,157.0,Drama,3148182.0,2008,11,4,14.962336018977219,16.300417291085605
40000000.0,129.0,8.376094,6.2,988.0,Comedy,177259441.0,2009,2,1,18.99312499135126,17.50439003707821
35000000.0,100.0,6.317992,5.7,205.0,Comedy,73034460.0,2009,1,1,18.10644195621654,17.370858648025116
1500000.0,86.0,8.708789,5.9,107.0,Comedy,173066.0,2007,10,4,12.061434081742114,14.220976332738882
75000000.0,146.0,9.900376,5.6,398.0,Comedy,61458982.0,2009,7,3,17.933880567181834,18.132998684833918
50000000.0,97.0,6.660188,3.9,113.0,Action,12764201.0,2009,2,1,16.362155092014994,17.72753358339242
17000000.0,98.0,6.590093,6.7,189.0,Drama,14899417.0,2009,6,2,16.516832709750126,16.648723960844016
7275000.0,110.0,7.728333,7.5,166.0,Drama,11260366.0,2008,5,2,16.236799773395113,15.799954508478866
19000000.0,130.0,4.249948,6.5,79.0,Drama,23550000.0,2008,1,1,16.974636420889546,16.759949589762293
19000000.0,97.0,14.20229,5.7,566.0,Horror,91379051.0,2009,2,1,18.33052681978426,16.759949589762293
18000000.0,77.0,3.602031,5.3,46.0,Comedy,11657385.0,1991,8,3,16.271450528504637,16.705882371415992
200000.0,42.0,8.927994,7.8,236.0,Adventure,3.0,2008,7,3,1.3862943611198906,12.206077645517674
41000000.0,105.0,12.929653,6.5,531.0,Comedy,91636986.0,2009,3,1,18.333345536353445,17.529082649058825
78146652.0,125.0,9.097953,5.7,203.0,Romance,60000000.0,2009,3,1,17.909855136853043,18.174097786019544
50000000.0,121.0,9.806904,5.9,1528.0,Action,155446362.0,2009,3,1,18.86181129760479,17.72753358339242
8500000.0,98.0,8.553506,5.9,156.0,Adventure,8936663.0,2008,12,4,16.005672923147866,15.955576839107596
13000000.0,152.0,9.858687,7.4,1020.0,Drama,104345682.0,2009,2,1,18.463219820243587,16.380459992348886
5000000.0,102.0,9.098119,6.5,256.0,Comedy,16174377.0,2008,1,1,16.598938943206903,15.424948670398354
175000000.0,94.0,14.243634,6.0,1464.0,Animation,381509870.0,2009,3,1,19.75964728253492,18.980296537602072
11500000.0,108.0,8.719145,6.9,134.0,Drama,186702.0,2008,12,4,12.137274397959901,16.257857680289998
280.0,90.0,0.110801,5.3,3.0,Romance,831.0,1935,4,2,6.723832440821209,5.638354669333745
9500000.0,107.0,6.77887,6.4,748.0,Comedy,17164377.0,2009,4,2,16.658346747689553,16.066802461833923
40000000.0,104.0,8.198789,6.1,787.0,Comedy,108332743.0,2009,2,1,18.500718011611106,17.50439003707821
85000000.0,107.0,1.498902,6.5,2426.0,Action,363164265.0,2009,4,2,19.71036581328726,18.258161826219297
50000000.0,116.0,8.395618,7.2,678.0,Drama,36348784.0,2009,4,2,17.408671336350785,17.72753358339242
20000000.0,102.0,11.362762,6.1,1388.0,Comedy,136267476.0,2009,3,1,18.730130254841168,16.811242881518265
70000000.0,153.0,16.89564,7.9,6598.0,Drama,319131050.0,2009,8,3,19.58111239456825,18.064005814299346
60000000.0,127.0,8.905732,6.7,489.0,Action,87784194.0,2009,4,2,18.29039203101183,17.909855136853043
20000000.0,96.0,10.044642,5.9,878.0,Action,34560577.0,2009,4,2,17.358224226297313,16.811242881518265
5000000.0,97.0,13.336773,7.6,1831.0,Science Fiction,9760104.0,2009,6,2,16.09381371652813,15.424948670398354
35000000.0,105.0,8.437587,7.1,330.0,Drama,27409889.0,2009,3,1,17.126414455137024,17.370858648025116
18000000.0,98.0,6.675032,4.4,60.0,Drama,382174.0,2008,11,4,12.853633897869235,16.705882371415992
150000000.0,107.0,1.456541,6.2,4086.0,Adventure,373062864.0,2009,4,2,19.737257502281004,18.826145858727198
1700000.0,77.0,6.115299,5.2,83.0,Comedy,1007962.0,2009,1,1,13.82344202059055,14.346139397261565
150000000.0,127.0,15.362632,7.4,4574.0,Science Fiction,385680446.0,2009,5,2,19.77051972705288,18.826145858727198
80000000.0,136.0,7.309903,7.1,110.0,War,121059225.0,2009,1,1,18.611790454883504,18.197537205138154
4000000.0,103.0,7.959965,3.6,124.0,Thriller,4100000.0,2009,4,2,15.226497775576945,15.201805169084134
15000000.0,90.0,15.30326,7.5,136.0,Documentary,109000000.0,2007,4,2,18.50685844936773,16.52356082573315
25000000.0,113.0,6.036408,6.2,95.0,Crime,1037335.0,2009,2,1,13.852166446303093,17.034386422832473
150000000.0,138.0,22.211558,6.5,2183.0,Thriller,356613439.0,2009,5,2,19.692162951970808,18.826145858727198
200000000.0,115.0,16.507496,5.9,2496.0,Action,371353001.0,2009,5,2,19.732663656064677,19.11382792951231
150000000.0,105.0,15.417181,5.9,2026.0,Adventure,413106170.0,2009,5,2,19.839215190527025,18.826145858727198
20000000.0,114.0,7.973126,6.8,206.0,Adventure,5530764.0,2008,9,3,15.525836700278125,16.811242881518265
60000000.0,109.0,11.328316,6.6,237.0,Drama,31720158.0,2009,4,2,17.2724629673287,17.909855136853043
15000000.0,110.0,13.634766,6.2,449.0,Crime,32721635.0,2009,3,1,17.30354706844886,16.52356082573315
30000000.0,99.0,15.809588,6.2,995.0,Horror,90810892.0,2009,3,1,18.324289803336413,17.216707972959764
175000000.0,96.0,19.330884,7.8,7048.0,Animation,735099082.0,2009,5,2,20.41551585489421,18.980296537602072
20000000.0,90.0,6.312206,6.0,194.0,Comedy,18599102.0,2009,2,1,16.738623911714075,16.811242881518265
35000000.0,100.0,23.947351,7.2,6324.0,Comedy,459270619.0,2009,6,2,19.94515018034389,17.370858648025116
11000000.0,108.0,7.769607,6.4,687.0,Drama,791867.0,2009,5,2,13.582149990239463,16.213405921671733
5750000.0,137.0,1.355305,6.5,27.0,Comedy,10000000.0,2009,2,1,16.118095750958314,15.564710586686562
1000000.0,81.0,2.003309,6.6,32.0,Drama,7202.0,2006,1,1,8.882252884889363,13.815511557963774
8000000.0,97.0,12.357072,5.2,99.0,Comedy,29010817.0,2009,1,1,17.18317935287344,15.894952224644102
800000.0,91.0,7.974726,6.1,313.0,Horror,1984662.0,2009,1,1,14.500959684390562,13.592368256649284
100000000.0,102.0,7.642063,5.4,387.0,Adventure,68688831.0,2009,6,2,18.04509718211479,18.420680753952364
100000000.0,106.0,15.09911,6.2,971.0,Thriller,150166126.0,2009,6,2,18.827252752553417,18.420680753952364
40000000.0,108.0,8.058337,6.7,1858.0,Comedy,317375031.0,2009,6,2,19.575594698816207,17.50439003707821
1000000.0,107.0,8.005804,6.7,23.0,Action,2000000.0,1973,7,3,14.508658238524095,13.815511557963774
60000000.0,97.0,10.087637,4.6,538.0,Comedy,62357900.0,2009,6,2,17.94840094219031,17.909855136853043
15000000.0,131.0,9.403724,7.2,1881.0,Drama,42000000.0,2008,10,4,17.553180200057167,16.52356082573315
150000000.0,150.0,4.351756,6.0,3192.0,Science Fiction,836297228.0,2009,6,2,20.544494644941985,18.826145858727198
15000000.0,92.0,8.930341,6.8,365.0,Comedy,35097815.0,2009,6,2,17.37364946427799,16.52356082573315
80000000.0,140.0,10.364794,6.5,1371.0,History,214104620.0,2009,7,3,19.18197533669925,18.197537205138154
90000000.0,94.0,12.980624,6.5,2330.0,Animation,886686817.0,2009,6,2,20.603002397881323,18.31532023940565
3000000.0,80.0,1.017103,4.0,12.0,Horror,1449945.0,2007,5,2,14.187036872323969,14.914123179965662
30000000.0,109.0,6.793972,7.1,614.0,Drama,95714875.0,2009,6,2,18.376884288439136,17.216707972959764
5000000.0,84.0,2.06528,4.2,18.0,Action,25900.0,2006,6,2,10.16203685698089,15.424948670398354
500000.0,157.0,0.660663,6.4,7.0,Drama,500000.0,2000,5,2,13.122365377402328,13.122365377402328
7500000.0,95.0,16.376657,7.2,2993.0,Comedy,60722734.0,2009,7,3,17.92182873285675,15.830413711839864
36500000.0,115.0,2.047794,5.4,24.0,Action,21834845.0,2008,12,4,16.8990176919802,17.41282284594998
250000000.0,153.0,19.083723,7.4,5435.0,Adventure,933959197.0,2009,7,3,20.65494331001405,19.33697147982652
66000.0,73.0,1.114697,3.8,6.0,Action,250000.0,1955,2,1,12.429220196836383,11.097425172408931
30000000.0,123.0,6.859934,6.3,885.0,Adventure,64352607.0,2009,10,4,17.979888019545687,17.216707972959764
23000000.0,86.0,4.164362,5.9,57.0,Drama,9366227.0,2009,2,1,16.052621011798966,16.951004817371683
20000000.0,123.0,8.730934,6.7,1296.0,Horror,41596251.0,2009,7,3,17.543520625018743,16.811242881518265
38000000.0,96.0,8.450799,6.4,1005.0,Comedy,205298907.0,2009,7,3,19.139977562929715,17.453096744006448
3400000.0,88.0,6.727804,6.3,365.0,Horror,114000000.0,2009,7,3,18.5517090151307,15.039286283703994
14000000.0,98.0,11.017008,6.2,355.0,Thriller,22852638.0,2009,6,2,16.94457716097712,16.454567959008102
45000000.0,86.0,11.618472,5.3,254.0,Adventure,57881056.0,2009,7,3,17.873900721482027,17.622173069956816
30000000.0,112.0,11.589835,7.3,3451.0,Science Fiction,210819611.0,2009,8,3,19.166513406357026,17.216707972959764
40000000.0,123.0,8.142089,6.6,579.0,Romance,129540499.0,2009,8,3,18.679504131523238,17.50439003707821
20000000.0,108.0,7.175154,5.1,138.0,Drama,73830340.0,2009,4,2,18.11728032974336,16.811242881518265
50000000.0,98.0,8.176147,5.4,520.0,Adventure,106303988.0,2009,3,1,18.481813368478278,17.72753358339242
35000000.0,102.0,6.332878,6.0,465.0,Comedy,155545279.0,2009,4,2,18.862447436906677,17.370858648025116
175000000.0,118.0,11.787058,5.6,1988.0,Adventure,302469017.0,2009,8,3,19.52748941035519,18.980296537602072
20000000.0,108.0,13.591485,5.7,223.0,Action,17280326.0,2009,3,1,16.665079244772244,16.811242881518265
250000.0,88.0,1.225871,4.7,26.0,Comedy,154323.0,1987,4,2,11.946809567409579,12.429220196836383
39000000.0,107.0,13.682598,6.7,815.0,Drama,101229792.0,2009,8,3,18.432903668724478,17.479072229734946
20000000.0,111.0,5.757056,5.4,129.0,Comedy,5210988.0,2009,8,3,15.466280222969914,16.811242881518265
18000000.0,102.0,9.434281,5.2,204.0,Comedy,15345201.0,2009,7,3,16.546313409846366,16.705882371415992
1000000.0,88.0,7.648005,5.7,37.0,Comedy,1296971.0,2009,7,3,14.075542874784903,13.815511557963774
150000000.0,88.0,9.163791,5.1,519.0,Fantasy,292817841.0,2009,7,3,19.49506127398727,18.826145858727198
40000000.0,120.0,5.996407,4.3,13.0,Action,8251071.0,1992,8,3,15.92585368926341,17.50439003707821
15000000.0,127.0,2.90333,6.7,49.0,Drama,113221.0,2009,6,2,11.63710577215818,16.52356082573315
230000.0,92.0,9.521043,6.9,756.0,Drama,2260712.0,2008,10,4,14.63119080821866,12.345838935721968
12000000.0,103.0,12.01334,6.2,112.0,Adventure,7070330.0,2008,9,3,15.771417854315745,16.300417291085605
15000000.0,89.0,9.747452,5.0,102.0,Comedy,6405245.0,2009,8,3,15.672627900069568,16.52356082573315
17000000.0,95.0,7.19669,5.6,104.0,Comedy,20455276.0,2009,2,1,16.833751451175235,16.648723960844016
15000000.0,105.0,7.490807,5.1,273.0,Horror,39421467.0,2009,8,3,17.489821098975163,16.52356082573315
855000.0,96.0,1.121417,6.9,22.0,Thriller,1200000.0,1943,5,2,13.997832948091215,13.658857917508856
700000.0,85.0,0.712844,6.4,9.0,Documentary,1179676.0,2009,9,3,13.980751230157718,13.45883704259595
2000000.0,129.0,11.251632,7.8,638.0,Crime,33965843.0,2009,8,3,17.340865989408183,14.508658238524095
30000000.0,79.0,18.502877,6.6,1291.0,Action,48428063.0,2009,8,3,17.69559003835841,17.216707972959764
33000000.0,108.0,10.391425,6.5,783.0,Action,20645327.0,2009,9,3,16.842999604800244,17.312018149733785
24000000.0,93.0,6.253084,5.9,755.0,Comedy,68729358.0,2009,10,4,18.045687016704814,16.993564429978885
16000000.0,100.0,13.483131,5.3,858.0,Comedy,31556061.0,2009,9,3,17.267276267956248,16.588099342704055
22000000.0,108.0,11.698089,6.0,305.0,Drama,35424826.0,2009,9,3,17.382923459972282,16.906553056777135
8000000.0,92.0,11.23915,5.7,192.0,Comedy,10848783.0,2009,9,3,16.199563557937292,15.894952224644102
40000000.0,82.0,8.805723,5.4,851.0,Horror,186167139.0,2009,8,3,19.042155430326808,17.50439003707821
50000000.0,95.0,9.730681,5.6,778.0,Action,40828540.0,2009,9,3,17.52489192912803,17.72753358339242
100000000.0,90.0,11.665693,6.5,1799.0,Animation,242988466.0,2009,9,3,19.30852453927317,18.420680753952364
88000.0,65.0,3.559789,4.8,30.0,Horror,480000.0,1958,5,2,13.081543466215237,11.385103457032141
4000000.0,85.0,6.737142,6.0,98.0,Action,6101046.0,2007,9,3,15.623970953759455,15.201805169084134
18000000.0,109.0,10.279603,5.6,188.0,Drama,36133014.0,2009,9,3,17.4027175482998,16.705882371415992
8500000.0,119.0,14.337355,6.8,111.0,Drama,4440055.0,2009,11,4,15.306177546941482,15.955576839107596
15000.0,86.0,12.706424,5.9,1351.0,Horror,193355800.0,2007,9,3,19.080042578153495,9.61587214452889
10000000.0,99.0,5.431657,6.5,181.0,Comedy,295750.0,2009,8,3,12.597273163069067,16.118095750958314
20000000.0,120.0,6.032166,7.0,168.0,Documentary,17436509.0,2009,9,3,16.674076841740593,16.811242881518265
75.0,129.0,4.450762,5.2,32.0,Action,134.0,2009,9,3,4.90527477843843,4.330733340286331
7000000.0,105.0,7.971424,6.6,492.0,Comedy,31430334.0,2009,10,4,17.263284067323376,15.76142084987672
6000000.0,104.0,7.016044,6.9,114.0,Drama,6670712.0,2009,3,1,15.713237308730502,15.607270193858982
15000000.0,111.0,14.511442,6.7,366.0,Drama,16633035.0,2009,9,3,16.62690139614236,16.52356082573315
18500000.0,100.0,7.087161,6.0,523.0,Comedy,31912793.0,2009,9,3,17.278517553180393,16.733281344102608
80000000.0,89.0,16.211937,5.9,1219.0,Action,122444772.0,2009,9,3,18.6231706536404,18.197537205138154
23600000.0,88.0,11.063029,7.2,3655.0,Comedy,102391382.0,2009,10,4,18.444313116638213,16.97675731236872
11500000.0,93.0,6.67905,6.1,96.0,Comedy,69564.0,2008,1,1,11.150016846275976,16.257857680289998
12500000.0,101.0,5.010852,5.3,179.0,Horror,27206120.0,2009,9,3,17.118952542713956,16.341239282272525
40000000.0,101.0,7.759722,5.3,225.0,Action,12206028.0,2009,9,3,16.317440567964468,17.50439003707821
7500000.0,100.0,8.593196,6.9,423.0,Drama,26096852.0,2009,10,4,17.07732529031056,15.830413711839864
970000.0,101.0,3.669545,6.0,16.0,Crime,2000000.0,1975,4,2,14.508658238524095,13.785052381406869
70000000.0,113.0,15.152577,5.3,601.0,Comedy,171844840.0,2009,9,3,18.9621025404429,18.064005814299346
15000000.0,99.0,9.288013,4.7,302.0,Comedy,40105542.0,2009,9,3,17.507025112150426,16.52356082573315
2300000.0,145.0,3.959411,7.2,55.0,Drama,4600000.0,2007,10,4,15.341567078850604,14.648420115681892
100000000.0,101.0,12.36223,6.4,580.0,Family,100086793.0,2009,10,4,18.421548307510246,18.420680753952364
40000000.0,89.0,4.021983,5.1,46.0,Comedy,28972508.0,2009,8,3,17.181857972830034,17.50439003707821
14700000.0,103.0,13.825651,5.7,174.0,Comedy,8049666.0,2008,9,3,15.901141282079504,16.503358119776173
53000000.0,109.0,16.639047,7.2,1522.0,Drama,126690726.0,2009,10,4,18.65725945397838,17.78580249038432
40000000.0,111.0,5.308718,5.4,71.0,Adventure,19258519.0,2009,10,4,16.773464118183327,17.50439003707821
590235.0,92.0,8.888393,7.8,596.0,Animation,1725381.0,2009,2,1,14.360959033206688,13.288277735903229
25000000.0,109.0,8.338562,6.7,1246.0,Drama,163670000.0,2009,9,3,18.91336276959192,17.034386422832473
11000000.0,90.0,17.360894,6.0,755.0,Horror,68233629.0,2009,10,4,18.03844810978004,16.213405921671733
40000000.0,109.0,10.829432,5.5,354.0,Adventure,28169671.0,2009,10,4,17.153756496192294,17.50439003707821
8000000.0,118.0,8.051448,5.8,264.0,Action,10629321.0,2009,11,4,16.179126966534223,15.894952224644102
2900000.0,90.0,10.92143,7.3,204.0,Action,296557.0,2009,10,4,12.59999809380403,14.88022163978423
250000.0,91.0,5.130276,6.1,45.0,Comedy,232732.0,2009,1,1,12.35764715272957,12.429220196836383
8.0,133.0,4.222195,7.7,49.0,War,33579813.0,2005,8,3,17.329435670587014,2.1972245773362196
65000000.0,94.0,13.293466,6.1,420.0,Animation,44091067.0,2009,10,4,17.6017677802206,17.989897843244528
40000000.0,87.0,8.695893,7.5,1206.0,Adventure,46471023.0,2009,10,4,17.65433953654035,17.50439003707821
6000000.0,86.0,1.557791,4.3,26.0,Action,5093707.0,1995,4,2,15.443516610538543,15.607270193858982
28000000.0,74.0,2.304986,5.2,32.0,Animation,3983912.0,1995,4,2,15.19777506009879,17.147715103853763
200000000.0,96.0,12.869273,6.6,1137.0,Animation,325233863.0,2009,11,4,19.60005506305781,19.11382792951231
9000000.0,128.0,5.074153,6.8,37.0,Action,16000000.0,2009,3,1,16.588099342704055,16.012735246411598
200000000.0,158.0,16.698628,5.6,4994.0,Action,769653595.0,2009,10,4,20.461451096263065,19.11382792951231
30000000.0,115.0,10.424946,5.4,610.0,Thriller,33333531.0,2009,9,3,17.322074415266496,17.216707972959764
450.0,91.0,0.29962,6.3,3.0,Drama,288.0,1997,8,3,5.666426688112432,6.111467339502679
10000000.0,98.0,13.751992,5.8,451.0,Mystery,42333295.0,2009,11,4,17.561084473864604,16.118095750958314
10000000.0,110.0,8.293548,6.9,426.0,Drama,47536959.0,2009,11,4,17.67701807170107,16.118095750958314
25000000.0,122.0,8.405395,6.0,331.0,Drama,10589102.0,2009,9,3,16.17533601144055,17.034386422832473
50000000.0,130.0,30.121292,5.6,2518.0,Adventure,709827462.0,2009,3,1,20.3805324886088,17.72753358339242
6500000.0,113.0,5.499937,7.0,120.0,Drama,1521261.0,2009,11,4,14.235050811502557,15.687312888712007
40000000.0,99.0,9.163897,6.2,384.0,Action,60462347.0,2009,9,3,17.917531382155286,17.50439003707821
1089360.0,115.0,0.663231,6.1,14.0,Drama,48298.0,2009,5,2,10.785166135492588,13.90110184376822
5700000.0,110.0,8.075698,7.3,288.0,Action,19300483.0,2009,11,4,16.77564073128088,15.555976908243359
26000000.0,104.0,9.108917,6.8,650.0,Drama,43318349.0,2009,1,1,17.584086890729015,17.073607134447293
2500000.0,90.0,3.750365,6.0,41.0,Drama,107559.0,2008,12,4,11.585804110382801,14.731801689838349
29000000.0,129.0,12.753109,7.2,1626.0,Drama,309208309.0,2009,11,4,19.549525750124932,17.182806422433504
35000000.0,88.0,9.52295,5.2,215.0,Comedy,92219310.0,2009,11,4,18.339680113450555,17.370858648025116
70000000.0,91.0,10.44244,5.6,573.0,Science Fiction,104945765.0,2009,11,4,18.46895426039663,18.064005814299346
25000000.0,114.0,3.600917,6.6,50.0,Comedy,2336172.0,2009,11,4,14.664024678407259,17.034386422832473
3600000.0,110.0,0.652747,6.2,10.0,History,766075.0,2008,11,4,13.549036660511259,15.096444681204078
65000000.0,136.0,12.738789,6.6,1101.0,Fantasy,93525586.0,2009,12,4,18.353745614575473,17.989897843244528
60000000.0,134.0,9.109838,7.0,1150.0,Drama,122233971.0,2009,12,4,18.62144756933934,17.909855136853043
105000000.0,97.0,16.616517,6.7,1293.0,Romance,267045765.0,2009,12,4,19.40293060991551,18.46947091764561
20000000.0,88.0,9.951662,5.5,211.0,Action,22942221.0,2009,12,4,16.948489526352244,16.811242881518265
12000000.0,100.0,3.580884,5.5,59.0,Mystery,4884663.0,1986,1,1,15.401611059107761,16.300417291085605
58000000.0,103.0,7.323405,5.1,281.0,Comedy,85280250.0,2009,12,4,18.261453461623255,17.87595358575207
15000.0,84.0,0.993784,6.0,6.0,Drama,5300.0,2009,10,4,8.575650760987806,9.61587214452889
237000000.0,162.0,185.070892,7.2,12114.0,Action,2787965087.0,2009,12,4,21.74857780752812,19.283570703318816
80000000.0,112.0,5.658857,5.1,169.0,Drama,53825515.0,2009,12,4,17.801258187792065,18.197537205138154
85000000.0,121.0,9.083133,6.2,370.0,Comedy,219103655.0,2009,12,4,19.205055490871025,18.258161826219297
90000000.0,128.0,15.68604,7.0,5883.0,Action,524028679.0,2009,12,4,20.077056973611956,18.31532023940565
7000000.0,112.0,9.347931,6.8,279.0,Drama,39462438.0,2009,12,4,17.490859866075887,15.76142084987672
75000000.0,88.0,9.909961,5.3,688.0,Comedy,443140005.0,2009,12,4,19.909396318711142,18.132998684833918
4700000.0,166.0,2.925476,6.7,24.0,Drama,31000000.0,2007,1,1,17.249497794707484,15.363073279446223
25000000.0,105.0,5.1991,5.5,79.0,Crime,4388563.0,2009,2,1,15.294512624478667,17.034386422832473
4000000.0,105.0,1.801071,6.4,23.0,Drama,14400000.0,1956,5,2,16.48273883399067,15.201805169084134
1500000.0,93.0,6.407207,6.6,187.0,Horror,32000.0,2009,3,1,10.373522431293592,14.220976332738882
1400000.0,90.0,0.271386,5.3,3.0,Comedy,435000.0,2007,9,3,12.983103608918753,14.151983508870947
20000000.0,98.0,10.038613,6.0,646.0,Fantasy,51416464.0,2009,1,1,17.755469009869756,16.811242881518265
16000000.0,93.0,8.621359,7.7,1769.0,Drama,47801389.0,2009,6,2,17.682565276536792,16.588099342704055
19000000.0,100.0,7.432311,6.5,474.0,Romance,29922472.0,2010,1,1,17.214120361398233,16.759949589762293
80000000.0,118.0,14.39853,6.6,2207.0,Action,157107755.0,2010,1,1,18.872442471835335,18.197537205138154
4000000.0,147.0,8.405013,7.0,451.0,Action,43498108.0,2009,11,4,17.58822802384964,15.201805169084134
20000000.0,90.0,7.455953,5.5,124.0,Crime,1017401.0,2009,2,1,13.832762877164035,16.811242881518265
5000000.0,99.0,4.79386,7.0,117.0,Drama,17872796.0,2009,9,3,16.698790394193843,15.424948670398354
425000.0,91.0,1.918891,6.0,34.0,Horror,10604986.0,1983,1,1,16.1768349201433,12.959846800844963
15000000.0,90.0,4.674662,5.1,58.0,Drama,1143856.0,2008,12,4,13.949916443108728,16.52356082573315
97250400.0,116.0,9.671944,5.0,486.0,Fantasy,132900000.0,2008,1,1,18.70510753120793,18.392799663847644
9000000.0,170.0,7.675621,7.8,850.0,Drama,70000000.0,2009,12,4,18.064005814299346,16.012735246411598
26000000.0,100.0,13.795875,5.2,643.0,Horror,67918658.0,2010,1,1,18.0338213559562,17.073607134447293
1500000.0,97.0,2.713961,4.6,17.0,Drama,56000.0,2009,4,2,10.933124826700707,14.220976332738882
250000.0,71.0,0.634211,6.0,10.0,Comedy,245000.0,2005,1,1,12.409017571151187,12.429220196836383
31000000.0,105.0,6.523155,6.0,93.0,Drama,15134293.0,2010,1,1,16.532473852504896,17.249497794707484
18000000.0,120.0,4.918419,6.4,80.0,Action,40239.0,2008,3,1,10.602616804773621,16.705882371415992
80000000.0,117.0,9.554067,6.2,496.0,Crime,74901339.0,2010,1,1,18.13168233884811,18.197537205138154
13000000.0,98.0,5.773752,6.4,514.0,Comedy,10652035.0,2009,1,1,16.181261605557264,16.380459992348886
3000000.0,123.0,6.070216,6.9,256.0,Drama,2357852.0,2009,5,2,14.673262017169254,14.914123179965662
10000.0,103.0,0.732884,7.2,16.0,War,150000.0,1998,5,2,11.918397239722838,9.210440366976517
52000000.0,125.0,7.466721,5.7,1043.0,Comedy,216485654.0,2010,2,1,19.193034844551107,17.76675429577647
80000000.0,138.0,15.813629,7.8,6559.0,Drama,294804195.0,2010,2,1,19.501821951556725,18.197537205138154
12000000.0,111.0,4.757269,6.5,84.0,Drama,1644755.0,2009,9,3,14.313102602912407,16.300417291085605
95000000.0,118.0,9.785895,6.0,2079.0,Adventure,226497209.0,2010,2,1,19.238243184930703,18.36938746009113
30000000.0,107.0,14.313079,5.3,518.0,Action,55583804.0,2010,2,1,17.833402439813014,17.216707972959764
45000000.0,128.0,6.76482,6.7,681.0,Thriller,60222298.0,2010,2,1,17.913553256974637,17.622173069956816
28000000.0,94.0,6.663422,5.5,351.0,Action,45236543.0,2010,1,1,17.62741581372119,17.147715103853763
7000000.0,106.0,3.208138,5.7,20.0,Comedy,1429299.0,2009,9,3,14.172695371897207,15.76142084987672
70000000.0,127.0,8.029671,6.9,404.0,Adventure,39041505.0,2009,5,2,17.48013589458481,18.064005814299346
14000000.0,135.0,1.369086,5.3,22.0,Action,25000000.0,2008,1,1,17.034386422832473,16.454567959008102
15000000.0,101.0,9.133996,6.0,323.0,Action,8786375.0,2009,2,1,15.988712897958415,16.52356082573315
20000000.0,101.0,10.914556,6.2,649.0,Mystery,54956140.0,2010,2,1,17.8220459887116,16.811242881518265
25000000.0,115.0,8.371479,6.6,1302.0,Drama,114977104.0,2010,2,1,18.560243579550562,17.034386422832473
48000000.0,101.0,6.74468,5.2,500.0,Comedy,112462508.0,2010,1,1,18.538130470734185,17.6867115897055
5600000.0,85.0,8.853168,6.5,496.0,Thriller,18469680.0,2009,9,3,16.731641080775596,15.53827733427679
12000000.0,145.0,11.264586,7.7,237.0,Drama,42345360.0,2010,2,1,17.561369433511086,16.300417291085605
200000000.0,108.0,17.285093,6.4,4773.0,Family,1025491110.0,2010,3,1,20.748437467472296,19.11382792951231
100000000.0,115.0,11.174041,6.4,730.0,War,94882889.0,2010,3,1,18.36815395227763,18.420680753952364
19000000.0,188.0,2.824367,6.0,34.0,War,4750000.0,1964,3,1,15.373655386537118,16.759949589762293
52000000.0,92.0,6.885593,6.2,684.0,Action,52826594.0,2010,2,1,17.78252531504748,17.76675429577647
17000000.0,133.0,12.50422,6.2,296.0,Crime,29536299.0,2009,1,1,17.201130573329557,16.648723960844016
20000000.0,104.0,8.101247,5.9,544.0,Comedy,49779728.0,2010,3,1,17.723118410935506,16.811242881518265
7300000.0,103.0,7.478206,6.7,351.0,Thriller,10329747.0,2009,11,4,16.15053844583214,15.803385043104912
16000000.0,113.0,8.307719,6.9,980.0,Drama,56032889.0,2010,3,1,17.841449397722265,16.588099342704055
14000000.0,103.0,8.204894,5.7,40.0,Comedy,21409028.0,2010,3,1,16.87932330689845,16.454567959008102
40000000.0,110.0,6.715263,5.6,878.0,Action,136000000.0,2010,3,1,18.72816545105327,17.50439003707821
9000000.0,104.0,9.954095,5.9,143.0,Comedy,985117.0,2009,9,3,13.800516709933458,16.012735246411598
3000000.0,92.0,7.052376,5.2,30.0,Comedy,18097.0,2009,11,4,9.803556713911078,14.914123179965662
2600000.0,103.0,3.501564,4.7,46.0,Horror,1479042.0,2004,1,1,14.20690581496875,14.77102238760702
5000000.0,139.0,10.374608,6.0,11.0,History,15000000.0,1954,8,3,16.52356082573315,15.424948670398354
32000000.0,111.0,7.502967,6.2,627.0,Action,18409891.0,2010,3,1,16.728398686815083,17.281246492014
27000000.0,109.0,9.644085,6.1,580.0,Horror,29000000.0,2009,8,3,17.182806422433504,17.11134746100564
36000000.0,101.0,11.967652,5.9,911.0,Science Fiction,64572262.0,2010,3,1,17.983295511224068,17.399029524198163
15000000.0,96.0,10.445867,5.9,514.0,Drama,8459458.0,2009,3,1,15.950795781547102,16.52356082573315
373000.0,112.0,0.765315,7.9,11.0,Drama,658000.0,1926,12,4,13.396961730063138,12.829336379587506
5000000.0,128.0,5.030112,7.6,192.0,Crime,17112713.0,2009,5,2,16.6553322539791,15.424948670398354
165000000.0,98.0,14.416681,7.5,4319.0,Fantasy,494878759.0,2010,3,1,20.019823361239958,18.92145603792546
14000000.0,97.0,8.226,5.2,114.0,Adventure,875386.0,2009,10,4,13.68242135327454,16.454567959008102
33000000.0,100.0,5.278672,6.8,150.0,Action,14000000.0,2009,10,4,16.454567959008102,17.312018149733785
125000000.0,106.0,11.972347,5.6,2280.0,Adventure,232713139.0,2010,4,2,19.26531709423308,18.643824303266577
3500000.0,101.0,5.600277,6.5,197.0,Drama,44462.0,2009,9,3,10.702412661625024,15.068273812173887
28000000.0,117.0,17.26045,7.1,4747.0,Action,96188903.0,2010,3,1,18.381824565948072,17.147715103853763
55000000.0,97.0,8.443736,5.9,1148.0,Comedy,152263880.0,2010,4,2,18.841125632812123,17.822843761378564
4500000.0,104.0,9.063797,5.4,253.0,Drama,3606395.0,2010,4,2,15.09821949368767,15.319588176962746
10000000.0,106.0,19.42051,6.3,262.0,Drama,2995811.0,2010,3,1,14.912725871316583,16.118095750958314
5500000.0,95.0,1.822979,5.6,33.0,Horror,801000.0,1984,4,2,13.593617474489168,15.520258832020865
4.0,89.0,2.411191,6.2,29.0,Drama,25.0,1932,12,4,3.258096538021482,1.6094379124341003
21000000.0,92.0,10.863441,5.5,248.0,Comedy,49050886.0,2010,4,2,17.708368827400314,16.860033043306743
5641880.0,93.0,8.651468,5.9,323.0,Adventure,30638.0,2009,9,3,10.330028986246209,15.545728078510228
15000000.0,92.0,12.139919,5.9,369.0,Comedy,75700498.0,2010,3,1,18.142295310195728,16.52356082573315
12000000.0,132.0,7.216103,7.6,55.0,Drama,10652498.0,2009,4,2,16.18130507048152,16.300417291085605
25000000.0,97.0,12.798367,6.2,522.0,Action,23580000.0,2010,4,2,16.97590949548232,17.034386422832473
45000000.0,104.0,9.667535,5.6,399.0,Adventure,7810000.0,2009,9,3,15.870915649856833,17.622173069956816
200000000.0,124.0,19.083344,6.6,6969.0,Adventure,623933331.0,2010,4,2,20.25155408088234,19.11382792951231
50000000.0,87.0,12.285545,5.0,150.0,Family,83761844.0,2010,6,2,18.24348815150459,17.72753358339242
10000000.0,90.0,11.107782,5.1,184.0,Action,6110000.0,2010,5,2,15.625437494813886,16.118095750958314
7000000.0,108.0,9.107829,6.0,73.0,Crime,46488.0,2010,1,1,10.746971004451137,15.76142084987672
35000000.0,95.0,10.40191,5.5,771.0,Horror,115664037.0,2010,4,2,18.566200322759997,17.370858648025116
967686.0,101.0,11.934045,7.1,428.0,Comedy,4270000.0,2010,5,2,15.267124619396817,13.782663966863328
35000000.0,92.0,10.794556,4.6,150.0,Comedy,39340177.0,2010,4,2,17.48775689557179,17.370858648025116
800000.0,100.0,7.271526,6.4,169.0,Crime,867714.0,2009,9,3,13.673618598712949,13.592368256649284
200000000.0,140.0,10.56812,6.2,1434.0,Action,310669540.0,2010,5,2,19.554240336084877,19.11382792951231
100000.0,120.0,1.731527,6.9,25.0,Action,1000000.0,2010,2,1,13.815511557963774,11.51293546492023
3500000.0,112.0,11.107914,6.9,911.0,Drama,16566240.0,2010,12,4,16.622877507903656,15.068273812173887
75000000.0,100.0,6.540621,5.7,792.0,Action,98159963.0,2010,6,2,18.402108991618697,18.132998684833918
1987650.0,94.0,7.389437,6.6,853.0,Drama,19152480.0,2010,9,3,16.767942821335026,14.502464097467449
150000000.0,116.0,18.459955,6.2,2372.0,Adventure,335154643.0,2010,5,2,19.630102607154413,18.826145858727198
100000000.0,146.0,7.255991,5.5,434.0,Comedy,288347692.0,2010,5,2,19.479677577300087,18.420680753952364
40000000.0,109.0,7.33335,5.9,626.0,Comedy,90029656.0,2010,6,2,18.31564969623624,17.50439003707821
35000000.0,106.0,6.629999,5.7,468.0,Comedy,77477008.0,2010,4,2,18.16549179224735,17.370858648025116
9000000.0,100.0,1.139949,6.2,13.0,Comedy,706000.0,2007,11,4,13.467371932904971,16.012735246411598
47000000.0,80.0,9.482806,4.5,427.0,Action,10539000.0,2010,6,2,16.17059331480173,17.665658180950928
110000000.0,117.0,16.747793,6.2,1737.0,Thriller,177238796.0,2010,6,2,18.993008516865622,18.5159909328476
200000000.0,103.0,16.96647,7.6,4710.0,Animation,1066969703.0,2010,6,2,20.78808841523593,19.11382792951231
2000000.0,100.0,7.27941,6.8,575.0,Drama,13831503.0,2010,6,2,16.442459446824355,14.508658238524095
165000000.0,93.0,11.803808,6.0,2021.0,Comedy,752600867.0,2010,5,2,20.43904558945805,18.92145603792546
68000000.0,124.0,34.047399,5.9,2382.0,Adventure,698491347.0,2010,6,2,20.364433350041985,18.035018277846262
15000000.0,90.0,5.829644,5.8,85.0,Comedy,5024782.0,2009,9,3,15.429892826897353,16.52356082573315
13000000.0,161.0,8.378149,7.2,397.0,Fantasy,754249.0,2009,5,2,13.533479157021308,16.380459992348886
150000000.0,103.0,9.544657,4.7,1180.0,Action,318502923.0,2010,6,2,19.579142213468103,18.826145858727198
40000000.0,107.0,9.034929,6.0,1231.0,Action,126248813.0,2010,7,3,18.653765232016212,17.50439003707821
69000000.0,95.0,22.274502,7.1,6595.0,Animation,543513985.0,2010,7,3,20.113565997405118,18.049617077054286
160000000.0,148.0,29.108149,8.1,14075.0,Action,825532764.0,2010,7,3,20.531539511633092,18.8906843794481
80000000.0,102.0,23.981251,6.0,1746.0,Comedy,271430189.0,2010,6,2,19.41921553720361,18.197537205138154
150000000.0,109.0,12.533525,5.9,1526.0,Fantasy,215283742.0,2010,7,3,19.187467450891013,18.826145858727198
117000000.0,109.0,12.758942,5.9,1583.0,Action,261930431.0,2010,6,2,19.383589499749352,18.57768450130904
40000000.0,140.0,11.690781,6.2,1675.0,Action,357852395.0,2010,6,2,19.69563115766929,17.50439003707821
15000000.0,102.0,3.919317,6.4,53.0,Drama,317000.0,2008,12,4,12.666660207428574,16.52356082573315
3500000.0,106.0,5.899155,6.5,512.0,Comedy,34705850.0,2010,7,3,17.362418847417583,15.068273812173887
110000000.0,100.0,8.704455,6.2,2125.0,Action,293329073.0,2010,7,3,19.496805656208448,18.5159909328476
47000000.0,156.0,11.817059,7.9,1616.0,Science Fiction,3547209.0,2009,9,3,15.081671936965154,17.665658180950928
4500000.0,142.0,0.313032,4.1,5.0,Drama,3200000.0,1954,12,4,14.978661680269907,15.319588176962746
69000000.0,114.0,11.623718,5.5,542.0,Comedy,86387857.0,2010,7,3,18.27435769149127,18.049617077054286
35000000.0,109.0,8.983275,6.0,450.0,Comedy,93246388.0,2010,3,1,18.35075589187782,17.370858648025116
12902809.0,109.0,1.9602,7.2,684.0,Action,36000000.0,2010,4,2,17.399029524198163,16.372955675067875
44000000.0,99.0,6.273131,6.8,589.0,Drama,48190704.0,2010,5,2,17.690676718100704,17.599700214609808
100000000.0,107.0,12.536621,6.1,1406.0,Action,170432927.0,2010,8,3,18.953852393127775,18.420680753952364
322000.0,81.0,1.48335,5.7,6.0,Adventure,1040000.0,1942,7,3,13.854732232655556,12.682309930111785
80000000.0,103.0,14.75562,6.0,2977.0,Thriller,274470394.0,2010,8,3,19.43035396246004,18.197537205138154
60000000.0,112.0,13.793301,7.2,2185.0,Action,47664559.0,2010,7,3,17.679698702775212,17.909855136853043
5000000.0,113.0,9.649312,6.7,240.0,Drama,1000000.0,2010,6,2,13.815511557963774,15.424948670398354
12000000.0,97.0,13.00941,6.0,394.0,Adventure,6814789.0,2010,2,1,15.734605808257953,16.300417291085605
4500000.0,97.0,3.311392,6.3,30.0,Comedy,744816.0,2009,10,4,13.520893829603951,15.319588176962746
24000000.0,88.0,8.212132,5.3,599.0,Comedy,83188165.0,2010,8,3,18.236615660098074,16.993564429978885
25000000.0,105.0,6.710598,5.9,325.0,Fantasy,34100000.0,2010,4,2,17.344807971579257,17.034386422832473
10000000.0,96.0,6.632194,6.1,212.0,Comedy,7022728.0,2009,9,3,15.76466244689842,16.118095750958314
5000000.0,110.0,0.889745,3.5,2.0,Drama,125400.0,1987,10,4,11.73927188163082,15.424948670398354
30000000.0,92.0,12.17886,5.2,185.0,Crime,967000.0,2010,3,1,13.78195480856106,17.216707972959764
823258.0,105.0,4.584117,6.1,43.0,Comedy,823258.0,2004,12,4,13.621026132459448,13.621026132459448
1800000.0,87.0,6.397109,5.6,330.0,Horror,67738090.0,2010,8,3,18.03115922367543,14.403297778421795
20000000.0,104.0,7.275649,5.8,488.0,Crime,65464324.0,2010,8,3,17.997015895737707,16.811242881518265
19000000.0,101.0,5.695408,5.9,599.0,Comedy,49830607.0,2010,5,2,17.724139971668198,16.759949589762293
1000000.0,106.0,0.075176,0.0,0.0,Documentary,57.0,2008,5,2,4.060443010546419,13.815511557963774
20000000.0,105.0,7.120403,6.3,1171.0,Action,31327899.0,2010,9,3,17.26001963227459,16.811242881518265
30000000.0,107.0,9.111782,6.6,595.0,Drama,159291809.0,2010,8,3,18.886248361129233,17.216707972959764
32000000.0,102.0,6.876053,6.0,271.0,Comedy,42045846.0,2010,9,3,17.554271176128875,17.281246492014
20000000.0,82.0,8.129407,4.2,326.0,Horror,80547866.0,2010,8,3,18.204362186789716,16.811242881518265
60000000.0,97.0,0.452934,5.8,1382.0,Action,300228084.0,2010,9,3,19.520053027084842,17.909855136853043
40000000.0,120.0,16.972995,7.1,3492.0,Drama,224920315.0,2010,9,3,19.23125674633127,17.50439003707821
37000000.0,125.0,13.081203,7.0,1516.0,Crime,154026136.0,2010,9,3,18.85263286675618,17.426428497635523
8000000.0,92.0,15.138144,6.7,2282.0,Comedy,74952305.0,2010,9,3,18.1323625492177,15.894952224644102
60000000.0,133.0,15.904834,5.8,655.0,Drama,204594016.0,2010,8,3,19.13653816862999,17.909855136853043
30000.0,84.0,5.416588,6.8,68.0,Drama,617000.0,2010,8,3,13.332625923631754,10.308985993422082
14000000.0,89.0,10.279685,7.4,426.0,Romance,1755212.0,2010,8,3,14.378100775039028,16.454567959008102
70000000.0,133.0,9.819864,5.8,504.0,Drama,134748021.0,2010,9,3,18.718917088610393,18.064005814299346
80000000.0,97.0,17.674048,6.5,715.0,Animation,140073390.0,2010,7,3,18.7576770646461,18.197537205138154
85000000.0,82.0,7.941637,4.9,122.0,Comedy,112483764.0,2010,7,3,18.538319458083787,18.258161826219297
8000000.0,101.0,8.172013,6.9,691.0,Comedy,6491240.0,2010,7,3,15.685964287657901,15.894952224644102
3800000.0,84.0,2.894924,5.9,18.0,Comedy,111731.0,2009,6,2,11.62385842567653,15.150511887854474
1.0,132.0,1.280455,6.4,18.0,Romance,2.0,2003,8,3,1.0986122886681098,0.6931471805599453
20000000.0,116.0,11.11946,6.7,656.0,Drama,24145613.0,2010,10,4,16.999613306662038,16.811242881518265
35000000.0,123.0,7.681383,6.8,103.0,Drama,60251371.0,2010,8,3,17.914035901859997,17.370858648025116
10000000.0,80.0,7.094276,5.8,836.0,Horror,33583175.0,2010,1,1,17.32953578524846,16.118095750958314
20000000.0,105.0,12.820452,6.0,380.0,Comedy,32005248.0,2010,9,3,17.281410478562346,16.811242881518265
38000000.0,114.0,7.824962,6.6,873.0,Comedy,105610124.0,2010,10,4,18.475264805321995,17.453096744006448
30000.0,87.0,5.174738,6.5,201.0,Documentary,3045943.0,2010,9,3,14.929321427501336,10.308985993422082
22000000.0,105.0,11.275132,5.2,195.0,Drama,9479718.0,2010,10,4,16.06466523244168,16.906553056777135
2000000.0,109.0,10.30535,7.7,287.0,Documentary,7871522.0,2010,10,4,15.87876212136611,14.508658238524095
500000.0,94.0,6.154375,6.2,597.0,Drama,4242978.0,2010,6,2,15.260776174843908,13.122365377402328
12500000.0,107.0,11.024462,7.0,195.0,Drama,6732980.0,2010,9,3,15.722528545601559,16.341239282272525
4000000.0,90.0,10.964499,6.4,71.0,Drama,55125.0,2010,9,3,10.917376753174178,15.201805169084134
7.0,82.0,0.265854,5.2,6.0,Comedy,7.0,2009,8,3,2.0794415416798357,2.0794415416798357
15000000.0,104.0,8.278794,6.8,755.0,Drama,9455232.0,2010,9,3,16.062078902817067,16.52356082573315
18000000.0,80.0,6.971611,7.2,177.0,Animation,5602431.0,2010,2,1,15.538711347144917,16.705882371415992
2270000.0,104.0,2.927226,7.7,17.0,Drama,6900000.0,2010,8,3,15.747032114495013,14.635290829986122
500000.0,85.0,5.305905,5.7,252.0,Comedy,98017.0,2010,7,3,11.49290641425619,13.122365377402328
22000000.0,112.0,11.634377,5.7,213.0,Horror,851517.0,2010,3,1,13.654775918027628,16.906553056777135
20000000.0,94.0,10.997518,6.4,434.0,Comedy,117224271.0,2010,10,4,18.579599512641263,16.811242881518265
58000000.0,111.0,12.595165,6.6,2858.0,Action,71664962.0,2010,10,4,18.087512525048243,17.87595358575207
25000000.0,107.0,5.282976,5.2,150.0,Drama,19829957.0,2010,10,4,16.80270438249071,17.034386422832473
12000000.0,94.0,10.425288,6.2,62.0,Crime,5285197.0,2007,11,4,15.48042064110693,16.300417291085605
8700000.0,105.0,5.546687,6.5,388.0,Romance,47355187.0,2010,3,1,17.673186938648186,15.978833698567334
4000000.0,120.0,4.476836,6.5,93.0,Drama,41424067.0,2010,5,2,17.539372622532557,15.201805169084134
3000000.0,91.0,7.388933,5.7,734.0,Horror,177512032.0,2010,10,4,18.994548956131297,14.914123179965662
50000000.0,129.0,7.942766,5.8,517.0,Drama,105197635.0,2010,10,4,18.471351386532508,17.72753358339242
20000000.0,90.0,16.626655,5.8,758.0,Horror,136150434.0,2010,10,4,18.729270972084446,16.811242881518265
65000000.0,95.0,11.73956,6.2,1737.0,Comedy,211780824.0,2010,11,4,19.171062453510984,17.989897843244528
18000000.0,94.0,11.176797,7.0,2668.0,Adventure,35692920.0,2010,11,4,17.39046293577102,16.705882371415992
130000000.0,95.0,11.603905,6.7,1968.0,Animation,321887208.0,2010,10,4,19.589711759536705,18.683045016112164
13000000.0,108.0,12.989056,7.3,4562.0,Drama,327803731.0,2010,12,4,19.60792560920004,16.380459992348886
22000000.0,108.0,6.303785,6.5,239.0,Drama,24188922.0,2010,5,2,17.00140535906508,16.906553056777135
100000000.0,98.0,12.697059,6.3,1193.0,Action,167805466.0,2010,11,4,18.93831593191957,18.420680753952364
40000000.0,102.0,10.771255,6.1,420.0,Comedy,58785180.0,2010,1,1,17.889400357295994,17.50439003707821
30000000.0,133.0,9.591425,6.9,927.0,Romance,51148651.0,2010,11,4,17.750246696153447,17.216707972959764
8000000.0,98.0,6.712894,6.4,218.0,Action,3453043.0,2010,6,2,15.05476671883366,15.894952224644102
18000000.0,338.0,4.558075,6.7,50.0,Crime,871279.0,2010,5,2,13.677718673749569,16.705882371415992
250000000.0,146.0,23.300362,7.5,5708.0,Adventure,954305868.0,2010,10,4,20.676494795426205,19.33697147982652
15000000.0,118.0,11.260387,7.6,2817.0,Drama,414211549.0,2010,9,3,19.84188739161665,16.52356082573315
260000000.0,100.0,14.684761,7.4,3419.0,Animation,591794936.0,2010,11,4,20.198670742638633,19.376192192825954
25000000.0,116.0,14.141837,7.2,1512.0,Drama,93617009.0,2010,12,4,18.354722655706016,17.034386422832473
4500000.0,95.0,8.786269,4.8,83.0,Comedy,123820.0,2010,9,3,11.726592253280312,15.319588176962746
7000000.0,108.0,3.18614,5.9,29.0,Comedy,453079.0,2010,8,3,13.02382398931465,15.76142084987672
12500000.0,108.0,8.5508,6.0,94.0,Crime,1083683.0,2010,9,3,13.89587690556845,16.341239282272525
25000000.0,103.0,11.421915,5.7,261.0,Drama,4644108.0,2010,11,4,15.35111009267004,17.034386422832473
10000000.0,100.0,7.676017,4.7,516.0,Science Fiction,66821036.0,2010,11,4,18.01752851407806,16.118095750958314
17000000.0,86.0,7.364563,5.9,878.0,Drama,43165571.0,2011,1,1,17.580553791040852,16.648723960844016
30000000.0,112.0,7.575696,6.6,1268.0,Drama,102820008.0,2010,11,4,18.448490532123238,17.216707972959764
155000000.0,113.0,12.383398,6.2,1555.0,Adventure,415686217.0,2010,8,3,19.845441249956647,18.858935681335133
65000.0,99.0,2.799356,5.6,60.0,Romance,416498.0,2010,11,4,12.939639339625767,11.082157933374816
100000000.0,103.0,12.845045,6.0,1744.0,Action,278731369.0,2010,12,4,19.44575904442439,18.420680753952364
2500000.0,89.0,12.525758,5.6,91.0,Horror,52604.0,2010,8,3,10.870566451242388,14.731801689838349
27000000.0,103.0,4.983475,6.2,195.0,Action,16504936.0,2010,8,3,16.619170106237,17.11134746100564
38000000.0,110.0,10.730765,7.2,1701.0,Drama,252276927.0,2010,12,4,19.346037962739334,17.453096744006448
170000000.0,125.0,21.259,6.3,2895.0,Adventure,400062763.0,2010,12,4,19.80713200276317,18.951309000896888
8000000.0,129.0,5.000657,7.0,97.0,Comedy,18124262.0,2010,11,4,16.71276209580932,15.894952224644102
120000000.0,121.0,5.458387,4.9,229.0,Comedy,48668907.0,2010,12,4,17.70055094473853,18.603002309079653
30000000.0,134.0,7.524794,7.2,131.0,Comedy,8454301.0,2010,10,4,15.95018598220563,17.216707972959764
15000000.0,104.0,5.858803,6.4,218.0,Drama,4882577.0,2010,10,4,15.401183917027792,16.52356082573315
24000000.0,98.0,9.014972,6.1,577.0,Crime,23081726.0,2010,11,4,16.95455182349457,16.993564429978885
5000000.0,91.0,7.007993,6.8,167.0,Drama,5129058.0,2010,12,4,15.450432769522246,15.424948670398354
100000000.0,98.0,9.73941,5.5,1092.0,Comedy,310650585.0,2010,12,4,19.55417932083949,18.420680753952364
112000000.0,85.0,7.565799,4.9,633.0,Comedy,237382724.0,2010,12,4,19.285184270011115,18.53400943818794
7000000.0,101.0,4.896196,6.6,95.0,Action,3218666.0,2010,12,4,14.98447785665394,15.76142084987672
25000000.0,117.0,1.862215,6.8,29.0,Drama,20719451.0,2009,10,4,16.846583527129358,17.034386422832473
55000000.0,119.0,9.276539,6.9,581.0,Drama,89519773.0,2010,11,4,18.309970097389243,17.822843761378564
37000000.0,94.0,8.636052,7.4,701.0,Fantasy,145570827.0,2010,7,3,18.79617331650983,17.426428497635523
5000000.0,89.0,6.771868,7.3,860.0,Comedy,5476793.0,2010,1,1,15.516030451227222,15.424948670398354
80000000.0,80.0,6.598296,5.2,228.0,Comedy,201584141.0,2010,12,4,19.121717430353286,18.197537205138154
1500000.0,90.0,2.627643,7.6,34.0,Documentary,187716.0,2010,1,1,12.142690788531985,14.220976332738882
7000000.0,90.0,15.280219,6.1,243.0,Drama,7644937.0,2010,5,2,15.849554287436678,15.76142084987672
120000000.0,119.0,7.888013,5.5,1274.0,Action,227817248.0,2011,1,1,19.24405432604051,18.603002309079653
30000000.0,133.0,9.402082,6.8,462.0,Drama,20348249.0,2010,9,3,16.828505471069093,17.216707972959764
42000000.0,100.0,5.510805,6.3,138.0,Adventure,11087569.0,2010,12,4,16.221335218996053,17.553180200057167
9100000.0,183.0,4.23908,6.9,84.0,Thriller,76000000.0,2008,12,4,18.1462439114085,16.02378508137718
40000000.0,95.0,13.471159,5.2,756.0,Adventure,88100000.0,2011,1,1,18.293983102257144,17.50439003707821
11000000.0,80.0,0.868804,4.0,15.0,Horror,15500000.0,2008,8,3,16.5563506464056,16.213405921671733
163000000.0,119.0,10.958669,5.4,2054.0,Action,174822325.0,2011,7,3,18.979280736141934,18.909260764906005
70000000.0,111.0,7.513067,5.2,306.0,Comedy,67112664.0,2011,1,1,18.02188333226833,18.064005814299346
1119000.0,103.0,0.948775,2.5,2.0,Drama,2019000.0,1936,8,3,14.518113392589552,13.927946880948712
27000000.0,105.0,12.114955,7.1,3888.0,Thriller,161849455.0,2011,3,1,18.902177177194023,17.11134746100564
2000000.0,108.0,12.805294,6.3,537.0,Thriller,572809.0,2010,6,2,13.25830935257674,14.508658238524095
25000000.0,107.0,8.88057,6.1,1367.0,Comedy,147780440.0,2011,1,1,18.811238223485976,17.034386422832473
40000000.0,119.0,6.807442,7.0,923.0,Crime,85412898.0,2011,3,1,18.263007689507646,17.50439003707821
37000000.0,114.0,7.128117,5.8,577.0,Drama,96047633.0,2011,1,1,18.380354813871797,17.426428497635523
13000000.0,118.0,0.000657,0.0,0.0,Unknown,24441725.0,1975,12,4,17.011802311705317,16.380459992348886
93.0,107.0,11.096527,5.0,87.0,Comedy,2500000.0,2011,1,1,14.731801689838349,4.543294782270004
15000000.0,117.0,4.582024,5.9,80.0,Drama,20529194.0,2010,12,4,16.837358577315488,16.52356082573315
30000000.0,113.0,14.443599,6.5,1288.0,Action,130786397.0,2011,2,1,18.689076000754262,17.216707972959764
30000000.0,108.0,7.000775,5.8,347.0,Action,108609310.0,2011,2,1,18.503267698437185,17.216707972959764
36000000.0,84.0,9.244469,5.8,547.0,Animation,189712432.0,2011,1,1,19.061019973084402,17.399029524198163
10000000.0,91.0,7.787593,6.1,151.0,Comedy,4349187.0,2010,10,4,15.28549971897381,16.118095750958314
10000000.0,92.0,8.419427,4.8,165.0,Mystery,1068682.0,2010,9,3,13.881937607209524,16.118095750958314
40000000.0,104.0,10.24382,6.5,1825.0,Adventure,97552050.0,2011,2,1,18.395896649927696,17.50439003707821
6000000.0,118.0,0.619076,5.6,8.0,Comedy,1500000.0,1975,3,1,14.220976332738882,15.607270193858982
50000000.0,105.0,7.668829,5.3,608.0,Fantasy,28931401.0,2011,2,1,17.18043813758244,17.72753358339242
135000000.0,107.0,10.581925,6.6,2094.0,Animation,245724603.0,2011,3,1,19.319721970858033,18.72078534381011
19000000.0,97.0,8.132811,6.2,215.0,Comedy,6928068.0,2011,3,1,15.751091688759107,16.759949589762293
50200000.0,106.0,9.420301,6.5,1677.0,Science Fiction,127869379.0,2011,3,1,18.666519832101162,17.731525604582277
40000000.0,93.0,9.832342,6.3,1066.0,Action,51070807.0,2011,1,1,17.74872361992025,17.50439003707821
36000000.0,105.0,9.13273,5.4,627.0,Comedy,83160734.0,2011,2,1,18.236285859298867,17.399029524198163
25000000.0,114.0,6.196929,5.9,426.0,Adventure,27122040.0,2011,2,1,17.115857276316813,17.034386422832473
50000000.0,109.0,9.388376,5.9,1606.0,Action,144492830.0,2011,2,1,18.788740451829273,17.72753358339242
10400000.0,120.0,3.106814,7.0,38.0,War,20967660.0,2010,6,2,16.85849185636136,16.15731646026544
70000000.0,116.0,6.753746,5.5,1462.0,Action,202466756.0,2011,3,1,19.126086268071692,18.064005814299346
592.0,137.0,0.286719,6.5,6.0,Romance,1.0,1925,8,3,0.6931471805599453,6.385194398997726
10000000.0,85.0,1.192891,7.0,5.0,Comedy,9069.0,2009,10,4,9.112727543109182,16.118095750958314
150000000.0,88.0,7.24717,5.6,202.0,Adventure,38992758.0,2011,3,1,17.478886520189064,18.826145858727198
15000000.0,102.0,3.931527,5.3,33.0,Action,21500000.0,2009,12,4,16.88356353960952,16.52356082573315
80000000.0,117.0,9.267959,6.3,1588.0,Romance,214918407.0,2011,2,1,19.18576901639005,18.197537205138154
42000000.0,100.0,10.174298,5.7,958.0,Fantasy,89162162.0,2011,3,1,18.305967325945417,17.553180200057167
32000000.0,107.0,7.564777,5.3,322.0,Crime,83615414.0,2011,2,1,18.241738451009347,17.281246492014
2500000.0,96.0,8.309635,6.6,446.0,Comedy,324138.0,2010,9,3,12.688927715120661,14.731801689838349
3500000.0,103.0,6.097684,6.7,590.0,Fantasy,4159678.0,2010,10,4,15.240948465798654,15.068273812173887
32000000.0,93.0,9.796962,7.1,2752.0,Thriller,147332697.0,2011,3,1,18.80820383914737,17.281246492014
82000000.0,110.0,13.779527,5.9,1661.0,Action,89792502.0,2011,3,1,18.31301204426393,18.22222981742365
8000000.0,96.0,6.496259,6.4,209.0,Comedy,1749457.0,2011,2,1,14.374816583642607,15.894952224644102
6000000.0,108.0,3.546146,6.9,33.0,Drama,3770657.0,2010,10,4,15.14276008000361,15.607270193858982
1500000.0,103.0,17.24814,6.8,1775.0,Horror,97009150.0,2010,9,3,18.390315872224086,14.220976332738882
3000000.0,86.0,10.926038,5.7,213.0,Action,748453.0,2011,5,2,13.525765024707482,14.914123179965662
10831173.0,106.0,4.480723,6.7,176.0,Drama,10654385.0,2011,3,1,16.18148219632652,16.19793901568745
6500000.0,109.0,0.635053,6.3,9.0,Drama,753808.0,2009,8,3,13.532894299250398,15.687312888712007
3.0,87.0,3.308503,7.5,66.0,Drama,43.0,2010,2,1,3.784189633918261,1.3862943611198906
21000000.0,99.0,8.425361,6.3,250.0,Family,72417394.0,2011,3,1,18.09795709092849,16.860033043306743
12000000.0,108.0,5.145185,5.8,110.0,Crime,204940.0,2010,1,1,12.230477411818724,16.300417291085605
63000000.0,95.0,8.904488,5.5,338.0,Animation,183953723.0,2011,3,1,19.03019478394183,17.958645300228824
19000000.0,93.0,1.418221,5.6,5.0,Family,2119994.0,1993,11,4,14.566924288154848,16.759949589762293
6000000.0,141.0,9.534232,7.1,362.0,Adventure,17555141.0,2010,9,3,16.680857456415527,15.607270193858982
30000000.0,111.0,8.071196,6.5,1284.0,Action,63782078.0,2011,4,2,17.970982815440145,17.216707972959764
1500000.0,84.0,4.330658,6.3,73.0,Action,8786756.0,2010,12,4,15.988756259606001,14.220976332738882
3000000.0,99.0,0.702712,6.2,10.0,Drama,4800080.0,2010,12,4,15.384143350735739,14.914123179965662
40000000.0,110.0,9.698075,5.3,270.0,Comedy,45735397.0,2011,4,2,17.638383129341506,17.50439003707821
40000000.0,111.0,10.000721,6.1,930.0,Horror,97138686.0,2011,4,2,18.391650278216506,17.50439003707821
90000000.0,96.0,10.403228,6.5,2213.0,Animation,484635760.0,2011,4,2,19.998908158506367,18.31532023940565
14734000.0,139.0,2.156145,6.4,42.0,Action,6775121.0,2010,11,4,15.728767931947981,16.505668374095126
7400000.0,136.0,8.124767,7.0,915.0,Drama,21817298.0,2011,5,2,16.898213745189267,15.816990693309524
150000000.0,115.0,29.158489,6.6,6678.0,Adventure,449326618.0,2011,4,2,19.923260617778432,18.826145858727198
15000000.0,97.0,3.4949,5.0,61.0,Drama,4627375.0,2011,4,2,15.34750052674445,16.52356082573315
4000000.0,102.0,6.700081,6.6,395.0,Comedy,65584679.0,2010,10,4,17.99885269005504,15.201805169084134
38000000.0,120.0,7.649466,6.7,879.0,Drama,114156230.0,2011,3,1,18.55307851552127,17.453096744006448
125000000.0,130.0,1.420361,7.1,2491.0,Action,626137675.0,2011,4,2,20.255080834595837,18.643824303266577
3900000.0,96.0,1.824255,6.7,31.0,Drama,208475.0,2010,2,1,12.2475792056819,15.176487367510099
6800000.0,130.0,8.596012,7.9,496.0,Drama,7103838.0,2010,9,3,15.77614590010904,15.732433317205148
18000000.0,106.0,11.009053,6.9,355.0,Family,47088990.0,2011,4,2,17.6675497949356,16.705882371415992
35000000.0,112.0,5.47309,5.9,304.0,Comedy,59901913.0,2011,5,2,17.90821901583061,17.370858648025116
32500000.0,125.0,6.810991,6.5,1697.0,Comedy,288383523.0,2011,4,2,19.479801832755626,17.296750678069195
60000000.0,87.0,8.259952,5.4,710.0,Action,78309131.0,2011,5,2,18.176174782512966,17.909855136853043
2500000.0,100.0,0.46335,7.1,7.0,Drama,71904.0,2007,8,3,11.18310108232048,14.731801689838349
21000000.0,91.0,5.484379,6.2,281.0,Drama,970816.0,2011,2,1,13.785893264012122,16.860033043306743
380000000.0,136.0,27.88772,6.4,5068.0,Adventure,1045713802.0,2011,5,2,20.76796555425219,19.755681813316283
30000000.0,94.0,11.43256,7.4,2049.0,Fantasy,151119219.0,2011,5,2,18.833579619683118,17.216707972959764
32000000.0,139.0,11.204539,6.5,1009.0,Drama,54674226.0,2011,5,2,17.816902986338455,17.281246492014
80000000.0,102.0,21.893532,6.2,3836.0,Comedy,254455986.0,2011,5,2,19.354638439902896,18.197537205138154
2000000.0,120.0,2.235068,4.6,19.0,Comedy,563706.0,2010,9,3,13.242289891945376,14.508658238524095
4317946.0,106.0,12.452985,7.3,76.0,Documentary,14624826.0,2011,2,1,16.4982311219524,15.278290615780541
16000000.0,91.0,8.453293,5.3,230.0,Thriller,40492759.0,2011,2,1,17.516633750664223,16.588099342704055
9500000.0,104.0,7.778097,6.6,314.0,Crime,120000.0,2010,9,3,11.695255355062795,16.066802461833923
2000000.0,97.0,2.300459,6.5,28.0,Crime,7306.0,2009,10,4,8.896588071791218,14.508658238524095
3906840.0,95.0,2.382068,6.3,26.0,Crime,4300000.0,2009,10,4,15.274125813221904,15.178239677022763
14350531.0,88.0,9.93263,6.3,748.0,Action,3964682.0,2011,5,2,15.19293646029631,16.479297572653444
150000000.0,91.0,11.481921,6.7,1925.0,Animation,665692281.0,2011,5,2,20.3163380826927,18.826145858727198
160000000.0,132.0,0.738633,7.1,5252.0,Action,353624124.0,2011,5,2,19.683745113210374,18.8906843794481
30000000.0,98.0,6.212898,6.0,131.0,Drama,102000000.0,2010,10,4,18.440483381052466,17.216707972959764
5000000.0,97.0,4.779994,6.0,210.0,Comedy,2614773.0,2010,10,4,14.776688227272162,15.424948670398354
3200000.0,105.0,6.72639,6.8,353.0,Drama,5332926.0,2010,9,3,15.48941080113353,14.978661680269907
50000000.0,112.0,19.529911,6.6,2496.0,Thriller,260095987.0,2011,6,2,19.376561305463316,17.72753358339242
200000000.0,114.0,13.985631,5.1,2551.0,Adventure,219851172.0,2011,6,2,19.208461389032852,19.11382792951231
55000000.0,94.0,15.214342,5.7,775.0,Comedy,187361754.0,2011,6,2,19.048551824763834,17.822843761378564
20000000.0,92.0,7.310686,5.4,1634.0,Comedy,216197492.0,2011,5,2,19.19170286735747,16.811242881518265
20000000.0,121.0,2.576815,6.1,29.0,Comedy,60072596.0,2010,4,2,17.911064338786787,16.811242881518265
195000000.0,154.0,4.503505,6.1,3351.0,Action,1123746996.0,2011,6,2,20.839934471443975,19.088510121656228
30000000.0,98.0,10.778028,5.7,369.0,Comedy,36160375.0,2011,6,2,17.403474491664277,17.216707972959764
49900000.0,102.0,5.67375,5.2,511.0,Comedy,26121638.0,2011,4,2,17.07827460925533,17.725531580761828
20000000.0,91.0,2.321394,5.1,14.0,Comedy,14166853.0,2011,6,2,16.466415568668516,16.811242881518265
32000000.0,107.0,7.000421,6.1,399.0,Action,69055695.0,2010,8,3,18.050423925365973,17.281246492014
80000000.0,102.0,11.341084,5.3,509.0,Comedy,169852759.0,2011,7,3,18.95044250207087,18.197537205138154
35000000.0,98.0,9.856955,6.4,2341.0,Comedy,117000000.0,2011,7,3,18.57768450130904,17.370858648025116
200000000.0,106.0,13.693002,5.8,2088.0,Animation,559852396.0,2011,6,2,20.14318373016529,19.11382792951231
337.0,89.0,0.76593,7.5,6.0,Adventure,551.0,1928,8,3,6.313548046277095,5.823045895483019
10000000.0,88.0,5.727987,5.8,334.0,Horror,498974.0,2010,9,3,13.120311273278197,16.118095750958314
4090000.0,102.0,1.932489,7.0,39.0,Action,18035000.0,2011,7,3,16.707824927767515,15.224055772517731
20000000.0,109.0,8.34835,6.0,611.0,Adventure,17425000.0,2011,7,3,16.67341657199967,16.811242881518265
125000000.0,130.0,24.990737,7.9,6141.0,Family,1342000000.0,2011,7,3,21.017426876241057,18.643824303266577
15000000.0,100.0,15.388875,7.4,3832.0,Drama,78054825.0,2011,8,3,18.17292203517306,16.52356082573315
134005.0,104.0,2.003832,5.3,22.0,Drama,1332231.0,2011,7,3,14.102366289090085,11.80563985405003
140000000.0,124.0,19.323582,6.6,7174.0,Action,370569774.0,2011,7,3,19.730552311554884,18.757152987716434
50000000.0,118.0,10.246173,7.0,2522.0,Comedy,142851197.0,2011,7,3,18.777314073025213,17.72753358339242
15000000.0,107.0,11.239012,7.0,1006.0,Drama,59389433.0,2011,3,1,17.899626889722686,16.52356082573315
6000000.0,96.0,11.256636,6.8,378.0,Action,19560274.0,2011,7,3,16.78901128177682,15.607270193858982
30000000.0,63.0,7.357682,6.8,263.0,Animation,14460000.0,2011,4,2,16.486896843851184,17.216707972959764
410000.0,101.0,0.769053,3.5,5.0,Crime,100.0,1972,2,1,4.61512051684126,12.923914877701906
110000000.0,103.0,10.219758,5.5,1201.0,Animation,563749323.0,2011,7,3,20.15012024966736,18.5159909328476
20000000.0,107.0,12.763976,4.5,142.0,Action,4634062.0,2011,3,1,15.348944579048208,16.811242881518265
35000000.0,109.0,10.009007,6.5,2306.0,Romance,150483765.0,2011,7,3,18.829365769225493,17.370858648025116
20000000.0,88.0,8.16645,5.3,125.0,Family,39300000.0,2010,9,3,17.486735102284783,16.811242881518265
10000000.0,98.0,1.145806,3.1,14.0,Crime,18.0,1993,10,4,2.9444389791664403,16.118095750958314
15774948.0,97.0,9.491865,6.0,496.0,Crime,741875.0,2011,5,2,13.516937392281134,16.573933733422773
10000000.0,90.0,5.918193,5.9,369.0,Comedy,17273593.0,2011,8,3,16.664689535014837,16.118095750958314
9000000.0,130.0,1.818296,4.8,14.0,Drama,771499.0,2010,5,2,13.556091950785353,16.012735246411598
3837625.0,103.0,0.749665,6.3,15.0,Comedy,3867000.0,2010,10,4,15.167989829187798,15.160364504214792
93000000.0,105.0,41.613762,7.0,4452.0,Thriller,482860185.0,2011,8,3,19.99523769973303,18.34811006187022
52000000.0,112.0,6.906145,5.9,753.0,Comedy,75450437.0,2011,8,3,18.13898654833027,17.76675429577647
25000000.0,146.0,7.486118,7.9,1966.0,Drama,124272124.0,2011,8,3,18.63798427549918,17.034386422832473
28000000.0,83.0,9.763493,5.6,537.0,Action,40547440.0,2011,8,3,17.51798322925938,17.147715103853763
9000000.0,84.0,9.202416,6.9,81.0,Documentary,18663238.0,2011,8,3,16.742066318170178,16.012735246411598
47000000.0,92.0,12.912491,5.9,892.0,Horror,157887643.0,2011,8,3,18.877394224105753,17.665658180950928
25000000.0,122.0,5.481452,6.2,138.0,Crime,15478800.0,2010,9,3,16.554981968345718,17.034386422832473
19000000.0,108.0,10.724679,6.0,335.0,Comedy,35387212.0,2011,11,4,17.381861098160996,16.759949589762293
7000000.0,110.0,5.633243,7.1,122.0,Comedy,8220215.0,2010,2,1,15.92210704405938,15.76142084987672
27000000.0,89.0,9.580214,4.4,228.0,Family,85564310.0,2011,8,3,18.26477882660341,17.11134746100564
784170.0,80.0,0.578456,6.8,6.0,Comedy,834332.0,1948,4,2,13.634387882225147,13.572382387794425
25000000.0,99.0,8.67817,5.4,347.0,Fantasy,36993168.0,2010,11,4,17.42624383194221,17.034386422832473
17000000.0,106.0,9.665251,6.0,617.0,Horror,24922237.0,2011,8,3,17.03127105523471,16.648723960844016
100000.0,92.0,8.957372,6.8,535.0,Drama,1776935.0,2011,7,3,14.390401090731311,11.51293546492023
7000000.0,106.0,5.886972,6.7,218.0,Drama,382946.0,2010,1,1,12.855651877386176,15.76142084987672
650000.0,98.0,7.814255,6.2,290.0,Drama,33245.0,2010,9,3,10.411689738095404,13.384729180332174
20000000.0,113.0,8.426611,6.2,261.0,Drama,45636368.0,2010,4,2,17.636215522387506,16.811242881518265
40000000.0,108.0,8.062578,6.5,848.0,Action,60965854.0,2011,7,3,17.925824511318414,17.50439003707821
3000000.0,93.0,2.444847,6.7,36.0,Documentary,103735.0,2010,10,4,11.54960448922872,14.914123179965662
13000000.0,117.0,9.782542,7.4,797.0,Drama,5774854.0,2011,8,3,15.569023705831807,16.380459992348886
90000000.0,113.0,10.949076,5.2,612.0,Adventure,48795021.0,2011,8,3,17.703138857423465,18.31532023940565
8000000.0,104.0,6.167646,5.7,139.0,Comedy,10130000.0,2011,4,2,16.131011974941543,15.894952224644102
4000000.0,88.0,6.340655,5.9,321.0,Horror,1104682.0,2011,8,3,13.915068973948621,15.201805169084134
10000000.0,98.0,3.033797,7.0,54.0,Drama,1759252.0,2011,6,2,14.380399845099474,16.118095750958314
24000000.0,89.0,6.562982,5.0,142.0,Romance,30551495.0,2011,9,3,17.234924211286376,16.993564429978885
28000000.0,91.0,6.062425,4.9,134.0,Horror,10126458.0,2011,9,3,16.13066225934108,17.147715103853763
60000000.0,106.0,8.244359,6.2,1351.0,Drama,137551594.0,2011,9,3,18.73950964105098,17.909855136853043
25000000.0,110.0,8.048422,5.5,147.0,Drama,10324441.0,2011,9,3,16.150024651767428,17.034386422832473
50000000.0,133.0,15.785663,7.0,1409.0,Drama,110206216.0,2011,9,3,18.517863868699774,17.72753358339242
8000000.0,91.0,6.140556,6.3,156.0,Drama,163265.0,2011,9,3,12.003136051524452,15.894952224644102
220000000.0,143.0,89.887648,7.4,12000.0,Science Fiction,1519557910.0,2012,4,2,21.14168528147379,19.20913810886209
15000000.0,99.0,9.865944,6.2,589.0,Drama,27462041.0,2011,9,3,17.128315318248724,16.52356082573315
25000000.0,140.0,13.121626,7.7,1297.0,Action,23057115.0,2011,9,3,16.9534849999362,17.034386422832473
12500000.0,101.0,6.82647,6.5,924.0,Drama,75993061.0,2011,9,3,18.14615260460978,16.341239282272525
500000.0,95.0,15.014569,6.0,214.0,Horror,171760.0,2011,9,3,12.053859254613032,13.122365377402328
66000000.0,116.0,8.046632,6.1,703.0,Action,57777106.0,2011,9,3,17.87210318252075,18.005165315142214
6250000.0,144.0,1.490661,5.6,17.0,Comedy,8500000.0,2010,5,2,15.955576839107596,15.648092181712572
17000.0,106.0,7.759376,6.4,54.0,Action,101236.0,2011,4,2,11.525219581663706,9.741027444837728
8000000.0,100.0,11.869481,7.0,1287.0,Comedy,39187783.0,2011,9,3,17.483875623540083,15.894952224644102
15000000.0,100.0,11.440948,7.3,1075.0,Drama,133432856.0,2011,5,2,18.70910896546569,16.52356082573315
26400000.0,155.0,4.330396,6.5,46.0,Action,62000000.0,2010,10,4,17.9426449591384,17.088874605995333
5000000.0,120.0,5.59686,7.1,479.0,Thriller,3099314.0,2011,11,4,14.94669167729647,15.424948670398354
5000000.0,121.0,1.744659,5.0,18.0,Mystery,27046.0,2011,4,2,10.205331372394003,15.424948670398354
4000000.0,105.0,13.504065,7.3,42.0,Drama,253899.0,2011,3,1,12.44469576769277,15.201805169084134
110000000.0,127.0,19.265552,6.6,2749.0,Action,299268508.0,2011,9,3,19.516851751784547,18.5159909328476
24000000.0,113.0,6.162257,6.4,438.0,Drama,63543328.0,2011,10,4,17.967232577627115,16.993564429978885
35000000.0,103.0,10.169411,6.0,876.0,Horror,28128670.0,2011,10,4,17.15229993441573,17.370858648025116
7000000.0,112.0,5.325574,7.4,687.0,Drama,6038942.0,2011,9,3,15.61373955459671,15.76142084987672
75000000.0,110.0,6.303466,5.6,945.0,Adventure,132274484.0,2011,8,3,18.700389753342996,18.132998684833918
40000000.0,109.0,10.324613,6.7,3512.0,Action,173930596.0,2011,10,4,18.974166909793784,17.50439003707821
14000000.0,149.0,5.113573,6.1,86.0,Drama,46495.0,2011,9,3,10.747121566370009,16.454567959008102
25000000.0,80.0,8.844835,7.0,760.0,Comedy,27603069.0,2011,9,3,17.13343755638563,17.034386422832473
3500000.0,107.0,8.340757,6.7,531.0,Thriller,19504039.0,2011,9,3,16.786132181562447,15.068273812173887
5000000.0,83.0,10.996308,5.9,685.0,Horror,205703818.0,2011,10,4,19.14194792032347,15.424948670398354
45000000.0,101.0,10.668658,6.0,1026.0,Crime,160078586.0,2011,9,3,18.891175421364213,17.622173069956816
35000000.0,106.0,10.512109,5.6,987.0,Thriller,82087155.0,2011,9,3,18.223292118822364,17.370858648025116
25000000.0,118.0,10.710831,6.7,275.0,Drama,11790979.0,2011,10,4,16.2828453903484,17.034386422832473
6500000.0,100.0,11.72049,7.0,897.0,Drama,17693675.0,2011,10,4,16.68871784556585,15.687312888712007
20000000.0,106.0,6.958086,6.2,689.0,Comedy,30426096.0,2011,9,3,17.23081125206297,16.811242881518265
50000000.0,84.0,9.995617,5.8,401.0,Drama,38502340.0,2011,9,3,17.46622960260426,17.72753358339242
12000000.0,115.0,2.977779,6.9,43.0,Adventure,13380561.0,2009,11,4,16.409313614771794,16.300417291085605
30000000.0,129.0,5.87767,6.4,292.0,Action,2527904.0,2011,9,3,14.742901454428848,17.216707972959764
30000000.0,130.0,13.413895,6.3,291.0,Drama,15395087.0,2011,10,4,16.549559055466005,17.216707972959764
75000000.0,104.0,7.762917,5.8,945.0,Action,152930623.0,2011,11,4,18.845494938614156,18.132998684833918
35000000.0,137.0,9.529382,6.0,766.0,Drama,84606030.0,2011,11,4,18.253516110451628,17.370858648025116
17000000.0,98.0,5.498819,5.8,226.0,Action,3696232.0,2011,10,4,15.122824750882245,16.648723960844016
130000000.0,107.0,19.201504,6.7,2095.0,Adventure,371940071.0,2011,10,4,19.734243302485748,18.683045016112164
170000000.0,126.0,14.046164,7.0,2197.0,Adventure,185770160.0,2011,11,4,19.04002077403029,18.951309000896888
2000000.0,109.0,1.137468,5.3,14.0,Drama,841733.0,2011,8,3,13.643219328823658,14.508658238524095
36000000.0,91.0,9.540381,5.4,333.0,Crime,9612469.0,2011,10,4,16.078571771854886,17.399029524198163
75000000.0,110.0,10.363671,5.7,898.0,Fantasy,226904017.0,2011,11,4,19.240037657834797,18.132998684833918
79000000.0,91.0,6.620033,4.0,619.0,Comedy,149673788.0,2011,11,4,18.82396874387942,18.184958423089522
19100000.0,109.0,6.681211,6.5,208.0,Drama,5728213.0,2011,2,1,15.560914347259935,16.765198945372877
20000000.0,85.0,4.850968,4.7,150.0,Action,2128186.0,2011,11,4,14.570781001522658,16.811242881518265
4000000.0,119.0,3.496577,6.2,37.0,Comedy,355688.0,2011,11,4,12.781812032521616,15.201805169084134
29000000.0,131.0,5.311245,6.5,102.0,Action,33662874.0,2011,1,1,17.331906156032517,17.182806422433504
8000000.0,129.0,5.276685,6.0,75.0,Drama,100915.0,2011,9,3,11.522043766614756,15.894952224644102
20000000.0,115.0,11.794753,6.7,956.0,Comedy,177243185.0,2011,9,3,18.993033279760272,16.811242881518265
250000.0,90.0,8.002786,6.5,386.0,Drama,3542353.0,2011,10,4,15.08030203586562,12.429220196836383
45000000.0,103.0,10.214369,6.5,509.0,Comedy,165184237.0,2011,11,4,18.922572002876898,17.622173069956816
110000000.0,117.0,25.9725,5.8,2622.0,Adventure,712171856.0,2011,3,1,20.38382981244168,18.5159909328476
66000000.0,146.0,8.166363,7.0,1016.0,Drama,177584879.0,2011,12,4,18.994959249763006,18.005165315142214
45000000.0,120.0,10.110504,5.6,391.0,Drama,24000000.0,2011,10,4,16.993564429978885,17.622173069956816
6400000.0,99.0,12.203066,6.6,418.0,Drama,35057696.0,2011,10,4,17.37250574790681,15.671808704579888
8000.0,96.0,4.727171,7.5,164.0,Drama,484592.0,2011,9,3,13.091064642357221,8.987321812850125
3062000.0,143.0,2.07741,7.0,33.0,Drama,25034000.0,2011,7,3,17.03574549881578,14.934579181783645
10500000.0,149.0,1.970481,5.3,13.0,Action,9400000.0,2009,1,1,16.056220353623207,16.166885910365842
15000000.0,130.0,2.587727,6.2,25.0,Drama,16810383.0,2008,12,4,16.6375073486694,16.52356082573315
10000000.0,111.0,6.091224,7.2,200.0,Drama,17511906.0,2010,9,3,16.678391607526606,16.118095750958314
25000000.0,81.0,13.105682,5.4,330.0,Comedy,34942188.0,2011,12,4,17.369205510965323,17.034386422832473
40000000.0,129.0,7.82605,6.9,726.0,Drama,55247881.0,2011,12,4,17.827340562785707,17.50439003707821
12000000.0,108.0,5.874878,5.3,135.0,Crime,972512.0,2011,11,4,13.787638721994647,16.300417291085605
130000000.0,100.0,9.141045,5.8,381.0,Animation,150406466.0,2011,11,4,18.82885196722581,18.683045016112164
12500000.0,118.0,1.830829,6.3,31.0,Drama,3878993.0,2010,4,2,15.171086399630498,16.341239282272525
5000000.0,87.0,8.132748,6.2,261.0,Mystery,3142154.0,2011,8,3,14.96041942821684,15.424948670398354
55000000.0,92.0,8.26008,5.2,490.0,Action,9489829.0,2013,1,1,16.065731256832404,17.822843761378564
100000000.0,103.0,14.881566,6.1,2940.0,Action,312573423.0,2012,8,3,19.560349956342705,18.420680753952364
2361000.0,101.0,0.789574,7.0,4.0,Comedy,6892000.0,1944,7,3,15.74587202172571,14.674596239616903
75000000.0,142.0,20.031667,6.9,9634.0,Science Fiction,691210692.0,2012,3,1,20.353955245531218,18.132998684833918
250000000.0,165.0,20.58258,7.6,9263.0,Action,1084939099.0,2012,7,3,20.804789693331283,19.33697147982652
130000000.0,120.0,14.89499,6.0,2683.0,Action,276572938.0,2012,8,3,19.4379851379909,18.683045016112164
125000000.0,129.0,18.695329,7.0,3971.0,Adventure,334615000.0,2011,11,4,19.62849117814803,18.643824303266577
45202.0,95.0,4.955542,7.3,84.0,Documentary,225861.0,2011,1,1,12.327679472281403,10.718918735299235
7700000.0,123.0,6.914615,5.9,133.0,Drama,1072602.0,2011,2,1,13.88559896246906,15.856731016694035
12000000.0,94.0,6.142913,5.6,368.0,Comedy,22939027.0,2011,12,4,16.948350297364144,16.300417291085605
56000000.0,118.0,6.948818,5.7,744.0,Comedy,142044638.0,2011,12,4,18.77165192531998,17.840862266556567
145000000.0,133.0,14.25843,6.8,4026.0,Action,694713380.0,2011,12,4,20.359009917029358,18.7922443072814
50000000.0,124.0,10.563152,6.5,928.0,Drama,120081841.0,2011,12,4,18.60368408494531,17.72753358339242
90000000.0,158.0,8.907829,7.2,2479.0,Thriller,232617430.0,2011,12,4,19.264905735051826,18.31532023940565
30000000.0,89.0,8.127392,4.8,474.0,Horror,64626786.0,2011,12,4,17.984139542248087,17.216707972959764
75000000.0,87.0,8.066393,5.4,499.0,Comedy,342695435.0,2011,12,4,19.65235266898551,18.132998684833918
8000000.0,113.0,5.379039,6.2,136.0,Drama,5634828.0,2011,12,4,15.544477358944098,15.894952224644102
10000000.0,127.0,2.772269,5.8,45.0,Drama,303877.0,2011,12,4,12.624381584050152,16.118095750958314
1000000.0,83.0,5.747675,4.6,263.0,Thriller,101758490.0,2012,1,1,18.4381128284367,13.815511557963774
25000000.0,109.0,10.595067,6.1,777.0,Thriller,63100000.0,2012,1,1,17.9602313433593,17.034386422832473
37000000.0,113.0,6.695229,6.6,166.0,Drama,95404397.0,2011,9,3,18.373635235984846,17.426428497635523
13000000.0,105.0,7.421245,6.2,540.0,History,114956699.0,2011,12,4,18.560066093686284,16.380459992348886
3000000.0,112.0,7.406609,5.7,198.0,Horror,22000.0,2011,3,1,9.99884318585288,14.914123179965662
70000000.0,88.0,12.345348,6.1,1885.0,Fantasy,160112671.0,2012,1,1,18.89138832536562,18.064005814299346
25000000.0,117.0,14.31675,6.4,1476.0,Action,77278331.0,2012,1,1,18.16292416378467,17.034386422832473
42000000.0,102.0,10.528173,6.2,936.0,Action,46221189.0,2012,1,1,17.64894890890919,17.553180200057167
23000000.0,93.0,9.574817,5.6,508.0,Action,33372606.0,2011,11,4,17.32324597173956,16.951004817371683
5000000.0,86.0,10.711742,5.0,359.0,Horror,25562924.0,2011,7,3,17.056653617545955,15.424948670398354
17000000.0,105.0,10.250997,5.8,314.0,Action,12355798.0,2011,9,3,16.32963606548784,16.648723960844016
58000000.0,125.0,7.145835,5.9,180.0,Drama,50365377.0,2012,1,1,17.73481455254271,17.87595358575207
94000000.0,145.0,6.587711,7.1,193.0,Drama,95311434.0,2011,12,4,18.372660350933085,18.358805350872576
13000000.0,112.0,16.086919,8.2,5410.0,Drama,426480871.0,2011,11,4,19.871078075121222,16.380459992348886
40000000.0,91.0,6.322435,5.3,392.0,Action,36893721.0,2012,1,1,17.423551959034715,17.50439003707821
15000000.0,119.0,4.974482,5.8,62.0,Drama,868439.0,2011,9,3,13.674453777648173,16.52356082573315
750000.0,102.0,8.560726,5.4,223.0,Horror,78396.0,2011,12,4,11.26954094030024,13.527829818844937
40000000.0,107.0,6.159379,6.6,153.0,Adventure,24719215.0,2012,2,1,17.02309147484047,17.50439003707821
5000000.0,89.0,2.025505,6.1,16.0,Comedy,22772019.0,2010,12,4,16.941043147324287,15.424948670398354
13000000.0,119.0,7.17548,6.5,101.0,Action,51723285.0,2010,9,3,17.76141864426579,16.380459992348886
15000000.0,84.0,12.47441,6.6,1965.0,Science Fiction,145000000.0,2012,2,1,18.7922443072814,16.52356082573315
17000000.0,95.0,8.896679,6.1,1237.0,Drama,127730736.0,2012,2,1,18.665434988985872,16.648723960844016
11000000.0,101.0,8.888718,5.8,32.0,Thriller,807535.0,2011,7,3,13.601742915128543,16.213405921671733
85000000.0,115.0,8.338675,6.3,1361.0,Action,208076205.0,2012,2,1,19.15341494556666,18.258161826219297
30000000.0,104.0,9.524298,7.0,1328.0,Drama,196114570.0,2012,2,1,19.094209592332742,17.216707972959764
250000.0,62.0,4.297654,8.1,80.0,Comedy,1000000.0,2011,12,4,13.815511557963774,12.429220196836383
850000.0,85.0,10.378756,5.8,111.0,Comedy,1243961.0,2012,8,3,14.03381200519091,13.652992804936396
79000000.0,94.0,9.46307,5.8,1050.0,Adventure,355692760.0,2012,1,1,19.689577885291854,18.184958423089522
2000000.0,207.0,0.74156,6.8,13.0,Comedy,393816.0,2011,12,4,12.883641613376783,14.508658238524095
5650000.0,123.0,5.24461,6.4,103.0,Comedy,43000000.0,2011,2,1,17.57671069691365,15.547166280113759
23000000.0,139.0,10.861339,6.5,58.0,Drama,5837674.0,2009,12,4,15.579843159096665,16.951004817371683
4000000.0,103.0,3.92107,6.8,66.0,Drama,530048.0,2008,11,4,13.180724734084993,15.201805169084134
57000000.0,95.0,9.421301,4.7,1163.0,Action,149217355.0,2011,12,4,18.820914566046213,17.858561843342684
1000000.0,129.0,7.666558,6.8,77.0,Drama,34522221.0,2011,9,3,17.357113790589977,13.815511557963774
12000000.0,88.0,9.803023,6.5,1624.0,Comedy,100000000.0,2012,3,1,18.420680753952364,16.300417291085605
70000000.0,86.0,7.689395,6.3,1048.0,Animation,348840316.0,2012,3,1,19.67012483104871,18.064005814299346
41000000.0,100.0,10.267905,5.6,252.0,Comedy,7448385.0,2011,10,4,15.823507922589675,17.529082649058825
12000000.0,110.0,12.159818,6.3,420.0,Action,81272766.0,2012,2,1,18.213321549153616,16.300417291085605
65000000.0,103.0,12.366641,5.9,1411.0,Action,156974557.0,2012,2,1,18.871594299225492,17.989897843244528
260000000.0,132.0,14.670353,6.1,2170.0,Action,284139100.0,2012,3,1,19.46497446846993,19.376192192825954
4798235.0,107.0,9.336568,6.3,470.0,Horror,209696.0,2011,8,3,12.253418910636032,15.383758908333446
10000000.0,101.0,4.883085,5.9,103.0,Drama,610986.0,2011,5,2,13.322830961331638,16.118095750958314
42000000.0,109.0,11.250764,6.7,4151.0,Action,201585328.0,2012,3,1,19.121723318695956,17.553180200057167
10000000.0,83.0,5.872794,6.1,220.0,Drama,4417580.0,2011,9,3,15.301102819170872,16.118095750958314
20000000.0,95.0,8.772263,5.8,722.0,Action,32204030.0,2012,4,2,17.287602189014883,16.811242881518265
4000000.0,99.0,6.780752,6.2,160.0,Adventure,25345000.0,2011,4,2,17.0480920693441,15.201805169084134
12000000.0,131.0,5.23198,6.3,59.0,Science Fiction,11212294.0,2010,12,4,16.232521502015942,16.300417291085605
5000000.0,107.0,6.753328,6.3,325.0,Drama,34564651.0,2011,9,3,17.35834209932297,15.424948670398354
150000000.0,99.0,7.739904,5.5,1459.0,Adventure,301000000.0,2012,3,1,19.52262082603541,18.826145858727198
7500000.0,93.0,19.561767,5.6,563.0,Action,8135031.0,2012,3,1,15.911690232247699,15.830413711839864
50000000.0,113.0,8.10609,6.1,1641.0,Comedy,234989584.0,2012,4,2,19.275051751977376,17.72753358339242
1100000.0,101.0,10.528833,7.3,1076.0,Action,4105187.0,2011,9,3,15.22776209762753,13.910821646859095
30000000.0,95.0,14.811958,6.6,2314.0,Horror,66486080.0,2012,4,2,18.01250317544737,17.216707972959764
930000.0,100.0,10.114319,5.3,66.0,Comedy,30905.0,2011,6,2,10.33870561879364,13.742940940397677
2000000.0,85.0,10.239941,5.2,125.0,Horror,13101672.0,2011,1,1,16.388250489940827,14.508658238524095
30000000.0,92.0,13.371056,4.9,143.0,Comedy,54819301.0,2012,4,2,17.819552916178502,17.216707972959764
26000000.0,111.0,7.254242,6.1,432.0,Crime,29657751.0,2012,3,1,17.2052340994888,17.073607134447293
85000000.0,106.0,14.170183,5.5,1148.0,Adventure,183018522.0,2012,3,1,19.025097924262674,18.258161826219297
209000000.0,131.0,13.106966,5.5,2141.0,Thriller,303025485.0,2012,4,2,19.52932747214763,19.157844814713773
10000000.0,124.0,9.23046,6.9,468.0,Drama,136836156.0,2011,11,4,18.734294833785718,16.118095750958314
30000000.0,124.0,12.84554,5.7,466.0,Comedy,53909751.0,2012,4,2,17.80282194715758,17.216707972959764
12000000.0,122.0,5.264551,6.9,287.0,Comedy,96070507.0,2012,4,2,18.38059293818291,16.300417291085605
25000000.0,101.0,7.740762,6.8,981.0,Drama,99357138.0,2012,4,2,18.414231381451465,17.034386422832473
6400000.0,130.0,2.065753,6.9,10.0,Drama,2556911.0,2008,10,4,14.754310838350637,15.671808704579888
30000000.0,94.0,8.234382,6.3,808.0,Action,40346186.0,2012,4,2,17.513007450073736,17.216707972959764
6600000.0,112.0,2.664211,6.0,57.0,Comedy,37710610.0,2011,5,2,17.44545207170206,15.702580358511794
150000000.0,113.0,10.665859,5.7,2383.0,Comedy,245527149.0,2012,5,2,19.31891808971552,18.826145858727198
65000000.0,83.0,7.446085,5.9,1789.0,Comedy,179379533.0,2012,5,2,19.00501442081376,17.989897843244528
225000000.0,106.0,10.684385,6.3,4228.0,Action,624026776.0,2012,5,2,20.25170383727199,19.23161096461314
170000000.0,127.0,18.751554,5.8,3183.0,Adventure,396600000.0,2012,5,2,19.798438776571402,18.951309000896888
12000000.0,93.0,3.78207,6.8,44.0,Comedy,1428291.0,2011,10,4,14.171989882770832,16.300417291085605
60000000.0,88.0,10.271517,6.4,379.0,Animation,118338361.0,2012,3,1,18.58905855364331,17.909855136853043
130000000.0,124.0,16.624854,6.3,5152.0,Science Fiction,403170142.0,2012,5,2,19.814869221880382,18.683045016112164
5000000.0,100.0,5.875181,6.5,325.0,Comedy,9206470.0,2012,4,2,16.035417164336046,15.424948670398354
10000000.0,100.0,4.163207,6.3,39.0,Drama,55089.0,2010,8,3,10.916723490466762,16.118095750958314
35000000.0,98.0,9.295078,5.3,402.0,Comedy,24159934.0,2012,2,1,17.000206240629918,17.370858648025116
16000000.0,94.0,8.692433,7.6,1701.0,Comedy,68263166.0,2012,5,2,18.038880896499002,16.588099342704055
1200000.0,122.0,3.174936,7.3,61.0,Thriller,16000000.0,2012,3,1,16.588099342704055,13.997832948091215
20000000.0,113.0,3.174512,5.8,63.0,War,17479.0,2011,4,2,9.768812649209526,16.811242881518265
12468389.0,97.0,6.116093,5.9,137.0,Comedy,29007412.0,2011,10,4,17.183061975975,16.33870719945715
20500000.0,109.0,6.087109,5.1,337.0,Drama,6063556.0,2012,5,2,15.617807149546055,16.835935492889124
40000000.0,91.0,5.446745,6.0,381.0,Drama,22044277.0,2012,3,1,16.908563625047098,17.50439003707821
14000000.0,93.0,1.36737,5.0,2.0,Drama,161001698.0,1997,2,1,18.89692547568809,16.454567959008102
750000.0,85.0,7.067494,6.8,562.0,Comedy,4007792.0,2012,6,2,15.203751273706514,13.527829818844937
145000000.0,93.0,13.829042,6.4,1857.0,Animation,746921274.0,2012,6,2,20.431470349323817,18.7922443072814
125000.0,90.0,10.850569,6.5,140.0,Drama,3200000.0,2011,9,3,14.978661680269907,11.736077016252437
185000000.0,93.0,15.876341,6.7,4760.0,Animation,538983207.0,2012,6,2,20.105194974399108,19.035866388448003
9000000.0,102.0,7.720692,5.0,155.0,Romance,8303261.0,2012,3,1,15.932159007606012,16.012735246411598
40000000.0,110.0,7.271503,5.8,611.0,Romance,79700000.0,2012,5,2,18.193780156307493,17.50439003707821
17000000.0,111.0,7.812646,5.6,564.0,Romance,73244881.0,2012,4,2,18.10931893311324,16.648723960844016
69000000.0,94.0,7.922636,5.5,1297.0,Action,112265139.0,2012,6,2,18.536373952997053,18.049617077054286
4600000.0,117.0,5.805666,5.9,63.0,Action,1163967.0,2010,6,2,13.96734541548669,15.341567078850604
12000000.0,145.0,4.482331,6.4,35.0,History,9622846.0,2012,6,2,16.079650724804473,16.300417291085605
75000000.0,123.0,12.558042,6.0,392.0,Comedy,59418613.0,2012,6,2,17.900118102247056,18.132998684833918
10000000.0,101.0,6.947533,6.3,713.0,Comedy,9636289.0,2012,6,2,16.08104673773934,16.118095750958314
50000000.0,106.0,19.638605,6.3,4811.0,Comedy,549368315.0,2012,6,2,20.1242796597768,17.72753358339242
7000000.0,110.0,8.732425,6.1,1062.0,Drama,167221571.0,2012,6,2,18.934830269431377,15.76142084987672
25000000.0,137.0,7.323283,5.5,312.0,Adventure,8784318.0,2012,5,2,15.988478758101182,17.034386422832473
215000000.0,136.0,31.102267,6.5,6734.0,Action,752215857.0,2012,6,2,20.438533885937286,19.186148590743098
95000000.0,88.0,13.26958,6.2,2731.0,Animation,877244782.0,2012,6,2,20.59229662541647,18.36938746009113
1800000.0,93.0,5.550496,6.8,411.0,Drama,21107746.0,2012,6,2,16.865150687458982,14.403297778421795
16000000.0,114.0,14.906621,6.6,206.0,Drama,12434778.0,2012,6,2,16.336007862645143,16.588099342704055
45000000.0,131.0,13.248022,6.2,784.0,Crime,82966152.0,2012,7,3,18.233943287409083,17.622173069956816
68000000.0,98.0,13.276971,5.3,899.0,Comedy,68267862.0,2012,7,3,18.038949686722027,18.035018277846262
8000000.0,91.0,4.68182,5.4,94.0,Comedy,1653792.0,2012,3,1,14.318581995584985,15.894952224644102
10000000.0,102.0,6.452069,6.4,433.0,Crime,3665069.0,2011,9,3,15.114357992711216,16.118095750958314
125000000.0,121.0,16.42635,5.8,2540.0,Action,198802074.0,2012,8,3,19.10782028975803,18.643824303266577
1.0,90.0,4.060122,5.1,73.0,Comedy,1378.0,2011,6,2,7.229113877793302,0.6931471805599453
200000000.0,143.0,20.309585,6.9,7718.0,Action,1108561013.0,2012,10,4,20.826328627454465,19.11382792951231
30000000.0,100.0,7.255301,5.8,287.0,Drama,114281051.0,2012,8,3,18.554171340744748,17.216707972959764
60000000.0,90.0,10.425038,6.7,808.0,Family,107139399.0,2012,8,3,18.48964134825207,17.909855136853043
22000000.0,94.0,10.225555,6.0,229.0,Comedy,77112176.0,2012,8,3,18.160771763805897,16.906553056777135
8000000.0,122.0,7.030308,6.7,68.0,Drama,49000000.0,2011,8,3,17.707330876483063,15.894952224644102
2000000.0,100.0,7.148558,5.5,225.0,Action,14400000.0,2012,8,3,16.48273883399067,14.508658238524095
35000000.0,91.0,5.654784,6.2,848.0,Crime,31083599.0,2012,8,3,17.25219090687176,17.370858648025116
26000000.0,115.0,7.968423,6.8,1055.0,Crime,53676580.0,2012,8,3,17.79848735634889,17.073607134447293
5000000.0,83.0,5.615205,4.1,319.0,Horror,8493728.0,2012,5,2,15.954838684472353,15.424948670398354
3000000.0,90.0,8.950643,5.1,195.0,Horror,3010.0,2012,2,1,8.010027528481734,14.914123179965662
14000000.0,92.0,7.286477,5.8,509.0,Horror,85446075.0,2012,8,3,18.263396044879872,16.454567959008102
25000000.0,154.0,7.594334,7.1,396.0,Comedy,48531470.0,2010,10,4,17.69772303206977,17.034386422832473
17000000.0,82.0,7.683008,4.5,140.0,Horror,9627492.0,2012,8,3,16.080133417587064,16.648723960844016
3000000.0,87.0,10.893224,5.3,457.0,Comedy,11947954.0,2012,8,3,16.296070691990323,14.914123179965662
6000000.0,96.0,6.089971,6.4,384.0,Drama,13231461.0,2012,9,3,16.398108036410544,15.607270193858982
17000000.0,112.0,11.03595,7.3,2310.0,Comedy,115350426.0,2012,9,3,18.563485244354386,16.648723960844016
20000000.0,93.0,11.112153,4.8,277.0,Action,16863583.0,2012,4,2,16.640667062087278,16.811242881518265
30000000.0,118.0,12.727269,6.6,4777.0,Action,47042000.0,2012,9,3,17.666551398915225,17.216707972959764
70000000.0,116.0,8.923755,5.5,460.0,Comedy,58058367.0,2012,6,2,17.876959407312786,18.064005814299346
2500000.0,85.0,9.291494,6.8,454.0,Science Fiction,3325038.0,2012,8,3,15.016991961326612,14.731801689838349
65000000.0,95.0,0.948759,5.6,1618.0,Action,240159255.0,2012,9,3,19.296812827909918,17.989897843244528
32000000.0,137.0,8.074218,7.0,720.0,Drama,28258060.0,2012,9,3,17.156889319986288,17.281246492014
50000000.0,95.0,12.1524,6.6,1971.0,Action,41037742.0,2012,9,3,17.530002762187795,17.72753358339242
12000000.0,100.0,5.808496,6.1,300.0,Drama,35485056.0,2012,9,3,17.384622236252458,16.300417291085605
7000000.0,109.0,7.45279,7.2,1186.0,Crime,48126384.0,2012,9,3,17.68934112937889,15.76142084987672
13000000.0,102.0,12.775679,7.7,3056.0,Drama,33400000.0,2012,9,3,17.32406648788705,16.380459992348886
3800000.0,115.0,8.462801,7.9,946.0,Drama,16800000.0,2012,8,3,16.636889503897294,15.150511887854474
250000.0,97.0,0.386717,5.5,3.0,Documentary,23859.0,2010,4,2,10.079958695651907,12.429220196836383
2000000.0,108.0,2.315249,7.1,39.0,Action,1620436.0,2012,1,1,14.298206423918165,14.508658238524095
14000000.0,116.0,2.24386,5.8,36.0,Drama,24637469.0,2012,8,3,17.01977901278636,16.454567959008102
14000000.0,119.0,11.535478,6.0,381.0,Thriller,13551174.0,2012,3,1,16.42198381739754,16.454567959008102
45000000.0,91.0,16.376482,6.1,2783.0,Action,376141306.0,2012,9,3,19.745475447242203,17.622173069956816
12500000.0,107.0,5.526878,5.4,244.0,Thriller,1353868.0,2012,9,3,14.118476977404463,16.341239282272525
8000000.0,137.0,8.168448,7.2,244.0,Drama,7594693.0,2012,3,1,15.842960403536107,15.894952224644102
6900000.0,101.0,8.513457,5.6,566.0,Horror,44287131.0,2012,9,3,17.606204718778976,15.747032114495013
2500000.0,87.0,1.221216,4.6,19.0,Documentary,33400000.0,2012,7,3,17.32406648788705,14.731801689838349
9500000.0,168.0,8.59498,7.7,190.0,Drama,12250.0,2012,5,2,9.41336284529417,16.066802461833923
947000.0,85.0,0.631309,5.2,5.0,Romance,1120000.0,1934,11,4,13.928840136128022,13.761055428133867
15400000.0,123.0,8.400049,7.1,438.0,Drama,25762027.0,2012,5,2,17.06441218280972,16.54987813231892
12000000.0,93.0,8.960713,6.5,88.0,Documentary,32726956.0,2012,6,2,17.303709669347302,16.300417291085605
39000000.0,87.0,10.296047,6.6,951.0,Animation,35287788.0,2012,10,4,17.37904754137928,17.479072229734946
3000000.0,110.0,12.490637,6.8,1611.0,Horror,77712439.0,2012,3,1,18.168525905482866,14.914123179965662
85000000.0,91.0,16.231945,6.8,2622.0,Animation,358375603.0,2012,9,3,19.69709216755181,18.258161826219297
44500000.0,120.0,14.238234,7.1,3473.0,Drama,232324128.0,2012,10,4,19.26364406234222,17.61099976960838
15000000.0,110.0,9.643538,6.7,1224.0,Comedy,19422261.0,2012,9,3,16.781930491902312,16.52356082573315
30000000.0,86.0,9.382577,4.8,135.0,Comedy,13521829.0,2011,4,2,16.419815974449012,17.216707972959764
1400000.0,320.0,9.777219,7.0,83.0,Action,4100000.0,2012,6,2,15.226497775576945,14.151983508870947
5000000.0,95.0,6.188286,5.2,574.0,Horror,142817992.0,2012,10,4,18.77708160133281,15.424948670398354
45000000.0,101.0,8.279285,5.1,303.0,Action,30353232.0,2012,10,4,17.22841359368449,17.622173069956816
102000000.0,172.0,13.494246,6.6,3031.0,Drama,130482868.0,2012,10,4,18.686752504079443,18.440483381052466
20000000.0,94.0,5.745206,5.1,435.0,Thriller,52302796.0,2012,10,4,17.77256040752867,16.811242881518265
2500000.0,100.0,1.659692,6.7,23.0,Drama,352810.0,2009,2,1,12.773687781767036,14.731801689838349
15000000.0,97.0,6.777326,5.8,751.0,Crime,37930465.0,2012,9,3,17.451265199379225,16.52356082573315
1000000.0,98.0,5.760319,6.6,183.0,Drama,9138338.0,2012,5,2,16.02798919825047,13.815511557963774
500000.0,85.0,4.893812,6.3,88.0,Drama,376597.0,2012,9,3,12.838933584516631,13.122365377402328
165000000.0,108.0,13.697597,7.1,4656.0,Family,471222889.0,2012,11,4,19.970841767220247,18.92145603792546
17000000.0,105.0,0.963345,5.3,1.0,Comedy,946461.0,1982,10,4,13.7604861009122,16.648723960844016
21000000.0,122.0,14.488111,7.0,4840.0,Drama,205738714.0,2012,9,3,19.142117547900593,16.860033043306743
31000000.0,138.0,10.973822,6.5,2449.0,Drama,161772375.0,2012,11,4,18.901700818717334,17.249497794707484
120000000.0,127.0,14.045042,7.2,5912.0,Adventure,609016565.0,2012,11,4,20.22735602727465,18.603002309079653
15000000.0,96.0,8.310945,5.2,369.0,Action,15608545.0,2012,11,4,16.563329142733707,16.52356082573315
2500000.0,98.0,2.942355,6.0,48.0,Action,3358.0,2011,11,4,8.119398589612294,14.731801689838349
35000000.0,96.0,7.759429,5.1,345.0,Action,2106557.0,2012,5,2,14.560565893846038,17.370858648025116
8900000.0,127.0,7.663947,7.5,413.0,Drama,29844753.0,2012,7,3,17.21151963696422,16.001561947061912
5000000.0,98.0,1.608163,5.5,12.0,Comedy,31649.0,2010,6,2,10.362493427572323,15.424948670398354
65000000.0,149.0,10.680331,6.7,1456.0,History,275293450.0,2012,11,4,19.433348181235623,17.989897843244528
120000000.0,115.0,26.080995,6.1,2641.0,Adventure,829000000.0,2012,11,4,20.535730714305842,18.603002309079653
65000000.0,93.0,5.627787,5.3,573.0,War,44806783.0,2012,11,4,17.617870114492494,17.989897843244528
145000000.0,97.0,10.943775,7.1,1981.0,Fantasy,306941670.0,2012,11,4,19.542168290757132,18.7922443072814
12000000.0,95.0,8.435294,5.6,228.0,Crime,66351.0,2012,11,4,11.102729182486163,16.300417291085605
10000000.0,118.0,6.79497,6.1,300.0,Drama,89237.0,2012,9,3,11.399062236820653,16.118095750958314
33000000.0,99.0,7.859968,6.7,679.0,Music,140470746.0,2012,7,3,18.760509818654416,17.312018149733785
30000000.0,125.0,3.835131,5.0,41.0,Adventure,108348.0,2011,7,3,11.593112777572584,17.216707972959764
250000000.0,169.0,23.253089,7.0,8427.0,Adventure,1021103568.0,2012,11,4,20.74414980976988,19.33697147982652
26350000.0,94.0,5.153138,4.9,69.0,Drama,1576687.0,2012,6,2,14.270837002363859,17.08697887090231
13000000.0,95.0,5.138409,5.6,14.0,Drama,1832541.0,2012,5,2,14.421214631989164,16.380459992348886
500000.0,84.0,1.162001,6.8,22.0,Drama,116207.0,2012,5,2,11.663136967845949,13.122365377402328
4437508.0,155.0,3.779077,7.2,84.0,Drama,2804874.0,2012,9,3,14.846869532666103,15.305603740932765
40000000.0,157.0,9.649303,6.7,1723.0,Thriller,132820716.0,2012,12,4,18.70451078434566,17.50439003707821
20000000.0,97.0,10.999209,5.6,223.0,Action,4636169.0,2012,8,3,15.349399152312177,16.811242881518265
35000000.0,97.0,10.430238,6.4,2698.0,Horror,116980662.0,2013,1,1,18.577519205598588,17.370858648025116
40000000.0,95.0,7.479014,5.4,287.0,Comedy,41863726.0,2012,12,4,17.549930305896922,17.50439003707821
60000000.0,130.0,12.789812,6.3,3046.0,Crime,218340595.0,2012,12,4,19.201566768500314,17.909855136853043
100000000.0,165.0,19.785025,7.8,10297.0,Drama,425368238.0,2012,12,4,19.86846579644804,18.420680753952364
35000000.0,134.0,11.418802,5.6,909.0,Comedy,88058786.0,2012,12,4,18.29351518349794,17.370858648025116
42000000.0,113.0,10.027434,7.0,2071.0,Thriller,180274123.0,2012,9,3,19.00998916151247,17.553180200057167
61000000.0,157.0,13.52408,7.2,1925.0,Drama,441809770.0,2012,12,4,19.906389965047964,17.926384438531027
20000000.0,112.0,2.688548,5.4,32.0,Drama,610792.0,2012,12,4,13.322513391881113,16.811242881518265
11000000.0,98.0,6.93228,6.4,141.0,Drama,59520298.0,2012,9,3,17.901827971998,16.213405921671733
5773100.0,98.0,4.290276,6.1,98.0,Drama,18144030.0,2010,5,2,16.713852194061946,15.568719929126477
25000000.0,104.0,11.746053,5.8,212.0,Comedy,119772232.0,2012,12,4,18.601102438817687,17.034386422832473
15000000.0,106.0,7.06378,6.0,246.0,Drama,8138788.0,2012,9,3,15.912151955412375,16.52356082573315
3730500.0,112.0,5.311336,5.7,110.0,Action,6294161.0,2012,9,3,15.655133095074108,15.132053098954252
2840000.0,133.0,3.611437,7.3,68.0,Drama,11620000.0,2012,9,3,16.268238395446556,14.859314962250004
20000000.0,92.0,7.214828,5.3,475.0,Horror,47241945.0,2013,1,1,17.67079274234846,16.811242881518265
60000000.0,113.0,8.581558,6.2,1805.0,Crime,105200903.0,2013,1,1,18.471382451386855,17.909855136853043
12000000.0,90.0,11.52128,5.2,69.0,Thriller,2521.0,2012,3,1,7.8328075165248645,16.300417291085605
20000000.0,105.0,13.132127,6.4,368.0,Thriller,1969193.0,2012,9,3,14.493134879938932,16.811242881518265
2500000.0,86.0,6.531373,5.4,523.0,Comedy,60141683.0,2013,1,1,17.912213736462856,14.731801689838349
15000000.0,100.0,16.018525,6.0,1452.0,Horror,146497771.0,2013,1,1,18.802520778114623,16.52356082573315
100000.0,96.0,8.003815,6.5,277.0,Drama,444098.0,2013,4,2,13.003802789532555,11.51293546492023
56000000.0,109.0,12.136158,5.7,601.0,Thriller,19701164.0,2013,1,1,16.79618832901553,17.840862266556567
6300000.0,101.0,4.38806,5.7,84.0,Thriller,419953.0,2012,2,1,12.947900460451857,15.656060350091908
3550000.0,124.0,2.700233,8.0,56.0,Drama,48000000.0,2011,5,2,17.6867115897055,15.0824584431417
6000000.0,90.0,10.895427,4.5,816.0,Comedy,32438988.0,2013,1,1,17.294871621497727,15.607270193858982
35000000.0,118.0,13.963892,5.7,1467.0,Action,46216641.0,2013,1,1,17.648850507639814,17.370858648025116
50000000.0,88.0,10.337211,5.7,3290.0,Fantasy,224803475.0,2013,1,1,19.230737138497716,17.72753358339242
13400000.0,100.0,1.223071,4.7,7.0,Action,16700000.0,2010,12,4,16.630919337267223,16.410765339548004
6500000.0,116.0,6.53667,6.5,308.0,Drama,2401510.0,2013,5,2,14.691608680547064,15.687312888712007
900000.0,97.0,0.489328,6.8,6.0,Documentary,25000.0,2011,9,3,10.12667110305036,13.710151153416941
60000000.0,104.0,7.37535,6.2,1094.0,Romance,8106475.0,2012,9,3,15.908173806380695,17.909855136853043
30000000.0,106.0,11.645847,6.4,1340.0,Thriller,63372757.0,2013,2,1,17.96454464252401,17.216707972959764
35000000.0,111.0,7.321172,5.6,1667.0,Comedy,173965010.0,2013,2,1,18.974364750751363,17.370858648025116
60000000.0,124.0,20.485203,5.6,1017.0,Fantasy,60052138.0,2013,2,1,17.910723726172282,17.909855136853043
92000000.0,98.0,12.471865,5.2,3519.0,Action,304654182.0,2013,2,1,19.534687865074936,18.33729914588288
13000000.0,93.0,11.29356,5.7,748.0,Comedy,48065672.0,2013,3,1,17.688078821256493,16.380459992348886
28000000.0,115.0,7.598422,6.9,840.0,Romance,97594140.0,2013,2,1,18.3963280188437,17.147715103853763
4000000.0,96.0,9.921433,5.1,45.0,Drama,911466.0,2011,9,3,13.722810668386229,15.201805169084134
1000000.0,115.0,6.373118,7.5,213.0,Documentary,444575.0,2012,8,3,13.004876297948588,13.815511557963774
11500000.0,114.0,12.887287,5.1,139.0,Thriller,1402307.0,2012,10,4,14.153630008611826,16.257857680289998
40000000.0,89.0,11.617481,5.7,337.0,Animation,74597643.0,2013,2,1,18.12761948290584,17.50439003707821
3000000.0,108.0,11.30324,7.3,583.0,Romance,11176469.0,2013,4,2,16.229321233436963,14.914123179965662
35000000.0,112.0,13.542675,5.8,1155.0,Thriller,42930462.0,2013,2,1,17.57509222514142,17.370858648025116
3500000.0,97.0,26.972326,6.1,668.0,Science Fiction,25174316.0,2013,2,1,17.041334866111498,15.068273812173887
300000.0,88.0,7.90622,7.0,113.0,Comedy,2750275.0,2012,7,3,14.827211828243025,12.611541086966115
195000000.0,114.0,11.606061,5.5,2634.0,Action,197687603.0,2013,2,1,19.102198585112838,19.088510121656228
5000000.0,88.0,5.874458,4.4,204.0,Horror,15179302.0,2013,2,1,16.535443413199076,15.424948670398354
130000000.0,110.0,10.560608,5.4,3045.0,Adventure,371876278.0,2013,3,1,19.734071773585985,18.683045016112164
12000000.0,99.0,7.222816,6.5,895.0,Drama,12077441.0,2013,2,1,16.30684997308081,16.300417291085605
10000000.0,99.0,6.651567,5.5,120.0,Thriller,1034589.0,2013,1,1,13.849515770933605,16.118095750958314
200000000.0,130.0,11.137329,5.7,3576.0,Fantasy,491868548.0,2013,3,1,20.013722061929226,19.11382792951231
135000000.0,98.0,14.757874,6.8,2447.0,Adventure,585178928.0,2013,3,1,20.18742821996849,18.72078534381011
225000.0,86.0,0.466236,7.1,7.0,Foreign,111300.0,2012,11,4,11.61999352194924,12.323860125621126
30000000.0,100.0,9.385769,5.3,732.0,Comedy,27437881.0,2013,3,1,17.127435171254,17.216707972959764
5000000.0,94.0,14.830235,5.0,1580.0,Drama,31724284.0,2013,1,1,17.272593033879705,15.424948670398354
5000000.0,90.0,6.757549,5.8,219.0,Comedy,11724119.0,2013,3,1,16.277158816175074,15.424948670398354
13000000.0,94.0,8.611077,6.6,1275.0,Crime,68572378.0,2013,3,1,18.043400373131508,16.380459992348886
70000000.0,120.0,10.978188,6.2,3010.0,Action,161025640.0,2013,3,1,18.897074171137636,18.064005814299346
15000000.0,140.0,7.492658,6.8,1689.0,Drama,35485608.0,2013,3,1,17.384637791975155,16.52356082573315
44000000.0,125.0,11.342024,6.0,1859.0,Action,63327201.0,2013,3,1,17.963825526243895,17.599700214609808
6000000.0,93.0,8.278079,5.0,52.0,Drama,5206.0,2011,1,1,8.557759153162898,15.607270193858982
13000000.0,107.0,10.098539,5.5,307.0,Comedy,18000000.0,2013,3,1,16.705882371415992,16.380459992348886
3900000.0,199.0,0.562097,6.7,10.0,Drama,4900000.0,2000,2,1,15.404745967162468,15.176487367510099
17000000.0,91.0,12.01525,6.4,1754.0,Horror,97542952.0,2013,4,2,18.395803382546983,16.648723960844016
20000000.0,101.0,7.876299,6.5,975.0,Thriller,24261569.0,2013,3,1,17.00440417496742,16.811242881518265
8500000.0,99.0,7.67857,5.7,284.0,Action,9747.0,2013,3,1,9.184817414745098,15.955576839107596
1200000.0,85.0,0.584397,3.9,7.0,Crime,1404.0,2000,6,2,7.247792581767846,13.997832948091215
120000000.0,124.0,14.654053,6.4,4862.0,Action,286168572.0,2013,4,2,19.47209161123061,18.603002309079653
25000000.0,113.0,5.405958,4.8,61.0,Thriller,432274.0,2012,3,1,12.97681723877299,17.034386422832473
40000000.0,128.0,11.637224,6.8,795.0,Drama,95020213.0,2013,4,2,18.369600205877955,17.50439003707821
5500000.0,116.0,4.711231,6.2,86.0,Comedy,10016934.0,2012,9,3,16.119787718604094,15.520258832020865
10000000.0,115.0,12.18812,6.9,459.0,Drama,3428048.0,2012,9,3,15.047501852646656,16.118095750958314
20000000.0,86.0,14.27281,4.6,813.0,Comedy,78378744.0,2013,4,2,18.177063338869882,16.811242881518265
25000000.0,130.0,9.218002,6.1,1595.0,Thriller,86175291.0,2013,4,2,18.27189405881519,17.034386422832473
1200000.0,114.0,1.472463,6.3,25.0,Drama,2861020.0,2013,4,2,14.866689112096186,13.997832948091215
3860000.0,130.0,8.959821,6.3,280.0,Action,64076736.0,2013,1,1,17.97559193870378,15.166178000508337
32000000.0,107.0,11.414048,6.2,2394.0,Action,126041322.0,2013,6,2,18.652120371465983,17.281246492014
200000000.0,130.0,23.721243,6.8,8951.0,Action,1215439994.0,2013,4,2,20.91837198398605,19.11382792951231
6200000.0,113.0,1.077252,6.9,22.0,Drama,4820000.0,2010,9,3,15.388284693495642,15.64006001130563
40000000.0,130.0,6.475665,5.9,77.0,Adventure,5446000.0,2011,12,4,15.510392135836831,17.50439003707821
10000000.0,130.0,7.881579,7.0,1080.0,Drama,21587700.0,2013,5,2,16.887634312337557,16.118095750958314
180000.0,85.0,0.437372,4.0,12.0,Horror,175742.0,2011,10,4,12.076777979576717,12.100717685412471
2500000.0,102.0,5.46567,4.4,91.0,Drama,3003.0,2012,2,1,8.007700012884026,14.731801689838349
105000000.0,143.0,17.598936,7.3,3885.0,Drama,351040419.0,2013,5,2,19.676411931495274,18.46947091764561
190000000.0,132.0,15.78129,7.4,4479.0,Action,467365246.0,2013,5,2,19.96262162343216,19.06253463538792
58000000.0,119.0,0.393865,6.1,1691.0,Comedy,44000000.0,2013,6,2,17.599700214609808,17.87595358575207
4800000.0,90.0,6.069475,5.6,886.0,Drama,10337387.0,2013,5,2,16.1512777839144,15.38412668421143
103000000.0,100.0,25.085639,6.0,2991.0,Comedy,362000072.0,2013,5,2,19.707154971447483,18.450239555902648
160000000.0,130.0,1.657637,6.7,5282.0,Action,788679850.0,2013,5,2,20.48587103093906,18.8906843794481
100000000.0,102.0,11.913405,6.4,1143.0,Animation,268426634.0,2013,5,2,19.408088194352818,18.420680753952364
11000000.0,130.0,9.166555,7.1,161.0,Drama,10631747.0,2013,5,2,16.179355177062718,16.213405921671733
31192.0,89.0,1.585713,6.3,26.0,Drama,10000.0,2009,9,3,9.210440366976517,10.347948989650975
1500000.0,101.0,9.981121,5.1,244.0,Horror,1165882.0,2012,9,3,13.9689892978047,14.220976332738882
23000000.0,118.0,7.339451,6.6,307.0,Drama,15600000.0,2013,5,2,16.562781536322326,16.951004817371683
2000000.0,89.0,8.367858,5.3,110.0,Horror,58510.0,2012,9,3,10.97697004973177,14.508658238524095
130000000.0,100.0,10.747642,5.0,2579.0,Science Fiction,243843127.0,2013,5,2,19.312035658464264,18.683045016112164
75000000.0,115.0,17.852022,7.3,5635.0,Thriller,117698894.0,2013,5,2,18.583640183911157,18.132998684833918
10000000.0,92.0,6.383512,6.0,234.0,Drama,1585582.0,2013,8,3,14.276462721006943,16.118095750958314
10000000.0,109.0,5.3584,6.4,132.0,Action,10759.0,2011,11,4,9.283590833715776,16.118095750958314
500000.0,93.0,5.411012,5.5,28.0,Thriller,1000000.0,2012,11,4,13.815511557963774,13.122365377402328
4600000.0,103.0,10.342737,7.1,695.0,Comedy,23198652.0,2013,6,2,16.959604774606145,15.341567078850604
225000000.0,143.0,18.538834,6.5,6462.0,Action,662845518.0,2013,6,2,20.312052517984124,19.23161096461314
35000000.0,90.0,6.651605,5.7,421.0,Comedy,21819348.0,2013,4,2,16.898307702910376,17.370858648025116
3000000.0,86.0,23.207663,6.0,2498.0,Science Fiction,89328627.0,2013,5,2,18.30783257677803,14.914123179965662
15000000.0,90.0,7.913029,5.3,1205.0,Drama,19145732.0,2013,6,2,16.767590428919558,16.52356082573315
200000000.0,104.0,16.267502,7.0,3622.0,Animation,743559607.0,2013,6,2,20.426959492809576,19.11382792951231
6000000.0,89.0,8.804658,5.9,322.0,Horror,31081.0,2012,12,4,10.344384152475557,15.607270193858982
180000000.0,131.0,33.949359,6.7,4903.0,Action,407602906.0,2013,7,3,19.82580399127956,19.00846741441004
13500000.0,124.0,8.995603,7.7,719.0,Drama,19255873.0,2013,1,1,16.773326715008597,16.41820031748273
200000000.0,116.0,26.114917,6.7,5683.0,Action,531865000.0,2013,6,2,20.091900257585234,19.11382792951231
115000000.0,109.0,15.232738,6.4,3510.0,Science Fiction,286140700.0,2013,8,3,19.471994209349184,18.560442695023177
6000000.0,93.0,8.535611,7.4,149.0,Drama,1066471.0,2013,5,2,13.879866562446693,15.607270193858982
76000000.0,98.0,24.82355,7.0,4729.0,Animation,970761885.0,2013,6,2,20.69359177064222,18.1462439114085
150000000.0,131.0,9.920223,6.3,1910.0,Action,205366737.0,2013,6,2,19.14030790466284,18.826145858727198
20000000.0,109.0,9.830382,6.7,1820.0,Comedy,46089287.0,2013,7,3,17.64609111654092,16.811242881518265
20000000.0,100.0,8.801032,5.9,587.0,Action,8352885.0,2013,5,2,15.9381176658537,16.811242881518265
43000000.0,117.0,12.706403,6.5,1595.0,Action,158674180.0,2013,6,2,18.882363481649868,17.57671069691365
255000000.0,149.0,12.729104,5.9,2361.0,Action,89289910.0,2013,7,3,18.307399060740746,19.35677410704427
2500000.0,95.0,8.098964,6.8,1074.0,Comedy,6854611.0,2013,8,3,15.740432268355502,14.731801689838349
4600000.0,186.0,4.342418,7.3,62.0,History,25000000.0,2013,7,3,17.034386422832473,15.341567078850604
130000000.0,96.0,9.369679,5.4,1280.0,Fantasy,61648500.0,2013,7,3,17.936959472599376,18.683045016112164
13000000.0,112.0,14.90169,7.4,3169.0,Horror,318000141.0,2013,7,3,19.57756238728523,16.380459992348886
135000000.0,96.0,8.979753,6.1,1094.0,Animation,282570682.0,2013,7,3,19.459439282564375,18.72078534381011
120000000.0,126.0,3.918287,6.3,4110.0,Action,415440673.0,2013,7,3,19.844850379875297,18.603002309079653
2000000.0,128.0,1.315237,7.1,24.0,Action,13500000.0,2009,10,4,16.41820031748273,14.508658238524095
61000000.0,109.0,13.336512,6.6,1611.0,Action,131940411.0,2013,8,3,18.69786095438562,17.926384438531027
2200000.0,105.0,1.789133,6.1,28.0,Comedy,208000000.0,2012,12,4,19.153048642473284,14.603968372873895
18000000.0,98.0,12.61244,7.0,1126.0,Comedy,99206215.0,2013,7,3,18.412711231582286,16.705882371415992
12400000.0,142.0,8.176134,7.3,745.0,Comedy,8371085.0,2013,5,2,15.940294183152913,16.333207111220425
250000.0,99.0,4.281631,4.1,75.0,Thriller,56825.0,2013,7,3,10.947749246454157,12.429220196836383
90000000.0,106.0,10.338222,5.9,1685.0,Adventure,174578751.0,2013,8,3,18.97788649866075,18.31532023940565
105000000.0,105.0,10.640864,5.5,711.0,Fantasy,347434178.0,2013,7,3,19.666085792078583,18.46947091764561
4000000.0,90.0,10.130541,6.5,184.0,Comedy,9800000.0,2013,7,3,16.097893045681612,15.201805169084134
5200000.0,99.0,6.700173,6.3,46.0,Science Fiction,2459895.0,1990,5,2,14.715629630592108,15.46416937585933
25000000.0,105.0,11.829231,5.8,295.0,Action,2054941.0,2013,7,3,14.53575818166989,17.034386422832473
37000000.0,110.0,18.474368,6.8,3053.0,Comedy,269994119.0,2013,8,3,19.41391073894773,17.426428497635523
80000000.0,100.0,9.411725,5.8,1180.0,Comedy,246984278.0,2013,7,3,19.324835244793366,18.197537205138154
28000000.0,103.0,13.570264,6.3,2275.0,Action,60700000.0,2013,7,3,17.921454272504192,17.147715103853763
38000000.0,119.0,9.596377,6.2,2066.0,Science Fiction,98337295.0,2013,9,3,18.403913923129114,17.453096744006448
50000000.0,91.0,11.604181,5.7,568.0,Animation,219788712.0,2013,8,3,19.208177247386885,17.72753358339242
7000000.0,87.0,0.861473,4.8,7.0,Horror,136203.0,1988,12,4,11.821909040841925,15.76142084987672
35000000.0,106.0,7.249581,5.6,358.0,Drama,13785015.0,2013,8,3,16.439092763121263,17.370858648025116
30000000.0,126.0,9.310866,7.7,720.0,Animation,117932401.0,2013,7,3,18.58562215387365,17.216707972959764
12000000.0,128.0,14.294019,6.0,1183.0,Drama,35931410.0,2013,8,3,17.397122429122966,16.300417291085605
60000000.0,130.0,14.336187,6.2,1649.0,Action,90565421.0,2013,8,3,18.32158304253502,17.909855136853043
25000000.0,132.0,11.061894,7.2,1134.0,Drama,115922175.0,2013,8,3,18.568429627367117,17.034386422832473
1000000.0,93.0,9.769134,6.4,232.0,Comedy,2963902.0,2013,8,3,14.902017538816722,13.815511557963774
12000000.0,123.0,11.213913,7.8,2140.0,Comedy,87100449.0,2013,8,3,18.2825726082847,16.300417291085605
18000000.0,141.0,4.19356,6.5,91.0,Romance,62000000.0,2013,8,3,17.9426449591384,16.705882371415992
27220000.0,105.0,12.388833,6.1,473.0,Thriller,5496951.0,2013,7,3,15.519704314769017,17.119462591925288
11000000.0,94.0,9.003792,4.9,229.0,Action,3639345.0,2013,9,3,15.107314553140606,16.213405921671733
50.0,98.0,0.825042,7.8,5.0,Action,83.0,1995,10,4,4.430816798843313,3.9318256327243257
16000000.0,120.0,4.136356,6.4,49.0,Action,11301649.0,2009,6,2,16.240459290722136,16.588099342704055
16000000.0,100.0,12.260159,6.1,296.0,Drama,318982.0,2013,4,2,12.672893088810888,16.588099342704055
5500000.0,115.0,6.507895,7.5,210.0,Comedy,99067206.0,2013,7,3,18.411309036364464,15.520258832020865
18000000.0,90.0,13.224288,4.9,248.0,Action,10501938.0,2013,8,3,16.167070464745628,16.705882371415992
105000000.0,91.0,18.50194,7.3,5879.0,Science Fiction,716392705.0,2013,9,3,20.38973904663613,18.46947091764561
11000000.0,93.0,10.841891,6.7,688.0,Drama,7847000.0,2013,9,3,15.87564197854684,16.213405921671733
46000000.0,153.0,11.96262,7.9,3183.0,Drama,122126687.0,2013,9,3,18.620569490135487,17.6441519761925
22000000.0,116.0,6.760321,6.5,731.0,Thriller,15400000.0,2013,12,4,16.54987813231892,16.906553056777135
4900000.0,97.0,8.076305,6.6,192.0,Comedy,2159041.0,2013,8,3,14.5851751627584,15.404745967162468
38000000.0,123.0,10.63552,7.7,2310.0,Drama,90247624.0,2013,9,3,18.318067839041525,17.453096744006448
30000000.0,111.0,8.047735,6.1,1052.0,Crime,36894225.0,2013,9,3,17.42356561980219,17.216707972959764
1500000.0,104.0,7.081404,5.5,348.0,Comedy,3566225.0,2013,7,3,15.087018451729053,14.220976332738882
5500000.0,140.0,1.250293,4.6,8.0,Comedy,47000000.0,2013,9,3,17.665658180950928,15.520258832020865
20000000.0,110.0,5.0739,5.9,89.0,Music,16549477.0,2013,9,3,16.621865118504427,16.811242881518265
11000000.0,82.0,1.305774,6.1,12.0,Comedy,1659542.0,1992,9,3,14.322052821225574,16.213405921671733
12000000.0,115.0,11.160699,7.4,648.0,Drama,17654912.0,2013,9,3,16.686524659549985,16.300417291085605
18000000.0,93.0,5.229975,6.7,86.0,Music,7972967.0,2013,9,3,15.891567377930862,16.705882371415992
7100000.0,144.0,2.78114,6.9,43.0,Crime,18000000.0,2013,2,1,16.705882371415992,15.775605482856605
30000000.0,91.0,8.864607,5.5,547.0,Crime,62616646.0,2013,9,3,17.952541727235708,17.216707972959764
4300000.0,179.0,4.938148,7.2,1114.0,Romance,10165694.0,2013,10,4,16.134529374571574,15.274125813221904
10000000.0,94.0,6.71518,5.8,128.0,History,653651.0,2013,10,4,13.390330378726777,16.118095750958314
1052753.0,120.0,2.934298,6.2,32.0,Action,466088.0,2013,5,2,13.052131881996527,13.866920145589503
78000000.0,95.0,14.412061,6.4,936.0,Animation,248384621.0,2013,9,3,19.330488997894644,18.17221939747438
55000000.0,134.0,13.776068,7.6,2495.0,Action,95000000.0,2013,10,4,18.36938746009113,17.822843761378564
12000000.0,107.0,9.251084,5.3,642.0,Action,15008161.0,2013,9,3,16.524104744412956,16.300417291085605
5000000.0,97.0,14.970485,6.8,628.0,Crime,9114264.0,2013,9,3,16.02535132652985,15.424948670398354
15000000.0,150.0,0.758985,2.6,5.0,Action,3250000.0,2008,10,4,14.99416586199818,16.52356082573315
8500000.0,96.0,5.590678,5.6,87.0,Comedy,22456509.0,2013,9,3,16.927091107845406,15.955576839107596
100000.0,86.0,8.328705,5.5,94.0,Horror,95000.0,2012,5,2,11.461642696843066,11.51293546492023
50000000.0,115.0,14.191611,6.7,1688.0,Action,122915111.0,2013,10,4,18.627004528734613,17.72753358339242
30000000.0,100.0,18.399055,5.8,1505.0,Drama,82394288.0,2013,10,4,18.227026684225343,17.216707972959764
28000000.0,128.0,10.850442,5.7,368.0,Drama,8555008.0,2013,10,4,15.962027517324243,17.147715103853763
25000000.0,117.0,14.723646,5.0,724.0,Thriller,71009334.0,2013,10,4,18.07832190523624,17.034386422832473
20000000.0,134.0,30.316249,7.9,3787.0,Drama,187000000.0,2013,10,4,19.046619180166456,16.811242881518265
9000000.0,106.0,12.74965,6.6,679.0,Action,6108720.0,2013,10,4,15.625227980266509,16.012735246411598
110000000.0,114.0,12.500305,6.6,2354.0,Science Fiction,125537191.0,2013,10,4,18.648112623230556,18.5159909328476
15000000.0,92.0,8.000867,6.0,688.0,Comedy,151831537.0,2013,10,4,18.838282161557444,16.52356082573315
170000000.0,112.0,34.905447,6.8,4873.0,Action,644571402.0,2013,10,4,20.28409616241487,18.951309000896888
5000000.0,117.0,14.785719,7.9,2973.0,Drama,55198285.0,2013,9,3,17.826442460040603,15.424948670398354
103000.0,104.0,5.194433,6.9,92.0,Drama,3623330.0,2012,9,3,15.102904326454833,11.542493975902508
55000000.0,91.0,7.713231,5.7,259.0,Animation,110000000.0,2013,10,4,18.5159909328476,17.822843761378564
28000000.0,105.0,9.157369,6.4,813.0,Comedy,134402450.0,2013,10,4,18.71634922249418,17.147715103853763
12000000.0,98.0,6.927182,7.4,588.0,Drama,100129872.0,2013,11,4,18.42197863133204,16.300417291085605
17000000.0,123.0,6.102021,6.7,110.0,Comedy,71625195.0,2013,11,4,18.08695746947013,16.648723960844016
2159280.0,80.0,8.651053,7.1,262.0,Drama,15298355.0,2013,10,4,16.543255929609,14.585285853876337
130000000.0,146.0,25.309139,7.4,6656.0,Adventure,847423452.0,2013,11,4,20.557711072195744,18.683045016112164
250000000.0,161.0,20.644776,7.6,4633.0,Adventure,958400000.0,2013,12,4,20.680775786368866,19.33697147982652
175000000.0,119.0,14.88937,5.9,1357.0,Drama,150962475.0,2013,12,4,18.832541860585877,18.980296537602072
26000000.0,105.0,13.548808,6.2,561.0,Comedy,51164106.0,2013,10,4,17.750548809013438,17.073607134447293
13000000.0,127.0,5.849716,6.9,142.0,Drama,18295.0,2012,9,3,9.814437735702617,16.380459992348886
150000000.0,102.0,24.248243,7.3,5440.0,Animation,1274219009.0,2013,11,4,20.96559928670034,18.826145858727198
11000000.0,105.0,10.838063,7.2,845.0,Drama,32935319.0,2013,10,4,17.310056196117213,16.213405921671733
100000000.0,180.0,16.382422,7.9,6768.0,Crime,392000694.0,2013,12,4,19.78677417071235,18.420680753952364
22000000.0,100.0,9.896704,6.4,898.0,Action,43058898.0,2013,11,4,17.578079480600074,16.906553056777135
35000000.0,141.0,11.318079,6.5,225.0,Drama,27330000.0,2013,12,4,17.123495594494077,17.370858648025116
25000000.0,121.0,6.954296,6.9,497.0,Comedy,74188937.0,2013,12,4,18.1221256134656,17.034386422832473
110000.0,165.0,1.104156,6.9,6.0,Fantasy,270000.0,2013,3,1,12.506180941677357,11.608244735642321
7000000.0,95.0,5.799861,6.0,71.0,Western,6147.0,2013,1,1,8.723882104658486,15.76142084987672
40000000.0,138.0,16.478036,6.8,2868.0,Drama,251171807.0,2013,12,4,19.341647756960775,17.50439003707821
90000000.0,114.0,8.684892,7.0,3213.0,Adventure,188133322.0,2013,12,4,19.052661434349236,18.31532023940565
23000000.0,126.0,13.829515,7.9,4215.0,Romance,47351251.0,2013,12,4,17.67310381864067,16.951004817371683
40000000.0,121.0,10.855502,7.4,1549.0,Action,149295601.0,2013,12,4,18.821438804607354,17.50439003707821
35000000.0,125.0,15.130888,7.3,1256.0,Comedy,112544580.0,2013,11,4,18.538859976667883,17.370858648025116
90000000.0,110.0,3.394928,5.3,52.0,Fantasy,16178959.0,2010,11,4,16.59922219064373,18.31532023940565
5000000.0,95.0,1.740242,4.8,14.0,Drama,388.0,2013,11,4,5.963579343618446,15.424948670398354
30000000.0,104.0,7.882353,5.9,632.0,Drama,4861022.0,2013,11,4,15.39675946755312,17.216707972959764
1.0,73.0,0.230075,6.0,3.0,Comedy,2755584.0,2012,3,1,14.829140319225774,0.6931471805599453
50000000.0,119.0,7.600751,6.0,940.0,Comedy,173649015.0,2013,12,4,18.972546670567613,17.72753358339242
39200000.0,126.0,14.131906,6.7,2910.0,Action,86758912.0,2013,8,3,18.27864371502934,17.484187330270895
4620000.0,115.0,0.546165,5.0,6.0,Drama,2395000.0,2012,11,4,14.6888942063636,15.345905479508115
14000000.0,87.0,6.891823,5.5,139.0,Comedy,11417362.0,2012,10,4,16.25064582484515,16.454567959008102
32000000.0,155.0,13.332387,7.2,365.0,Adventure,57284237.0,2013,12,4,17.863536065309898,17.281246492014
7200000.0,99.0,5.553737,6.3,23.0,Adventure,2300000.0,1987,7,3,14.648420115681892,15.789591722875162
1800000.0,93.0,0.474578,5.6,8.0,Action,532269.0,2013,1,1,13.184906158376668,14.403297778421795
40000000.0,113.0,11.655588,6.0,437.0,Comedy,44907260.0,2013,12,4,17.620110054560083,17.50439003707821
1500000.0,124.0,3.106495,6.2,53.0,Action,12000000.0,2004,8,3,16.300417291085605,14.220976332738882
5000000.0,84.0,8.898523,5.2,455.0,Horror,86362372.0,2014,1,1,18.27406264123244,15.424948670398354
1000000.0,104.0,10.766409,7.3,226.0,Drama,4235151.0,2013,9,3,15.258929776805557,13.815511557963774
12000000.0,106.0,4.726238,6.4,270.0,Drama,21026290.0,2014,1,1,16.86128416502975,16.300417291085605
2300000.0,107.0,1.050644,6.2,11.0,Comedy,4500000.0,2013,7,3,15.319588176962746,14.648420115681892
22000000.0,106.0,14.347931,6.0,127.0,Animation,24000000.0,2013,7,3,16.993564429978885,16.906553056777135
18000000.0,116.0,6.099421,6.7,277.0,Drama,22309223.0,2013,12,4,16.92051078319509,16.705882371415992
15000000.0,113.0,5.348746,5.3,180.0,Drama,21766271.0,2013,9,3,16.89587217371432,16.52356082573315
25000000.0,99.0,9.895752,6.1,867.0,Action,153997819.0,2014,1,1,18.852449004433552,17.034386422832473
60000000.0,105.0,11.234862,5.9,1194.0,Action,50549107.0,2014,1,1,17.73845585737991,17.909855136853043
85000000.0,139.0,21.572585,6.9,4784.0,Adventure,288747895.0,2014,3,1,19.481064533193642,18.258161826219297
50000000.0,105.0,10.409049,5.0,214.0,Adventure,48600000.0,2012,4,2,17.699134109446852,17.72753358339242
7000000.0,89.0,10.591125,4.4,218.0,Horror,36433975.0,2014,1,1,17.41101230384733,15.76142084987672
10000000.0,98.0,1.942945,4.7,15.0,Crime,22424195.0,1990,4,2,16.925651112423598,16.118095750958314
2000000.0,91.0,3.880541,5.5,38.0,Drama,48390.0,2014,5,2,10.787069125000578,14.508658238524095
3500000.0,79.0,8.138622,7.0,234.0,Animation,5155325.0,2014,2,1,15.45554091300689,15.068273812173887
7700000.0,159.0,4.262544,7.1,80.0,Romance,46000000.0,2013,5,2,17.6441519761925,15.856731016694035
3000000.0,111.0,0.808339,6.5,9.0,Comedy,13954476.0,2004,1,1,16.451310946643662,14.914123179965662
12516654.0,78.0,7.225779,7.6,148.0,Animation,8109160.0,2012,12,4,15.90850496821227,16.342570715415327
65000000.0,92.0,9.415817,5.1,701.0,Horror,71154592.0,2014,1,1,18.080365434176294,17.989897843244528
5000000.0,91.0,7.392294,5.9,99.0,Drama,75143.0,2014,3,1,11.227161551674351,15.424948670398354
18000000.0,111.0,6.108646,6.7,306.0,Drama,20275812.0,2013,12,4,16.82493925580547,16.705882371415992
33000000.0,105.0,6.839535,6.7,234.0,Adventure,9494789.0,2013,10,4,16.066253785080306,17.312018149733785
70000000.0,118.0,11.132411,5.8,1545.0,War,154984035.0,2014,1,1,18.858832676030932,18.064005814299346
60000000.0,100.0,16.418133,7.5,3127.0,Adventure,469160692.0,2014,2,1,19.96645589672451,17.909855136853043
120000000.0,102.0,10.246549,5.7,2385.0,Action,242688965.0,2014,1,1,19.307291206128102,18.603002309079653
35000000.0,110.0,6.966505,5.5,560.0,Action,17508518.0,2014,3,1,16.67819812044506,17.370858648025116
8500000.0,107.0,10.990614,5.9,383.0,Drama,770706.0,2014,1,1,13.555063554376972,15.955576839107596
20000000.0,103.0,8.757277,6.7,555.0,Drama,34077920.0,2014,2,1,17.34416025454347,16.811242881518265
60000000.0,118.0,7.363527,6.0,501.0,Drama,30800231.0,2014,2,1,17.243032780382965,17.909855136853043
4000000.0,118.0,13.784411,6.5,346.0,Drama,2365467.0,2014,4,2,14.676486446166447,15.201805169084134
20000000.0,171.0,0.304988,3.6,8.0,Science Fiction,5000000.0,2008,7,3,15.424948670398354,16.811242881518265
12500000.0,100.0,9.543004,6.0,217.0,Comedy,49002684.0,2014,2,1,17.707385650492025,16.341239282272525
30000000.0,99.0,14.442048,8.0,4644.0,Comedy,174600318.0,2014,2,1,18.978010028401325,17.216707972959764
8000000.0,94.0,8.060403,6.1,1020.0,Comedy,26049082.0,2014,1,1,17.075493124008553,15.894952224644102
165000000.0,169.0,32.213481,8.1,11187.0,Adventure,675120017.0,2014,11,4,20.330401037475912,18.92145603792546
28000000.0,113.0,17.861119,6.0,896.0,Action,52597999.0,2014,2,1,17.778188654171366,17.147715103853763
50000000.0,106.0,19.650229,6.8,2302.0,Action,222809600.0,2014,1,1,19.221828157548554,17.72753358339242
110000000.0,102.0,12.904677,6.1,2438.0,Action,337580051.0,2014,3,1,19.637313231262606,18.5159909328476
145000000.0,92.0,9.493838,6.7,861.0,Animation,272912430.0,2014,2,1,19.42466153612519,18.7922443072814
13300000.0,108.0,6.707974,6.0,1118.0,Thriller,5380251.0,2014,3,1,15.498245771189701,16.40327466837995
66000000.0,130.0,18.271383,6.1,1560.0,Action,203277636.0,2014,3,1,19.13008327254813,18.005165315142214
6000000.0,90.0,5.939334,6.3,210.0,Comedy,15071.0,2014,2,1,9.620593996816144,15.607270193858982
6000000.0,107.0,7.510159,6.5,482.0,Comedy,3485127.0,2014,3,1,15.064015330340151,15.607270193858982
9500000.0,88.0,5.847166,6.4,335.0,Comedy,7800000.0,2013,9,3,15.86963441986494,16.066802461833923
22000000.0,138.0,6.477292,5.9,83.0,Drama,67800064.0,2014,2,1,18.03207371161223,16.906553056777135
30000000.0,115.0,7.857666,6.4,365.0,Animation,17137302.0,2013,9,3,16.6567681075277,17.216707972959764
170000000.0,136.0,18.717704,7.6,5881.0,Action,714766572.0,2014,3,1,20.387466576026245,18.951309000896888
125000000.0,139.0,14.924487,5.5,2408.0,Drama,362637473.0,2014,3,1,19.708914198986903,18.643824303266577
290000.0,85.0,0.140491,7.7,3.0,Adventure,596000.0,1928,4,2,13.297997623898429,12.577639650232573
5000000.0,93.0,9.067788,6.2,355.0,Horror,13809.0,2014,4,2,9.533148246403337,15.424948670398354
70000000.0,99.0,6.599539,4.4,542.0,Action,61279452.0,2014,1,1,17.93095515711656,18.064005814299346
50000000.0,112.0,7.244956,6.2,318.0,Comedy,80383290.0,2014,3,1,18.20231688916784,17.72753358339242
25500000.0,128.0,14.934555,6.0,175.0,Thriller,2415472.0,2013,8,3,14.69740568510415,17.05418904934434
1500000.0,90.0,5.875708,6.1,65.0,Comedy,1938.0,2012,10,4,7.569927655242652,14.220976332738882
200000.0,98.0,6.322844,5.1,253.0,Horror,17834867.0,2014,4,2,16.69666597557028,12.206077645517674
25000000.0,109.0,5.596449,6.5,309.0,Drama,28831145.0,2014,4,2,17.17696681908471,17.034386422832473
4500000.0,150.0,8.434884,7.6,832.0,Action,2627209.0,2014,3,1,14.781433004566741,15.319588176962746
200000000.0,142.0,26.23687,6.5,4274.0,Action,705717432.0,2014,4,2,20.374725478797583,19.11382792951231
5000000.0,104.0,8.698043,6.3,1079.0,Horror,44030246.0,2013,9,3,17.600387387527693,15.424948670398354
17000000.0,113.0,6.097499,5.9,242.0,Drama,29789000.0,2014,3,1,17.20964978938396,16.648723960844016
33000000.0,112.0,19.628834,5.8,669.0,Fantasy,49100000.0,2014,2,1,17.709369613131347,17.312018149733785
103000000.0,102.0,8.18534,6.3,997.0,Animation,500188435.0,2014,3,1,20.030495457388053,18.450239555902648
100000000.0,119.0,9.730176,5.9,2339.0,Thriller,103039258.0,2014,4,2,18.45062062891247,18.420680753952364
12000000.0,99.0,7.88371,6.1,234.0,Drama,101332962.0,2014,4,2,18.433922316090445,16.300417291085605
40000000.0,109.0,9.389354,6.2,1467.0,Comedy,196781193.0,2014,4,2,19.09760297907329,17.50439003707821
28000000.0,90.0,7.482959,5.7,628.0,Action,68896829.0,2014,4,2,18.04812072621718,17.147715103853763
2000000.0,85.0,12.792394,6.9,780.0,Drama,4635300.0,2014,4,2,15.349211695542364,14.508658238524095
130000000.0,105.0,12.204174,5.2,1294.0,Action,117831631.0,2014,2,1,18.584767316056137,18.683045016112164
18000000.0,96.0,11.90575,6.2,2773.0,Comedy,268157400.0,2014,5,2,19.407084683236086,16.705882371415992
750000.0,102.0,0.950176,3.8,17.0,Thriller,3000000.0,1977,2,1,14.914123179965662,13.527829818844937
10900000.0,105.0,13.454169,7.2,230.0,Drama,16505460.0,2013,9,3,16.61920185380939,16.204273438942487
16000000.0,117.0,6.985915,6.2,256.0,Drama,5867686.0,2013,7,3,15.584971076672407,16.588099342704055
1400000.0,103.0,3.143929,7.0,61.0,Action,3500000.0,2008,9,3,15.068273812173887,14.151983508870947
5000000.0,98.0,6.127302,5.5,122.0,Comedy,10429707.0,2014,3,1,16.160168830420147,15.424948670398354
40000000.0,89.0,36.447603,6.3,6048.0,Action,126546825.0,2014,7,3,18.65612296364522,17.50439003707821
250000000.0,131.0,26.058586,7.5,6155.0,Action,747862775.0,2014,5,2,20.432730064563454,19.33697147982652
160000000.0,123.0,14.019239,6.1,3232.0,Action,529076069.0,2014,5,2,20.086642779106327,18.8906843794481
15000000.0,95.0,7.844705,5.8,561.0,Comedy,59209.0,2014,5,2,10.988845725525822,16.52356082573315
70000000.0,88.0,6.660309,5.8,45.0,Animation,18662027.0,2013,6,2,16.742001429150072,18.064005814299346
11000000.0,114.0,8.720309,7.2,1203.0,Comedy,45967935.0,2014,5,2,17.643454667927355,16.213405921671733
318000.0,85.0,8.93232,6.4,210.0,Horror,121179.0,2014,4,2,11.70503232249898,12.669809806411457
40000000.0,117.0,10.395472,6.6,1028.0,Comedy,123494610.0,2014,5,2,18.631708077452714,17.50439003707821
8000000.0,104.0,10.289628,7.3,1285.0,Comedy,63464861.0,2013,9,3,17.9659969563752,15.894952224644102
180000000.0,97.0,19.467404,7.0,4607.0,Fantasy,758539785.0,2014,5,2,20.44690580890392,19.00846741441004
178000000.0,113.0,31.982986,7.6,4979.0,Action,370541256.0,2014,5,2,19.73047535142669,18.997294113874336
150000000.0,131.0,17.836882,7.1,3274.0,Action,682330139.0,2015,7,3,20.34102417492696,18.826145858727198
25000000.0,124.0,9.453942,6.6,264.0,Drama,38307627.0,2014,5,2,17.461159598811122,17.034386422832473
12000000.0,125.0,16.274653,7.6,3868.0,Romance,307166834.0,2014,5,2,19.542901594425427,16.300417291085605
12700000.0,112.0,15.108283,6.7,109.0,Comedy,3430018.0,2014,5,2,15.048076358485382,16.357112630168974
17500000.0,93.0,5.346121,5.8,16.0,Drama,7018189.0,2013,11,4,15.764015907999063,16.677711496036597
19700000.0,89.0,6.583428,6.6,128.0,Animation,30000000.0,2013,11,4,17.216707972959764,16.796129244469636
3512454.0,95.0,0.110065,7.0,20.0,Drama,115860.0,2013,3,1,11.660146475719875,15.071825781154171
4357373.0,99.0,10.860471,6.5,202.0,Thriller,1200000.0,2013,10,4,13.997832948091215,15.287380140295596
500000.0,87.0,1.946823,3.8,20.0,Comedy,500000.0,2012,6,2,13.122365377402328,13.122365377402328
50000000.0,112.0,10.901496,7.0,3375.0,Crime,188441614.0,2014,6,2,19.054298782126615,17.72753358339242
6000000.0,111.0,7.217205,7.4,201.0,Drama,5809330.0,2014,1,1,15.574975975898766,15.607270193858982
55000000.0,132.0,17.618057,7.1,2997.0,Thriller,192330738.0,2014,9,3,19.074727046978456,17.822843761378564
145000000.0,102.0,12.256689,7.6,3163.0,Fantasy,609123048.0,2014,6,2,20.227530856167757,18.7922443072814
18000000.0,119.0,18.193263,7.4,4657.0,Drama,103215094.0,2014,8,3,18.45232566969526,16.705882371415992
4141459.0,87.0,5.109329,5.6,103.0,Drama,201607.0,2011,6,2,12.214080496931702,15.236558940637462
4000000.0,164.0,6.430591,7.5,2008.0,Drama,44349000.0,2014,6,2,17.60760074109976,15.201805169084134
24000000.0,105.0,7.576924,6.3,229.0,Comedy,70181428.0,2014,6,2,18.066594289838516,16.993564429978885
40000000.0,134.0,6.447072,6.8,257.0,Music,67347013.0,2014,6,2,18.025369124277294,17.50439003707821
210000000.0,165.0,18.495599,5.8,3136.0,Science Fiction,1091405097.0,2014,6,2,20.810731783770184,19.162618093443648
50000000.0,83.0,7.579855,5.8,286.0,Animation,151165787.0,2014,7,3,18.833887726265555,17.72753358339242
5900000.0,94.0,1.840891,4.7,34.0,Comedy,23000000.0,2014,6,2,16.951004817371683,15.59046307836746
20000000.0,97.0,7.359522,5.0,508.0,Comedy,100525432.0,2014,7,3,18.42592131812456,16.811242881518265
2000000.0,93.0,8.832788,6.5,1890.0,Drama,6676471.0,2014,5,2,15.714100262283237,14.508658238524095
2200000.0,121.0,6.313465,6.6,105.0,Drama,282358.0,2014,6,2,12.55093458992501,14.603968372873895
3300000.0,105.0,64.29999,8.3,4376.0,Drama,13092000.0,2014,10,4,16.38751199098573,15.009433329466965
61000000.0,145.0,154.801009,7.9,6023.0,Mystery,369330363.0,2014,10,4,19.727202096859884,17.926384438531027
170000000.0,130.0,75.385211,7.3,4511.0,Science Fiction,710644566.0,2014,6,2,20.381682957006444,18.951309000896888
2900000.0,86.0,7.202832,5.5,173.0,Horror,74918.0,2013,3,1,11.224162808898203,14.88022163978423
18000000.0,94.0,7.69684,5.7,166.0,Comedy,25312387.0,2014,7,3,17.046804478129886,16.705882371415992
40000000.0,97.0,27.470696,5.2,1733.0,Comedy,126069509.0,2014,7,3,18.652343979470306,17.50439003707821
9000000.0,104.0,27.756026,6.6,2008.0,Horror,108782847.0,2014,7,3,18.50486423289969,16.012735246411598
170000000.0,121.0,53.291601,7.9,10014.0,Action,773328629.0,2014,7,3,20.466214652041472,18.951309000896888
4000000.0,95.0,8.536786,5.8,639.0,Thriller,600896.0,2014,3,1,13.306178817798324,15.201805169084134
90000000.0,127.0,14.753545,6.1,1830.0,Action,206172544.0,2014,8,3,19.144223973252547,18.31532023940565
100000000.0,99.0,19.606895,5.6,1707.0,Action,243400000.0,2014,7,3,19.310216742626164,18.420680753952364
15000000.0,121.0,10.432407,6.5,545.0,Thriller,31554855.0,2014,7,3,17.26723804952944,16.52356082573315
5500000.0,120.0,6.149295,6.4,304.0,Drama,5483299.0,2014,1,1,15.517217667461713,15.520258832020865
13000000.0,89.0,12.412221,5.7,294.0,Family,45300000.0,2014,6,2,17.628817612528316,16.380459992348886
45000000.0,112.0,8.588926,6.7,649.0,Romance,86165646.0,2014,7,3,18.271782129518925,17.622173069956816
2400000.0,90.0,5.486893,5.0,235.0,Romance,88273.0,2014,8,3,11.388200892496794,14.690979711984754
12250000.0,103.0,6.561373,6.1,295.0,Crime,2295423.0,2014,5,2,14.646428133868042,16.32103657658766
16800000.0,97.0,6.626077,6.5,749.0,Comedy,51029361.0,2014,7,3,17.747911750512458,16.636889503897294
22000000.0,122.0,14.466789,7.3,516.0,Drama,88880821.0,2014,8,3,18.302806951677724,16.906553056777135
176000003.0,124.0,21.463465,5.2,2816.0,Science Fiction,183987723.0,2015,2,1,19.03037959595625,18.9859945757297
125000000.0,101.0,22.337973,5.8,2677.0,Science Fiction,477200000.0,2014,8,3,19.983446250283592,18.643824303266577
25000000.0,94.0,12.472206,6.4,1859.0,Drama,66980456.0,2014,8,3,18.019911448239274,17.034386422832473
17000000.0,104.0,15.962793,6.4,1234.0,Comedy,136621271.0,2014,8,3,18.732723217720903,16.648723960844016
4000000.0,99.0,5.350658,5.6,139.0,Horror,9221.0,2013,9,3,9.129347212766652,15.201805169084134
15.0,110.0,6.792607,6.2,30.0,Music,122.0,2013,8,3,4.812184355372417,2.772588722239781
65000000.0,102.0,20.623642,6.3,1314.0,Crime,39407616.0,2014,8,3,17.489469680456413,17.989897843244528
11000000.0,106.0,9.659244,7.3,1415.0,Drama,78874843.0,2014,8,3,18.1833729010107,16.213405921671733
7000000.0,95.0,6.868022,6.8,327.0,Drama,6860853.0,2014,5,2,15.741342481749776,15.76142084987672
6500000.0,89.0,9.312354,4.6,365.0,Horror,13865435.0,2014,12,4,16.444909682624868,15.687312888712007
12000000.0,94.0,17.788579,5.5,144.0,Comedy,265452.0,2013,9,3,12.489193079511338,16.300417291085605
5000000.0,93.0,10.846585,6.1,788.0,Horror,40100000.0,2014,8,3,17.50688691721445,15.424948670398354
5000000.0,99.0,6.441964,6.5,661.0,Mystery,2367161.0,2014,9,3,14.677202327218778,15.424948670398354
22000000.0,92.0,14.921298,6.2,672.0,Mystery,15447154.0,2014,9,3,16.552935401956915,16.906553056777135
5000000.0,99.0,1.845554,3.9,15.0,Drama,846704.0,2014,9,3,13.649107624892252,15.424948670398354
50000000.0,89.0,9.092925,5.8,829.0,Action,160602194.0,2014,8,3,18.894441026880422,17.72753358339242
28000000.0,137.0,8.808328,5.8,218.0,Drama,1749201.0,2013,9,3,14.37467024190008,17.147715103853763
1000000.0,87.0,6.107378,5.4,261.0,Horror,9318.0,2014,9,3,9.139810605785655,13.815511557963774
12600000.0,106.0,11.695036,6.7,859.0,Drama,19054534.0,2014,9,3,16.762815688948518,16.349207451286784
34000000.0,113.0,76.93789,7.0,5540.0,Action,348319861.0,2014,9,3,19.668631759263018,17.341871111992198
13200000.0,83.0,24.644321,5.6,182.0,Crime,53830415.0,2014,9,3,17.801349218539976,16.395727463314174
1000000.0,117.0,11.153327,6.7,395.0,Drama,59744.0,2014,10,4,10.997840784283854,13.815511557963774
28000000.0,113.0,14.914924,6.2,1145.0,Crime,53181600.0,2014,9,3,17.789223048628738,17.147715103853763
5000000.0,107.0,11.127162,6.1,100.0,Romance,7527232.0,2014,9,3,15.834038068765413,15.424948670398354
5000000.0,101.0,3.711772,6.5,45.0,Drama,40400.0,2013,10,4,10.606609816118151,15.424948670398354
16000000.0,122.0,7.375146,6.4,262.0,Western,3442853.0,2014,5,2,15.051811336542082,16.588099342704055
15000000.0,108.0,13.310556,6.0,645.0,Crime,32556119.0,2014,8,3,17.29847592737878,16.52356082573315
60000000.0,97.0,11.563909,6.6,689.0,Animation,108255770.0,2014,9,3,18.50000723520414,17.909855136853043
49300000.0,137.0,7.566053,8.0,350.0,Animation,24186232.0,2013,11,4,17.001294144953327,17.713434659296894
19800000.0,103.0,11.313659,6.5,512.0,Drama,41296320.0,2014,9,3,17.536283974060265,16.801192546169812
58800000.0,133.0,19.228561,7.4,4600.0,War,542307423.0,2014,12,4,20.111343601557156,17.889652429875657
2800000.0,102.0,6.820925,5.1,374.0,Comedy,1826705.0,2014,9,3,14.418024902870975,14.845130332288226
6500000.0,99.0,23.242452,5.5,1588.0,Horror,255273813.0,2014,10,4,19.35784730742505,15.687312888712007
70000000.0,92.0,16.316318,6.2,2439.0,Horror,215529201.0,2014,10,4,19.18860696644833,18.064005814299346
18000000.0,93.0,16.219485,4.6,218.0,Thriller,266586800.0,2014,8,3,19.401210455856134,16.705882371415992
25000000.0,99.0,5.955203,5.1,74.0,Fantasy,6399.0,2013,12,4,8.764053269347762,17.034386422832473
5500000.0,97.0,10.524204,7.3,1971.0,Science Fiction,3000000.0,2014,8,3,14.914123179965662,15.520258832020865
26000000.0,117.0,8.196975,7.2,777.0,Drama,35926213.0,2014,10,4,17.396977781981928,17.073607134447293
20000000.0,101.0,183.870374,7.0,5499.0,Action,88761661.0,2014,10,4,18.30146538050411,16.811242881518265
50000000.0,141.0,17.887943,7.2,1433.0,Drama,83719388.0,2014,10,4,18.242981157378797,17.72753358339242
68000000.0,135.0,36.713807,7.4,4028.0,War,211817906.0,2014,10,4,19.171237534299916,18.035018277846262
10500000.0,100.0,8.253705,6.2,285.0,Drama,42070000.0,2014,5,2,17.55484547933661,16.166885910365842
13000000.0,102.0,13.655752,7.1,770.0,Comedy,54837234.0,2014,10,4,17.819879991985392,16.380459992348886
28000000.0,81.0,7.861004,6.1,502.0,Family,100654149.0,2014,10,4,18.427200941192112,17.147715103853763
16000000.0,110.0,11.519053,3.7,396.0,Thriller,19682924.0,2014,10,4,16.795262066593107,16.588099342704055
5000000.0,89.0,13.288564,4.9,1006.0,Horror,103590271.0,2014,10,4,18.455953983766914,15.424948670398354
8500000.0,117.0,21.277073,7.6,3475.0,Crime,38697217.0,2014,10,4,17.471278269111156,15.955576839107596
9000000.0,82.0,0.030576,3.7,5.0,Animation,1964253.0,1988,10,4,14.490623087436656,16.012735246411598
165000000.0,102.0,213.849907,7.8,6289.0,Adventure,652105443.0,2014,10,4,20.2957168307414,18.92145603792546
4000000.0,105.0,11.127717,7.1,255.0,Mystery,5169755.0,2014,9,3,15.458336050013042,15.201805169084134
50000000.0,95.0,10.337994,7.3,778.0,Romance,97437106.0,2014,10,4,18.39471767141942,17.72753358339242
15000000.0,108.0,14.14078,7.6,4862.0,Drama,36869414.0,2015,1,1,17.422892903526275,16.52356082573315
10000000.0,100.0,8.406056,5.0,50.0,Action,22896728.0,2008,2,1,16.946504619894142,16.118095750958314
3600000.0,120.0,4.645724,6.7,53.0,Drama,24267.0,2012,4,2,10.096913889062188,15.096444681204078
24000000.0,134.0,8.10357,6.5,965.0,Drama,12096300.0,2014,5,2,16.308410261351103,16.993564429978885
8000000.0,106.0,6.842107,5.9,156.0,Horror,9630444.0,2013,8,3,16.080439992467834,15.894952224644102
80000000.0,87.0,8.883866,5.2,136.0,Animation,126546518.0,2013,12,4,18.656120537662822,18.197537205138154
22361.0,96.0,0.673247,5.3,5.0,Foreign,721651.0,2011,8,3,13.48929830721846,10.015118368707313
30000000.0,131.0,0.595196,5.7,93.0,War,68129518.0,2013,10,4,18.036921142692638,17.216707972959764
14000000.0,113.0,31.59594,8.0,5895.0,History,233555708.0,2014,11,4,19.268931189058076,16.454567959008102
20000000.0,148.0,13.52638,6.5,852.0,Comedy,11110975.0,2014,12,4,16.223444006542213,16.811242881518265
125000000.0,123.0,147.098006,6.6,5767.0,Science Fiction,752100229.0,2014,11,4,20.438380157606982,18.643824303266577
140000000.0,150.0,16.320249,5.6,1957.0,Adventure,268031828.0,2014,12,4,19.40661629634851,18.757152987716434
40000000.0,110.0,15.402597,5.4,1140.0,Comedy,169837010.0,2014,11,4,18.950349776287783,17.50439003707821
5000000.0,90.0,1.962873,5.1,26.0,Horror,1189612.0,2014,2,1,13.989138602111412,15.424948670398354
15000000.0,123.0,11.85302,7.8,3403.0,Drama,123726688.0,2014,11,4,18.633585569951723,16.52356082573315
560000.0,102.0,1.572904,6.4,11.0,Romance,1500000.0,2008,1,1,14.220976332738882,13.235693848424024
36000000.0,107.0,8.268684,6.7,98.0,Family,52424533.0,2014,9,3,17.774885245823864,17.399029524198163
15000000.0,115.0,6.617708,6.3,134.0,Drama,30127963.0,2014,8,3,17.220964334976603,16.52356082573315
1300000.0,132.0,2.831069,6.8,41.0,Drama,16000000.0,2013,4,2,16.588099342704055,14.077875591662238
6500000.0,120.0,11.365247,5.7,59.0,Action,3721345.0,2013,11,4,15.12959598876237,15.687312888712007
20000000.0,142.0,1.889519,6.7,21.0,Science Fiction,31244858.0,2008,8,3,17.2573654086131,16.811242881518265
7000000.0,116.0,6.293515,7.0,139.0,Romance,14618727.0,2014,9,3,16.49781400439686,15.76142084987672
100000000.0,122.0,11.696923,6.5,1300.0,Thriller,93820758.0,2015,11,4,18.35689670079136,18.420680753952364
150000000.0,124.0,32.790475,6.5,8842.0,Action,1513528810.0,2015,6,2,21.137709722254115,18.826145858727198
800000.0,100.0,1.049484,6.6,6.0,Romance,4214668.0,2010,5,2,15.254081617271654,13.592368256649284
42000000.0,108.0,20.903362,6.1,1575.0,Comedy,107670357.0,2014,11,4,18.494584876760833,17.553180200057167
79000.0,136.0,0.449582,6.8,10.0,Fantasy,170000.0,2013,10,4,12.04355959836804,11.277215789596893
132000000.0,92.0,22.201607,6.5,1375.0,Family,373552094.0,2014,11,4,19.738568030722654,18.6983124881264
9000000.0,121.0,10.763583,6.5,119.0,Drama,21571189.0,2014,9,3,16.88686918606008,16.012735246411598
22500000.0,112.0,9.615664,6.8,439.0,War,15520023.0,2014,12,4,16.557641619109905,16.929025911619092
5000000.0,99.0,8.823253,7.5,1126.0,Drama,43884652.0,2014,12,4,17.597075226947357,15.424948670398354
55000000.0,95.0,15.686837,7.0,899.0,Family,259207227.0,2014,11,4,19.37313840785606,17.822843761378564
61000000.0,132.0,41.225769,6.5,3148.0,Action,311256926.0,2015,9,3,19.55612926091723,17.926384438531027
6600000.0,124.0,8.151346,6.7,267.0,Drama,1851517.0,2014,8,3,14.4315164011357,15.702580358511794
7000000.0,170.0,5.921772,6.7,41.0,Drama,1310673.0,2013,2,1,14.08605206668242,15.76142084987672
5000000.0,112.0,13.524048,6.6,359.0,Thriller,2450846.0,2014,10,4,14.71194423706121,15.424948670398354
4000000.0,92.0,2.999052,5.9,43.0,Drama,350006.0,2013,10,4,12.7657084332656,15.201805169084134
250000000.0,144.0,31.718977,7.1,4884.0,Action,956019788.0,2014,12,4,20.678289170592233,19.33697147982652
20000000.0,127.0,7.107071,7.4,835.0,History,66787908.0,2014,12,4,18.017032619129843,16.811242881518265
65000000.0,137.0,10.543955,7.3,1437.0,Drama,163442937.0,2014,12,4,18.911974484327736,17.989897843244528
400000.0,96.0,0.99099,5.7,10.0,Comedy,7888102.0,2003,4,2,15.880866232988687,12.899222326086994
20000000.0,85.0,5.219667,5.8,74.0,Animation,27187375.0,2013,7,3,17.118263305883236,16.811242881518265
1000000.0,99.0,6.039895,6.9,258.0,Horror,395000.0,2014,1,1,12.886643575525625,13.815511557963774
4900000.0,138.0,14.876086,8.2,734.0,Drama,3494070.0,2014,5,2,15.066578090019194,15.404745967162468
20000000.0,125.0,17.187708,6.5,550.0,Crime,12007070.0,2014,12,4,16.30100628421266,16.811242881518265
15000000.0,115.0,11.209154,7.0,961.0,Drama,52501541.0,2014,12,4,17.776353098559092,16.52356082573315
10000000.0,105.0,7.412826,6.8,1236.0,Drama,28883511.0,2014,12,4,17.17878147124361,16.118095750958314
50000000.0,125.0,9.580785,5.6,1688.0,Fantasy,212902372.0,2014,12,4,19.17634427587956,17.72753358339242
44000000.0,112.0,14.526049,6.1,2340.0,Action,12342632.0,2014,12,4,16.328569924831857,17.599700214609808
81000000.0,130.0,28.224212,7.6,6069.0,Crime,414351546.0,2015,1,1,19.842225318810943,18.20995972498239
127000000.0,97.0,19.539436,6.1,1893.0,Adventure,349424282.0,2014,12,4,19.671797452390663,18.65969765229688
25000000.0,106.0,2.503594,6.7,51.0,Comedy,53213633.0,2011,4,2,17.789825199673714,17.034386422832473
95000000.0,102.0,15.297821,5.2,980.0,Adventure,114178613.0,2014,12,4,18.553274569698388,18.36938746009113
2500000.0,118.0,0.880482,3.6,6.0,Comedy,4684165.0,2007,8,3,15.359698442866817,14.731801689838349
14000000.0,94.0,0.964715,4.0,2.0,Fantasy,9216.0,2007,8,3,9.128804883993665,16.454567959008102
65000000.0,119.0,13.275529,6.0,472.0,Comedy,133821816.0,2014,12,4,18.712019749167283,17.989897843244528
13000000.0,153.0,12.58752,7.7,262.0,Comedy,120000000.0,2014,12,4,18.603002309079653,16.380459992348886
65000000.0,87.0,6.693589,2.3,28.0,Animation,73706.0,2012,6,2,11.207853053314365,17.989897843244528
750000.0,160.0,1.908761,8.1,23.0,Crime,12000000.0,2013,12,4,16.300417291085605,13.527829818844937
49000000.0,120.0,30.206365,6.6,3124.0,Crime,104399548.0,2015,3,1,18.46373591348011,17.707330876483063
7500000.0,101.0,5.636855,6.4,90.0,Drama,1359910.0,2013,10,4,14.122929814394396,15.830413711839864
48000000.0,109.0,18.081483,6.1,2225.0,Thriller,325771424.0,2014,12,4,19.601706543103397,17.6867115897055
70000000.0,133.0,14.932368,5.1,842.0,Crime,17752940.0,2015,1,1,16.69206175030145,18.064005814299346
155000000.0,126.0,30.188198,5.8,3677.0,Science Fiction,440603537.0,2015,6,2,19.903656022259423,18.858935681335133
1000000.0,90.0,6.942139,5.0,389.0,Thriller,26501323.0,2014,12,4,17.09270525197253,13.815511557963774
26000000.0,127.0,5.653476,4.9,71.0,Thriller,34592118.0,2014,1,1,17.359136439516913,17.073607134447293
13000000.0,105.0,5.892524,4.8,156.0,Documentary,98441954.0,2011,2,1,18.40497764310301,16.380459992348886
10.0,99.0,5.192042,4.9,120.0,Horror,10000000.0,2013,9,3,16.118095750958314,2.3978952727983707
10500000.0,90.0,11.003515,5.6,136.0,Animation,23000000.0,2012,8,3,16.951004817371683,16.166885910365842
3000000.0,100.0,5.317284,4.6,59.0,Horror,1675381.0,2013,9,3,14.331551756941137,14.914123179965662
2000000.0,100.0,20.359336,6.6,1894.0,Horror,14674076.0,2015,2,1,16.50159302561862,14.508658238524095
9000000.0,94.0,1.80809,6.1,19.0,Fantasy,26055.0,1991,11,4,10.16800334695607,16.012735246411598
9000000.0,120.0,7.453745,6.5,56.0,Action,48965210.0,2013,1,1,17.706620624328195,16.012735246411598
600000.0,109.0,7.165079,6.3,17.0,Romance,809000.0,1979,7,3,13.603555432133808,13.304686600863562
5000000.0,139.0,1.739898,5.4,8.0,Drama,12200000.0,1959,12,4,16.316946591670696,15.424948670398354
500000.0,78.0,0.892007,6.5,8.0,Drama,11276.0,2009,1,1,9.330520532232288,13.122365377402328
7000000.0,103.0,1.011029,6.4,12.0,Drama,15172408.0,2010,2,1,16.534989138980965,15.76142084987672
9272437.0,105.0,4.207751,5.2,69.0,Action,11672363.0,2014,10,4,16.272734554442152,16.042556901885135
150000000.0,120.0,29.36178,7.3,9629.0,Action,378858340.0,2015,5,2,19.752672922728568,18.826145858727198
10000000.0,97.0,10.098792,6.3,1005.0,Drama,104303851.0,2015,6,2,18.462818851216166,16.118095750958314
245000000.0,136.0,31.626013,7.5,7993.0,Action,2068223624.0,2015,12,4,21.44995592362641,19.316768772590635
100000000.0,125.0,11.51021,5.3,642.0,Adventure,94061311.0,2016,8,3,18.359457382927378,18.420680753952364
160000000.0,123.0,12.572718,6.3,2325.0,Action,433677183.0,2016,5,2,19.88781099962835,18.8906843794481
280000000.0,141.0,37.37942,7.3,6908.0,Action,1405403694.0,2015,4,2,21.063590425863644,19.450300164704952
230000000.0,129.0,133.82782,6.6,2814.0,Adventure,794191988.0,2017,5,2,20.492835789730673,19.253589871235295
130000000.0,117.0,26.882388,7.0,6029.0,Science Fiction,519311965.0,2015,7,3,20.06801535110636,18.683045016112164
120000000.0,100.0,17.246484,4.4,2322.0,Action,167977596.0,2015,8,3,18.939341177284998,18.603002309079653
58000000.0,108.0,187.860492,7.4,11444.0,Action,783112979.0,2016,2,1,20.478787534733844,17.87595358575207
200000000.0,137.0,185.330992,7.6,4858.0,Action,863416141.0,2017,4,2,20.57640733676449,19.11382792951231
250000000.0,147.0,145.882135,7.1,7462.0,Adventure,1153304495.0,2016,4,2,20.865897133567135,19.33697147982652
165000000.0,115.0,43.847654,7.1,5880.0,Action,677718395.0,2016,10,4,20.334242414492245,18.92145603792546
178000000.0,144.0,28.712522,6.4,4831.0,Science Fiction,543934787.0,2016,5,2,20.114339922634635,18.997294113874336
1000000.0,124.0,0.04586,6.9,5.0,Drama,2691899.0,1993,5,2,14.80575782195426,13.815511557963774
27563396.0,148.0,7.847574,6.2,85.0,Drama,29193330.0,2012,3,1,17.18945085074249,17.131999254859473
750000.0,98.0,1.500013,4.7,11.0,Drama,4000000.0,2005,7,3,15.201805169084134,13.527829818844937
7000000.0,102.0,10.197503,6.2,371.0,Drama,2360281.0,2014,9,3,14.674291661388672,15.76142084987672
7000000.0,76.0,6.407641,5.1,47.0,Animation,12400000.0,2012,10,4,16.333207111220425,15.76142084987672
4000000.0,106.0,0.491227,6.7,3.0,Crime,1750000.0,1969,4,2,14.375126917328105,15.201805169084134
25000000.0,111.0,8.728556,5.7,550.0,Thriller,39171130.0,2014,12,4,17.483450579363534,17.034386422832473
1500000.0,138.0,1.058213,6.0,3.0,Drama,4200000.0,1961,5,2,15.250595321348806,14.220976332738882
60000000.0,106.0,10.241861,5.4,1078.0,Comedy,30418560.0,2015,1,1,17.230563539271536,17.909855136853043
40000000.0,125.0,33.068431,5.2,3350.0,Drama,571006128.0,2015,2,1,20.16291050136303,17.50439003707821
8500000.0,100.0,8.592449,6.8,1372.0,Romance,43528634.0,2015,2,1,17.58892955535246,15.955576839107596
10.0,85.0,2.861451,6.9,26.0,Drama,11.0,2013,8,3,2.4849066497880004,2.3978952727983707
12000000.0,106.0,9.363482,6.4,953.0,Science Fiction,32248241.0,2015,1,1,17.288974088092335,16.300417291085605
11000000.0,111.0,7.991613,7.2,1235.0,Drama,62076141.0,2015,10,4,17.94387228628956,16.213405921671733
8000000.0,104.0,12.019571,5.7,266.0,Adventure,35991087.0,2015,9,3,17.398781910217895,15.894952224644102
8000000.0,112.0,6.60913,6.8,240.0,Drama,1411927.0,2014,10,4,14.160466704233798,15.894952224644102
8000000.0,112.0,3.851653,5.1,41.0,Drama,53086.0,2014,2,1,10.879687356164176,15.894952224644102
3500000.0,108.0,5.353826,5.5,112.0,Drama,615816.0,2016,1,1,13.330705120457191,15.068273812173887
447524.0,101.0,3.993759,4.5,79.0,Drama,771317.0,2015,5,2,13.555856018872653,13.011487681058393
2000000.0,98.0,14.986654,6.8,286.0,Drama,1477002.0,2015,8,3,14.205525592655665,14.508658238524095
700000.0,103.0,7.948581,7.2,698.0,Crime,17986781.0,2015,6,2,16.705147712772316,13.45883704259595
5500000.0,120.0,3.791712,5.8,46.0,Drama,5000000.0,2014,9,3,15.424948670398354,15.520258832020865
14000000.0,108.0,14.443362,6.4,500.0,Thriller,10076790.0,2014,10,4,16.125745416747765,16.454567959008102
2000000.0,95.0,6.640704,5.8,228.0,Fantasy,45431.0,2015,4,2,10.723971981557268,14.508658238524095
1000000.0,91.0,0.815844,4.2,5.0,Science Fiction,3000000.0,1982,1,1,14.914123179965662,13.815511557963774
1816720.0,90.0,3.782108,6.0,142.0,Comedy,4541800.0,2015,1,1,15.328834187389704,14.412543785780954
44000000.0,167.0,20.328822,7.6,4405.0,Crime,155760117.0,2015,12,4,18.863827676603687,17.599700214609808
12000000.0,109.0,9.662731,6.1,1997.0,Drama,85512300.0,2015,6,2,18.264170794903528,16.300417291085605
23000000.0,101.0,12.21459,6.5,632.0,Comedy,79799880.0,2015,1,1,18.195032571190854,16.951004817371683
4000000.0,91.0,10.200398,4.1,1034.0,Thriller,52425855.0,2015,1,1,17.7749104627067,15.201805169084134
55000000.0,119.0,13.492684,6.4,1494.0,Mystery,74679822.0,2015,10,4,18.12872050652251,17.822843761378564
14000000.0,93.0,6.575393,5.0,360.0,Comedy,12314651.0,2015,2,1,16.326300330915824,16.454567959008102
50100000.0,105.0,10.035362,6.7,2588.0,Romance,153962963.0,2015,2,1,18.85222263794821,17.729531586015174
74000000.0,93.0,12.334689,5.7,733.0,Animation,311594032.0,2015,2,1,19.557211722226807,18.119575664681957
3000000.0,83.0,9.234943,5.0,153.0,Thriller,3387000.0,2015,2,1,15.035455427046395,14.914123179965662
10000000.0,122.0,5.204474,6.3,277.0,Drama,85978266.0,2015,2,1,18.26960511297908,16.118095750958314
11000000.0,94.0,9.056173,5.9,437.0,Action,593683.0,2015,1,1,13.294102470257755,16.213405921671733
38000000.0,116.0,6.542647,6.4,137.0,Adventure,123205624.0,2015,2,1,18.629365265488957,17.453096744006448
3300000.0,83.0,5.840554,5.1,517.0,Thriller,64110728.0,2015,1,1,17.976122286979745,15.009433329466965
35000000.0,91.0,10.24952,5.0,322.0,Comedy,14431253.0,2015,3,1,16.48490682926117,17.370858648025116
2800000.0,100.0,1.823774,5.5,25.0,Comedy,13218980.0,2012,10,4,16.397164309235443,14.845130332288226
6400000.0,140.0,1.856101,6.3,34.0,Drama,18000000.0,2013,6,2,16.705882371415992,15.671808704579888
50000000.0,114.0,16.838145,6.3,1169.0,Action,71561644.0,2015,3,1,18.086069804043206,17.72753358339242
35000000.0,90.0,6.493765,7.0,103.0,Fantasy,83061158.0,2014,8,3,18.235087749837888,17.370858648025116
95000000.0,105.0,19.801128,6.7,2426.0,Romance,543514353.0,2015,3,1,20.11356667448038,18.36938746009113
35000000.0,93.0,15.968492,5.0,924.0,Horror,95437994.0,2015,5,2,18.373987327570145,17.370858648025116
150000000.0,111.0,11.30428,5.9,979.0,Adventure,128388320.0,2015,9,3,18.670569987139285,18.826145858727198
10000000.0,97.0,9.42755,5.8,387.0,Comedy,7587485.0,2015,4,2,15.842010869208156,16.118095750958314
15000000.0,107.0,5.02124,7.1,284.0,Drama,9104716.0,2014,11,4,16.02430318883762,16.52356082573315
110000000.0,119.0,27.887186,6.2,3921.0,Adventure,295238201.0,2015,3,1,19.50329305288687,18.5159909328476
8500000.0,90.0,6.911759,5.3,387.0,Action,7500000.0,2014,9,3,15.830413711839864,15.955576839107596
4000000.0,100.0,5.099557,6.3,98.0,Comedy,29456000.0,1997,4,2,17.198408216403937,15.201805169084134
135000000.0,94.0,13.422713,6.8,1539.0,Fantasy,368871007.0,2015,3,1,19.725957569074613,18.72078534381011
18000000.0,112.0,12.682927,6.2,705.0,Adventure,6212282.0,2016,2,1,15.642039019199505,16.705882371415992
40000000.0,115.0,11.429831,5.5,397.0,Action,13644292.0,2015,2,1,16.428831896930966,17.50439003707821
17000000.0,120.0,12.543659,6.1,281.0,Thriller,3758328.0,2014,10,4,15.139485001690893,16.648723960844016
190000000.0,137.0,27.275687,7.3,4253.0,Action,1506249360.0,2015,4,2,21.132888530970785,19.06253463538792
1000000.0,82.0,10.07817,5.5,1092.0,Horror,62882090.0,2015,4,2,17.956771959349123,13.815511557963774
7000000.0,105.0,1.456485,3.4,23.0,Drama,8914881.0,1984,8,3,16.00323257307288,15.76142084987672
50000000.0,137.0,17.608346,6.1,565.0,Crime,3324330.0,2015,3,1,15.016779008820532,17.72753358339242
40000000.0,100.0,8.178015,5.9,961.0,Comedy,111811453.0,2015,3,1,18.532324564242558,17.50439003707821
1950000.0,93.0,3.022666,7.6,46.0,Comedy,12005838.0,2010,3,1,16.300903672742326,14.48334044336031
25000000.0,100.0,6.636514,6.5,117.0,Crime,129115.0,2014,10,4,11.768466504089593,17.034386422832473
6700000.0,87.0,6.502973,6.9,135.0,Comedy,1430655.0,2014,1,1,14.17364363830523,15.717618233614914
11000000.0,120.0,11.61,7.3,454.0,Drama,61619773.0,2015,4,2,17.936493383485693,16.213405921671733
2700000.0,117.0,0.677253,4.3,3.0,Unknown,4635143.0,1994,10,4,15.349177824460659,14.80876270134486
20000000.0,118.0,11.024334,6.4,393.0,Drama,151530.0,2014,10,4,11.928545503461695,16.811242881518265
25000000.0,85.0,4.037707,6.3,10.0,Family,6500000.0,2010,3,1,15.687312888712007,17.034386422832473
190000000.0,130.0,22.296076,6.2,2904.0,Adventure,209154322.0,2015,5,2,19.15858292501492,19.06253463538792
5000000.0,94.0,2.513078,7.2,42.0,Drama,48125.0,2013,2,1,10.78157785059498,15.424948670398354
38000000.0,94.0,17.02038,5.0,576.0,Action,107597242.0,2015,4,2,18.493905582687113,17.453096744006448
500000.0,139.0,8.279917,4.4,27.0,Science Fiction,15000000.0,2014,3,1,16.52356082573315,13.122365377402328
9500000.0,126.0,5.062756,7.0,62.0,Adventure,112156811.0,2014,7,3,18.535408557166136,16.066802461833923
34000000.0,128.0,10.264416,7.3,1083.0,Drama,63013281.0,2015,4,2,17.95885608753208,17.341871111992198
8000000.0,121.0,0.406505,4.8,3.0,Unknown,2439705.0,1983,2,1,14.707388098206385,15.894952224644102
25000000.0,112.0,10.542026,7.4,2052.0,Fantasy,65663276.0,2015,4,2,18.000050377412492,17.034386422832473
10000000.0,107.0,16.903373,6.6,187.0,Comedy,10835752.0,2015,3,1,16.198361687538252,16.118095750958314
600000.0,78.0,4.565414,6.1,143.0,Comedy,7087452.0,2015,6,2,15.773836595602859,13.304686600863562
10000000.0,110.0,2.691651,5.7,19.0,Comedy,1064454.0,2014,3,1,13.87797348905435,16.118095750958314
6000000.0,98.0,4.707275,5.8,217.0,Comedy,14348529.0,2014,4,2,16.479158055898278,15.607270193858982
3.0,100.0,1e-06,5.3,3.0,Drama,232.0,1992,2,1,5.4510384535657,1.3862943611198906
110000000.0,114.0,20.547925,6.0,3017.0,Action,470490832.0,2015,5,2,19.96928703327174,18.5159909328476
3500000.0,96.0,6.261686,6.6,52.0,Drama,7339398.0,2012,10,4,15.808767517129347,15.068273812173887
35000000.0,96.0,10.721799,5.5,1183.0,Action,81967450.0,2015,8,3,18.221832787402988,17.370858648025116
10000000.0,117.0,4.50333,6.0,30.0,Drama,30283.0,2013,9,3,10.318374799223196,16.118095750958314
18000000.0,100.0,16.778946,5.6,273.0,Comedy,41325328.0,2015,7,3,17.536986162922187,16.705882371415992
5500000.0,123.0,2.942711,6.8,44.0,Drama,22159216.0,2015,5,2,16.913764085284082,15.520258832020865
29000000.0,115.0,15.862632,6.8,1997.0,Comedy,287506194.0,2015,5,2,19.476754965795614,17.182806422433504
11800000.0,118.0,8.364201,7.3,1014.0,Romance,40272135.0,2015,11,4,17.511170373387685,16.283610174181653
10000000.0,111.0,5.975657,5.1,90.0,Drama,17472.0,2015,7,3,9.768412111339039,16.118095750958314
4000000.0,118.0,11.223033,6.7,1340.0,Thriller,15656193.0,2015,10,4,16.566377179396707,15.201805169084134
4000000.0,95.0,12.020933,5.2,604.0,Horror,187112.0,2015,5,2,12.139467991409111,15.201805169084134
35000000.0,87.0,6.90658,5.4,659.0,Action,51680201.0,2015,5,2,17.76058532609971,17.370858648025116
5000000.0,100.0,9.336019,5.0,359.0,Action,6833445.0,2014,9,3,15.737339643109483,15.424948670398354
3300000.0,105.0,0.975857,6.2,11.0,Drama,2011837.0,2004,7,3,14.514559290061499,15.009433329466965
336029.0,0.0,0.562568,4.0,6.0,Drama,927277.0,2008,8,3,13.740008691714472,12.724955720673895
108000000.0,141.0,25.62993,7.6,7442.0,Drama,630161890.0,2015,9,3,20.261487314180027,18.497641794347754
3700000.0,128.0,1.493061,6.8,30.0,Crime,11480000.0,2015,2,1,16.256117035963705,15.123843647884687
13360000.0,118.0,8.717661,6.7,625.0,Comedy,2000000.0,2015,5,2,14.508658238524095,16.40777580092307
3000000.0,138.0,1.710257,6.8,32.0,Drama,11000000.0,2009,10,4,16.213405921671733,14.914123179965662
2800000.0,175.0,0.709452,7.1,12.0,Drama,14000000.0,1995,1,1,16.454567959008102,14.845130332288226
1900000.0,123.0,2.004745,6.9,17.0,Crime,5900000.0,2005,7,3,15.59046307836746,14.45736497045232
65000000.0,120.0,13.257467,6.9,2590.0,Action,235666219.0,2015,5,2,19.27792703985855,17.989897843244528
35000000.0,125.0,17.310647,5.9,1193.0,Comedy,140795793.0,2015,7,3,18.762821129082944,17.370858648025116
1100000.0,99.0,1.392022,6.8,15.0,Comedy,1400000.0,1987,9,3,14.151983508870947,13.910821646859095
37000000.0,105.0,8.451297,5.2,704.0,Drama,26250020.0,2015,5,2,17.083177347001588,17.426428497635523
5579750.0,0.0,2.208906,4.8,54.0,Comedy,8927600.0,2012,11,4,16.004658271744347,15.534654709705915
6000000.0,86.0,6.743182,5.5,87.0,Drama,32251.0,2014,1,1,10.381335335804913,15.607270193858982
65000000.0,127.0,5.462048,5.9,146.0,Action,121545703.0,2015,2,1,18.61580091462176,17.989897843244528
5510000.0,139.0,1.838865,6.5,19.0,Drama,18050000.0,2011,9,3,16.708656298144824,15.522075362617285
30000000.0,104.0,14.013413,6.2,502.0,Comedy,49263404.0,2015,6,2,17.712692071288487,17.216707972959764
6000000.0,92.0,9.383088,5.9,92.0,Drama,1020921.0,2014,9,3,13.836216698538003,15.607270193858982
175000000.0,94.0,23.985587,7.9,6737.0,Drama,857611174.0,2015,6,2,20.56966137874629,18.980296537602072
400000.0,119.0,1.252133,6.1,20.0,Drama,252000.0,2011,3,1,12.437188334739655,12.899222326086994
160000000.0,137.0,26.628178,6.6,4117.0,Action,653428261.0,2015,11,4,20.297743309945446,18.8906843794481
20000000.0,111.0,7.987747,6.8,282.0,Adventure,43967255.0,2015,6,2,17.598955733023608,16.811242881518265
88000000.0,105.0,21.14796,5.6,2564.0,Action,243637091.0,2015,7,3,19.311190348218577,18.292847383806116
110000000.0,121.0,18.386172,5.9,2064.0,Adventure,179246868.0,2016,3,1,19.004274570066904,18.5159909328476
180000000.0,133.0,41.051421,7.2,5612.0,Adventure,809342332.0,2016,11,4,20.51173254126546,19.00846741441004
5400000.0,130.0,2.39989,6.9,32.0,Thriller,6500000.0,2013,8,3,15.687312888712007,15.501909696719672
75000000.0,87.0,11.01395,5.9,3536.0,Animation,875457937.0,2016,6,2,20.59025766513229,18.132998684833918
11000000.0,104.0,9.56013,5.9,24.0,Action,7200000.0,2012,5,2,15.789591722875162,16.213405921671733
11000000.0,128.0,1.812728,7.0,33.0,Drama,41000000.0,2015,5,2,17.529082649058825,16.213405921671733
20000000.0,106.0,11.946728,7.0,190.0,Comedy,6485961.0,2015,4,2,15.685150707059496,16.811242881518265
26000000.0,116.0,25.301568,6.3,1122.0,Science Fiction,30523226.0,2015,7,3,17.233998492736045,17.073607134447293
31500000.0,113.0,10.038581,5.8,566.0,Action,14708696.0,2016,4,2,16.503949509456426,17.265498135541893
90000000.0,106.0,13.412445,5.7,1345.0,Fantasy,146936910.0,2015,10,4,18.80551387574951,18.31532023940565
15000000.0,98.0,15.553313,5.9,601.0,Horror,61548707.0,2015,11,4,17.935339419310246,16.52356082573315
175000000.0,123.0,42.965027,5.9,7717.0,Action,745600054.0,2016,8,3,20.42969989510175,18.980296537602072
1823152.0,137.0,1.12908,4.9,14.0,Drama,7133082.0,2005,1,1,15.780254097250236,14.416077977730959
165000000.0,120.0,16.993841,4.9,2550.0,Action,389681935.0,2016,6,2,19.78084141562924,18.92145603792546
185000000.0,122.0,20.659284,6.6,2636.0,Action,343471816.0,2016,7,3,19.654615619681344,19.035866388448003
240000.0,127.0,0.602301,5.5,11.0,Thriller,2800000.0,2012,10,4,14.845130332288226,12.388398368982115
10920000.0,159.0,2.009033,7.4,45.0,Drama,19660000.0,2011,11,4,16.794096723547995,16.206106619856122
2745000.0,88.0,0.63535,7.5,10.0,Comedy,5850000.0,2010,8,3,15.581952390148196,14.825291997224427
445000.0,84.0,2.482536,5.2,10.0,Crime,2300000.0,1976,3,1,14.648420115681892,13.005831808336863
9000000.0,135.0,2.089842,7.2,26.0,Action,18130000.0,2009,8,3,16.71307863788823,16.012735246411598
1500000.0,156.0,1.472352,6.3,16.0,Action,6000000.0,2002,4,2,15.607270193858982,14.220976332738882
17000000.0,147.0,1.542355,5.5,25.0,Action,51000000.0,2013,1,1,17.747336210296442,16.648723960844016
11000000.0,150.0,1.3666,6.0,15.0,Action,12000000.0,2007,5,2,16.300417291085605,16.213405921671733
6900000.0,162.0,4.0315,6.0,15.0,Romance,15000000.0,2000,6,2,16.52356082573315,15.747032114495013
19500000.0,172.0,5.326716,6.0,86.0,Action,91000000.0,2013,12,4,18.326370075470134,16.785925074816024
11000000.0,147.0,3.81393,5.9,69.0,Drama,46396427.0,2006,11,4,17.65273303147454,16.213405921671733
68000000.0,115.0,42.061481,6.2,2524.0,Comedy,217022588.0,2015,6,2,19.195512002861236,18.035018277846262
74000000.0,91.0,547.488298,6.4,4729.0,Family,1156730962.0,2015,6,2,20.868863728300205,18.119575664681957
14000000.0,112.0,0.825638,6.1,11.0,Adventure,16656125.0,1980,6,2,16.628288634649774,16.454567959008102
175000000.0,93.0,12.319595,6.6,1782.0,Adventure,331926147.0,2015,11,4,19.620423056352898,18.980296537602072
53000000.0,122.0,10.61072,6.3,1262.0,Crime,98837872.0,2015,9,3,18.40899141922545,17.78580249038432
245000000.0,148.0,24.926577,6.3,4552.0,Action,880674609.0,2015,10,4,20.59619877401982,19.316768772590635
3000000.0,26.0,11.742804,7.6,167.0,Family,21000000.0,1983,10,4,16.860033043306743,14.914123179965662
5000000.0,94.0,0.183677,6.5,4.0,Action,807947.0,1988,4,2,13.602252978996624,15.424948670398354
30000000.0,122.0,16.224866,6.8,1608.0,Drama,34441873.0,2015,10,4,17.35478364951615,17.216707972959764
15000000.0,113.0,12.493466,6.4,497.0,History,12601706.0,2015,8,3,16.349342838936114,16.52356082573315
31000000.0,99.0,11.33038,6.1,1218.0,Comedy,104384188.0,2015,7,3,18.463588775583503,17.249497794707484
4000000.0,97.0,4.69699,5.2,68.0,Drama,143101.0,2015,6,2,11.871312941687266,15.201805169084134
2500000.0,0.0,0.922522,5.0,1.0,Drama,3100000.0,2005,2,1,14.946912992035967,14.731801689838349
250000000.0,151.0,31.435879,5.7,7189.0,Action,873260194.0,2016,3,1,20.587744116361193,19.33697147982652
9700000.0,99.0,5.105914,6.2,86.0,Romance,154701.0,2014,9,3,11.949255964725811,16.08763654656639
3500000.0,88.0,1.03513,5.1,14.0,Comedy,9112193.0,2009,3,1,16.025124074488307,15.068273812173887
14800000.0,115.0,8.76993,6.2,716.0,Comedy,122513057.0,2015,7,3,18.623728178186482,16.51013780630191
175000000.0,106.0,17.432758,6.7,2977.0,Family,966550600.0,2016,4,2,20.689244210130965,18.980296537602072
5000000.0,93.0,11.350372,6.8,377.0,Action,61768190.0,2015,4,2,17.938899081182043,15.424948670398354
18000000.0,151.0,1.377993,5.4,17.0,Crime,1500000.0,2015,5,2,14.220976332738882,16.705882371415992
75000000.0,116.0,14.656875,7.1,2306.0,Comedy,108145109.0,2015,8,3,18.498984494361917,18.132998684833918
3250000.0,96.0,1.574542,3.5,26.0,Thriller,3250000.0,2014,10,4,14.99416586199818,14.99416586199818
35000000.0,123.0,9.425787,6.9,1151.0,Adventure,61181942.0,2015,9,3,17.92936265492742,17.370858648025116
50000000.0,144.0,18.022579,7.0,963.0,Action,69411370.0,2016,1,1,18.055561259317784,17.72753358339242
5000000.0,116.0,6.976069,5.6,127.0,Comedy,12058187.0,2014,6,2,16.30525448921862,15.424948670398354
6000000.0,110.0,5.219214,5.6,276.0,Comedy,35000000.0,2012,1,1,17.370858648025116,15.607270193858982
6843500.0,0.0,3.800073,5.5,86.0,Comedy,10703234.0,2012,12,4,16.18605659018628,15.738810000757507
11000000.0,0.0,5.010563,5.9,96.0,Comedy,12935800.0,2011,10,4,16.375509296694656,16.213405921671733
5940000.0,117.0,3.372144,6.5,65.0,Romance,4250000.0,2008,3,1,15.26242977619469,15.597219859688982
3300000.0,96.0,3.436499,4.1,9.0,Comedy,45000.0,2014,11,4,10.714439990727769,15.009433329466965
100000.0,87.0,7.51505,4.9,370.0,Horror,42664410.0,2015,7,3,17.568875664630763,11.51293546492023
20000000.0,113.0,9.188583,5.7,488.0,Drama,208588.0,2015,3,1,12.248121087656004,16.811242881518265
1300000.0,97.0,6.49255,8.0,378.0,Drama,250000.0,2015,6,2,12.429220196836383,14.077875591662238
310000.0,138.0,1.217786,7.0,11.0,Comedy,12000000.0,2013,5,2,16.300417291085605,12.644330802262578
14000000.0,163.0,6.31224,7.7,165.0,Adventure,98000000.0,2015,7,3,18.400478046838927,16.454567959008102
135000000.0,156.0,23.501228,7.3,6558.0,Western,532950503.0,2015,12,4,20.09393911477868,18.72078534381011
11000000.0,95.0,6.862812,6.3,600.0,Mystery,27391084.0,2015,7,3,17.12572815345213,16.213405921671733
40000000.0,159.0,11.80967,7.5,138.0,Action,100000000.0,2015,7,3,18.420680753952364,17.50439003707821
30000000.0,123.0,12.370126,7.3,2112.0,Action,91709827.0,2015,6,2,18.33414010705632,17.216707972959764
30000000.0,121.0,19.511221,7.2,2465.0,Action,84025816.0,2015,9,3,18.24663465482481,17.216707972959764
8000000.0,90.0,10.428421,6.9,472.0,Animation,5659286.0,2015,12,4,15.548808470512812,15.894952224644102
14000000.0,120.0,10.156891,7.4,566.0,Drama,3621046.0,2016,2,1,15.102273768503364,16.454567959008102
13000000.0,91.0,5.149301,4.6,248.0,Thriller,1784763.0,2015,7,3,14.394796751569828,16.380459992348886
35000000.0,121.0,15.651705,7.1,1926.0,Comedy,194564672.0,2015,9,3,19.08627517475134,17.370858648025116
3000000.0,134.0,2.328321,5.2,449.0,Drama,249083.0,2015,7,3,12.42554546795492,14.914123179965662
6000000.0,117.0,12.443291,8.1,2838.0,Drama,35401758.0,2015,10,4,17.38227206613507,15.607270193858982
5000000.0,108.0,8.585856,6.7,1077.0,Thriller,58978653.0,2015,7,3,17.89268613979564,15.424948670398354
3500000.0,92.0,11.840138,6.3,1471.0,Mystery,40423945.0,2016,2,1,17.514932890112895,15.068273812173887
5000000.0,87.0,4.626438,6.1,75.0,Comedy,443962.0,2016,2,1,13.003496504608613,15.424948670398354
8000000.0,107.0,3.549738,6.6,16.0,Drama,42330.0,2012,10,4,10.653274957143324,15.894952224644102
5000000.0,94.0,15.021058,6.0,1405.0,Horror,98450062.0,2015,9,3,18.405060002967943,15.424948670398354
19500000.0,111.0,6.79115,6.2,341.0,Crime,34854990.0,2015,10,4,17.36670689869001,16.785925074816024
10000000.0,97.0,17.602928,5.5,605.0,Horror,52882018.0,2015,8,3,17.783573933565524,16.118095750958314
28000000.0,96.0,9.534828,6.0,1099.0,Comedy,27139524.0,2015,8,3,17.116501710375537,17.147715103853763
5000000.0,103.0,14.13262,6.7,798.0,Action,54418872.0,2015,8,3,17.81222158180688,15.424948670398354
28000000.0,147.0,21.183077,7.7,1381.0,Drama,201634991.0,2015,8,3,19.121969650528282,17.147715103853763
100000.0,87.0,4.832631,6.9,166.0,Comedy,702354.0,2015,7,3,13.4621942531915,11.51293546492023
60000000.0,124.0,12.975936,6.4,1619.0,Drama,101134059.0,2015,12,4,18.4319575214188,17.909855136853043
25000000.0,130.0,7.855489,5.0,14.0,Drama,16815892.0,2009,4,2,16.637835009090995,17.034386422832473
40000000.0,109.0,9.447808,5.6,697.0,Drama,34227298.0,2015,11,4,17.34853410000184,17.50439003707821
500000.0,93.0,0.086226,7.0,2.0,Documentary,845188.0,2012,2,1,13.647315549968264,13.122365377402328
50000.0,110.0,0.34064,6.9,6.0,Comedy,300000.0,2006,6,2,12.611541086966115,10.819798284210286
11180.0,120.0,0.660969,5.9,11.0,Drama,24591.0,2012,9,3,10.110176465778377,9.321971188147367
16000000.0,101.0,19.803969,5.9,386.0,Drama,2084628.0,2015,7,3,14.550101459732376,16.588099342704055
15000000.0,93.0,20.683405,6.2,526.0,Comedy,14860766.0,2015,10,4,16.5142352109959,16.52356082573315
14000000.0,106.0,8.093442,7.1,440.0,Drama,16002420.0,2015,10,4,16.588250581257473,16.454567959008102
6000000.0,96.0,9.023686,6.3,673.0,Drama,11122090.0,2015,8,3,16.22444386867783,15.607270193858982
3000000.0,120.0,5.384163,6.9,92.0,Drama,67790117.0,2015,8,3,18.03192699007535,14.914123179965662
25000000.0,131.0,11.187833,6.7,994.0,Crime,42972994.0,2015,9,3,17.57608245311281,17.034386422832473
15000000.0,120.0,11.245661,7.4,1689.0,Drama,64191523.0,2015,11,4,17.977381735022014,16.52356082573315
5000000.0,95.0,8.4702,6.7,696.0,Horror,3220371.0,2016,4,2,14.985007438798062,15.424948670398354
6000000.0,137.0,11.732546,7.6,476.0,Drama,9077700.0,2015,9,3,16.021331524685905,15.607270193858982
6000000.0,104.0,5.799373,6.0,225.0,Comedy,41387687.0,2015,11,4,17.538494003261633,15.607270193858982
1556288.0,128.0,0.195677,7.5,2.0,Thriller,1268395.0,2014,11,4,14.053263668062044,14.257814699122116
25000000.0,96.0,11.007319,5.3,573.0,Thriller,72629670.0,2015,9,3,18.100884087763472,17.034386422832473
25496629.0,120.0,3.81584,5.3,98.0,Comedy,40924982.0,2012,1,1,17.527251265827374,17.054056844532422
12560000.0,105.0,4.052991,6.4,81.0,Comedy,42700000.0,2001,2,1,17.569709501618057,16.346027798622156
2500000.0,99.0,11.898793,4.9,880.0,Drama,6341684.0,2015,6,2,15.662655063972718,14.731801689838349
2000000.0,90.0,0.570293,5.7,3.0,Drama,696681.0,2005,6,2,13.454084344600055,14.508658238524095
2200000.0,125.0,4.385574,8.0,88.0,Drama,31500000.0,2011,9,3,17.265498135541893,14.603968372873895
130000.0,80.0,0.11689,5.0,3.0,Drama,1677.0,2007,9,3,7.425357887027151,11.775297421715827
10000000.0,101.0,6.925667,6.6,661.0,Comedy,1978592.0,2016,4,2,14.497896544009953,16.118095750958314
28000000.0,108.0,12.158176,5.8,196.0,Comedy,7002261.0,2015,9,3,15.761743797677322,17.147715103853763
11097000.0,174.0,2.589507,6.3,46.0,Action,49028000.0,2012,1,1,17.7079021418397,16.22218544959714
6400000.0,144.0,7.950488,6.2,38.0,Romance,18800000.0,2012,7,3,16.749367480991666,15.671808704579888
15000000.0,105.0,6.294815,6.6,158.0,Action,632542.0,2015,8,3,13.357503481462716,16.52356082573315
25000000.0,101.0,10.516094,6.1,548.0,Comedy,52395996.0,2015,11,4,17.774340753243397,17.034386422832473
55000000.0,121.0,10.758754,6.7,1805.0,Adventure,203427584.0,2015,9,3,19.13082065185227,17.822843761378564
40000000.0,111.0,5.361771,5.7,81.0,Action,385284817.0,2015,7,3,19.769493405757515,17.50439003707821
20000000.0,128.0,14.63239,7.8,2751.0,Drama,88346473.0,2015,11,4,18.29677684648253,16.811242881518265
1000000.0,107.0,6.403937,7.1,285.0,War,1777043.0,2015,6,2,14.390461867663108,13.815511557963774
19000000.0,115.0,7.399209,6.7,272.0,Thriller,5578519.0,2015,9,3,15.534434066202097,16.759949589762293
10000000.0,97.0,14.544852,6.2,780.0,Action,14333790.0,2015,9,3,16.478130314712526,16.118095750958314
20000000.0,100.0,8.066726,6.3,974.0,Drama,36606743.0,2015,10,4,17.415743043692466,16.811242881518265
4100000.0,136.0,1.296259,6.6,27.0,Drama,4300000.0,2013,4,2,15.274125813221904,15.226497775576945
7400000.0,172.0,0.955596,7.4,19.0,Drama,1300000.0,2014,5,2,14.077875591662238,15.816990693309524
220000.0,130.0,0.633359,6.9,8.0,Comedy,1500000.0,2014,2,1,14.220976332738882,12.301387370778713
2000000.0,156.0,0.570021,6.7,6.0,Romance,6000000.0,2000,4,2,15.607270193858982,14.508658238524095
3000000.0,169.0,0.505589,7.5,13.0,Drama,14000000.0,2008,11,4,16.454567959008102,14.914123179965662
80000000.0,89.0,11.760218,6.7,1528.0,Animation,473226958.0,2015,9,3,19.975085660127846,18.197537205138154
18000.0,150.0,0.646227,6.9,4.0,Comedy,700000.0,1991,3,1,13.45883704259595,9.798182590890704
500000.0,157.0,0.482527,6.1,6.0,Drama,500000.0,2006,10,4,13.122365377402328,13.122365377402328
7000000.0,103.0,4.955317,7.1,168.0,Romance,573335.0,2015,10,4,13.259227211273501,15.76142084987672
10000000.0,122.0,12.61223,5.4,159.0,Drama,3727746.0,2015,11,4,15.131314587677831,16.118095750958314
64000000.0,92.0,11.376954,7.6,771.0,Adventure,97571250.0,2015,7,3,18.396093448565942,17.974393656948944
149000000.0,141.0,294.337037,7.2,5025.0,Action,820580447.0,2017,5,2,20.525522511220068,18.819456870621142
18000000.0,110.0,88.439243,5.4,1015.0,Drama,20497844.0,2017,4,2,16.835830316631718,16.705882371415992
46000000.0,161.0,14.16938,7.0,754.0,Drama,23737523.0,2016,12,4,16.982567645160618,17.6441519761925
40000000.0,141.0,13.707888,7.2,2633.0,Thriller,165478348.0,2015,10,4,18.924350922471213,17.50439003707821
2000000.0,88.0,0.262437,4.8,6.0,Thriller,16344.0,2005,9,3,9.70167731915831,14.508658238524095
22000000.0,106.0,11.241366,5.7,1338.0,Comedy,63647656.0,2016,2,1,17.968873071606733,16.906553056777135
3196621.0,116.0,6.704659,6.8,462.0,Comedy,25513752.0,2015,10,4,17.054728198074038,14.977605185205464
5000000.0,119.0,4.206655,7.3,149.0,Drama,26144.0,2015,5,2,10.171413246622231,15.424948670398354
26000000.0,94.0,4.920175,4.9,90.0,Adventure,38793283.0,2002,3,1,17.47375769682771,17.073607134447293
12000000.0,108.0,1.675406,6.0,21.0,Action,117629.0,2012,8,3,11.675299383954487,16.300417291085605
30000000.0,113.0,7.645827,6.6,281.0,Comedy,33013805.0,2002,12,4,17.312436395577453,17.216707972959764
58000000.0,103.0,12.365292,6.2,1022.0,Adventure,158162788.0,2015,8,3,18.879135370712635,17.87595358575207
200000.0,100.0,0.560685,7.4,8.0,Unknown,486937.0,2012,11,4,13.095892083898512,12.206077645517674
12000000.0,100.0,7.607052,5.6,162.0,Drama,60273173.0,2015,9,3,17.914397687089004,16.300417291085605
15000000.0,100.0,10.394389,5.2,102.0,Comedy,3020664.0,2015,10,4,14.92098756378638,16.52356082573315
20000000.0,96.0,7.895442,5.9,168.0,Action,133332.0,2015,8,3,11.800605037418885,16.811242881518265
1379375.0,108.0,2.214179,7.5,28.0,Drama,105097.0,2015,1,1,11.56264852718826,14.137141780958892
10000000.0,88.0,9.185701,5.0,435.0,Horror,78096553.0,2015,10,4,18.173456490917136,16.118095750958314
5000000.0,119.0,5.394112,5.4,132.0,Drama,2333684.0,2015,10,4,14.662959121280934,15.424948670398354
25000000.0,120.0,8.383246,6.0,386.0,Drama,24902723.0,2015,8,3,17.030487753041818,17.034386422832473
11930000.0,118.0,7.95686,6.9,419.0,Drama,18340000.0,2015,10,4,16.724595079318217,16.294566877896393
15000000.0,124.0,7.358726,7.3,507.0,Drama,8235661.0,2015,10,4,15.923984306948196,16.52356082573315
12000000.0,90.0,2.162781,5.8,29.0,Adventure,80000000.0,2015,4,2,18.197537205138154,16.300417291085605
35000000.0,123.0,7.739783,7.0,844.0,Drama,50363790.0,2015,11,4,17.734783042305587,17.370858648025116
99000000.0,88.0,12.338346,6.5,608.0,Animation,246233113.0,2015,11,4,19.321789263076433,18.410630418199872
5000000.0,113.0,0.191539,4.8,5.0,Action,340312.0,2002,8,3,12.73762106134617,15.424948670398354
390000.0,148.0,0.016219,0.0,0.0,Unknown,3.0,2014,7,3,1.3862943611198906,12.873904582205107
380000.0,0.0,0.043519,8.0,1.0,Comedy,520000.0,2010,1,1,13.161586013632684,12.847929163278053
1300000.0,179.0,2.161941,6.6,41.0,Drama,11000000.0,1997,10,4,16.213405921671733,14.077875591662238
1000000.0,170.0,0.254553,6.1,7.0,Drama,623791.0,2000,9,3,13.343572258450328,13.815511557963774
37000000.0,133.0,33.449723,7.3,1963.0,Drama,173567581.0,2015,11,4,18.97207760312117,17.426428497635523
20.0,83.0,2.493638,5.8,30.0,Drama,15.0,2011,4,2,2.772588722239781,3.044522437723423
25000.0,95.0,3.985181,5.8,48.0,Action,25000.0,2015,11,4,10.12667110305036,10.12667110305036
11000000.0,109.0,12.293202,6.7,93.0,Drama,161789.0,2015,5,2,11.994054476999382,16.213405921671733
8900000.0,93.0,8.476315,5.6,322.0,Crime,4100000.0,2015,11,4,15.226497775576945,16.001561947061912
17000000.0,107.0,5.660649,5.4,169.0,Comedy,42426912.0,2015,11,4,17.563293459405635,16.648723960844016
23400000.0,174.0,2.864948,5.6,39.0,Drama,67000000.0,2015,11,4,18.020203192280615,16.96824662306297
3000000.0,99.0,1.14731,6.3,12.0,Comedy,5279982.0,2014,1,1,15.479433435980292,14.914123179965662
105000000.0,114.0,7.291872,5.5,795.0,Action,133718711.0,2015,12,4,18.711248987402776,18.46947091764561
500000.0,90.0,1.640271,5.4,21.0,Comedy,5330000.0,2008,2,1,15.48886198375927,13.122365377402328
1500000.0,162.0,0.446454,9.0,2.0,Music,4400000.0,2015,11,4,15.29711532616119,14.220976332738882
224056.0,122.0,1.416035,7.0,29.0,Drama,15536328.0,2014,9,3,16.55869164591106,12.319655762752346
6200000.0,165.0,0.81609,6.4,13.0,Comedy,11000000.0,2015,5,2,16.213405921671733,15.64006001130563
38000000.0,112.0,10.788263,5.6,1993.0,Adventure,109906372.0,2016,1,1,18.51513940677353,17.453096744006448
3800000.0,0.0,0.072704,4.0,2.0,Crime,559298.0,1999,3,1,13.23443949285886,15.150511887854474
5904067.0,104.0,6.982302,6.5,317.0,Action,12975143.0,2015,8,3,16.37854608522054,15.591152162811294
10000000.0,89.0,3.759301,7.5,58.0,Fantasy,150000000.0,2015,7,3,18.826145858727198,16.118095750958314
9600000.0,121.0,6.133745,6.5,165.0,Drama,2541554.0,2015,9,3,14.748286656398266,16.077273760604726
1.0,114.0,2.240259,5.6,10.0,Drama,1.0,2015,12,4,0.6931471805599453,0.6931471805599453
1300000.0,102.0,0.328342,6.0,1.0,Unknown,1550000.0,1951,3,1,14.253766134056512,14.077875591662238
28000000.0,130.0,13.143061,7.3,2679.0,Comedy,133346506.0,2015,12,4,18.708461614023502,17.147715103853763
1050255.0,129.0,0.633653,4.4,5.0,Action,2250547.0,2015,8,3,14.626684300081319,13.864544501940804
3000000.0,155.0,0.904409,7.2,15.0,Drama,6000000.0,2002,6,2,15.607270193858982,14.914123179965662
50000000.0,100.0,10.155109,4.7,814.0,Comedy,55969000.0,2016,2,1,17.840308541860654,17.72753358339242
38000000.0,110.0,8.898988,5.9,1225.0,Comedy,112343513.0,2016,1,1,18.53707182462208,17.453096744006448
10000000.0,87.0,1.634827,6.0,25.0,Action,14061361.0,1991,3,1,16.45894131020991,16.118095750958314
20000000.0,92.0,6.785049,4.3,337.0,Romance,21164799.0,2016,1,1,16.867849982329556,16.811242881518265
22500000.0,116.0,18.908782,7.2,1990.0,Drama,29252978.0,2016,11,4,17.191491972610017,16.929025911619092
50000000.0,96.0,8.009226,5.8,870.0,Comedy,242786137.0,2015,12,4,19.30769152326279,17.72753358339242
30000000.0,118.0,13.799419,5.8,593.0,Comedy,105011053.0,2015,12,4,18.469576178771124,17.216707972959764
145000000.0,95.0,14.696548,6.7,1630.0,Action,521170825.0,2016,1,1,20.071588426974493,18.7922443072814
19500000.0,150.0,4.683689,7.2,71.0,War,56000000.0,2015,12,4,17.840862266556567,16.785925074816024
3849796.0,115.0,0.852186,6.3,8.0,Comedy,7471304.0,2013,12,4,15.826580240646123,15.163530977601107
28000000.0,108.0,7.954623,5.5,662.0,Romance,16374328.0,2016,2,1,16.61122536154677,17.147715103853763
25000000.0,98.0,8.826071,5.4,293.0,Action,1397284.0,2016,1,1,14.150041626022011,17.034386422832473
26000000.0,158.0,4.081193,6.3,68.0,Crime,61000000.0,2015,12,4,17.926384438531027,17.073607134447293
12000000.0,123.0,3.216606,6.8,49.0,Drama,14394097.0,2015,10,4,16.482328819419095,16.300417291085605
2000000.0,97.0,5.396271,5.6,94.0,Crime,2801508.0,2015,9,3,14.845668758547014,14.508658238524095
10000000.0,95.0,7.384688,4.8,478.0,Horror,40055439.0,2016,1,1,17.505775052466788,16.118095750958314
4500000.0,138.0,1.160169,4.2,15.0,Action,4200000.0,2010,6,2,15.250595321348806,15.319588176962746
6700000.0,143.0,1.312833,5.6,24.0,Action,31000000.0,2012,6,2,17.249497794707484,15.717618233614914
5200000.0,102.0,3.571376,6.7,36.0,Thriller,9200000.0,2016,1,1,16.034714150714915,15.46416937585933
250000.0,93.0,0.211008,7.5,4.0,Comedy,8000000.0,1918,8,3,15.894952224644102,12.429220196836383
18000000.0,86.0,7.008103,4.1,124.0,Adventure,17062499.0,2016,1,1,16.65239363090945,16.705882371415992
40000000.0,102.0,9.420931,6.1,567.0,Action,124827316.0,2016,1,1,18.642441876165456,17.50439003707821
23000000.0,106.0,7.528276,7.2,682.0,Comedy,46152411.0,2016,2,1,17.647459781902764,16.951004817371683
4500000.0,126.0,3.376147,7.3,58.0,Thriller,32000000.0,2016,1,1,17.281246492014,15.319588176962746
13500000.0,129.0,3.531089,5.2,32.0,Drama,187674.0,2015,9,3,12.142467022441203,16.41820031748273
10000000.0,97.0,17.028854,5.8,1133.0,Horror,64188367.0,2016,1,1,17.9773325684438,16.118095750958314
5000000.0,121.0,4.222496,5.4,40.0,Drama,4842699.0,2015,9,3,15.392982974391325,15.424948670398354
20000000.0,107.0,8.759801,5.7,300.0,Action,46069568.0,2016,2,1,17.64566318153949,16.811242881518265
11500000.0,102.0,16.290586,5.7,1429.0,Comedy,94073028.0,2016,1,1,18.3595819428557,16.257857680289998
2500000.0,106.0,0.192475,6.0,3.0,Drama,302000.0,2015,9,3,12.618185607609803,14.731801689838349
80000000.0,114.0,10.385757,6.3,597.0,Action,52099090.0,2016,1,1,17.7686580593545,18.197537205138154
722083.0,120.0,0.817488,8.6,6.0,History,499168.0,2014,11,4,13.120699994750135,13.48989675459789
8500000.0,120.0,5.933047,6.4,181.0,Drama,15861566.0,2016,9,3,16.579409571308034,15.955576839107596
6400000.0,151.0,1.82294,6.1,27.0,Comedy,5900000.0,2010,9,3,15.59046307836746,15.671808704579888
884130.0,137.0,0.241973,6.2,3.0,Thriller,2259444.0,2014,10,4,14.630629765868697,13.69236052068597
20000000.0,110.0,34.34759,7.6,2674.0,Drama,207945075.0,2016,6,2,19.152784545103913,16.811242881518265
20000000.0,115.0,12.892504,5.6,812.0,Action,12639297.0,2016,2,1,16.352321407166013,16.811242881518265
140000000.0,127.0,13.337707,5.2,1303.0,Fantasy,150680864.0,2016,2,1,18.83067468141406,18.757152987716434
1400000.0,125.0,5.061041,7.8,129.0,Adventure,1320005.0,2015,5,2,14.093146840006769,14.151983508870947
10721568.0,122.0,1.68625,7.4,44.0,Drama,2978994.0,2016,2,1,14.907096553278436,16.187768064837364
5000000.0,134.0,7.979302,7.0,492.0,Action,24804129.0,2016,2,1,17.02652072952832,15.424948670398354
15000000.0,103.0,14.421528,6.8,2537.0,Thriller,108286421.0,2016,3,1,18.50029033015003,16.52356082573315
60000000.0,99.0,15.037993,5.8,1656.0,Action,205754447.0,2016,3,1,19.142194015756793,17.909855136853043
150000000.0,108.0,26.024868,7.7,4961.0,Animation,1023784195.0,2016,2,1,20.746771595259897,18.826145858727198
35000000.0,112.0,8.155604,6.0,356.0,War,23083334.0,2016,3,1,16.954621486565777,17.370858648025116
18500000.0,120.0,1.729199,6.4,30.0,Drama,6490401.0,2016,3,1,15.685835028210363,16.733281344102608
35000000.0,83.0,13.912531,5.7,794.0,Action,25182929.0,2016,2,1,17.041676942003136,17.370858648025116
37000000.0,127.0,4.209701,6.0,71.0,Action,278300000.0,2015,12,4,19.444210230089364,17.426428497635523
350000.0,151.0,0.736613,4.4,5.0,Drama,6100000.0,2002,5,2,15.623799493077952,12.765691290604371
36000000.0,105.0,8.970494,6.5,384.0,Action,156844753.0,2015,12,4,18.870767046074146,17.399029524198163
1300000.0,162.0,0.386315,4.5,4.0,Action,11000000.0,2004,7,3,16.213405921671733,14.077875591662238
14000000.0,94.0,6.345679,5.7,52.0,Comedy,8306690.0,2015,8,3,15.932571892585123,16.454567959008102
6900000.0,115.0,0.659046,6.0,3.0,Drama,6530000.0,1971,7,3,15.69191765439196,15.747032114495013
143149.0,94.0,0.091951,7.5,2.0,Family,645135.0,2015,5,2,13.377216426264779,11.871648310526261
2300000.0,155.0,1.970054,6.7,37.0,Drama,11100000.0,2008,7,3,16.22245575637265,14.648420115681892
2400000.0,153.0,1.921026,6.5,20.0,Drama,9600000.0,2008,8,3,16.077273760604726,14.690979711984754
10000000.0,142.0,2.532958,6.4,42.0,Drama,20000000.0,2008,11,4,16.811242881518265,16.118095750958314
750000.0,179.0,0.686155,3.5,5.0,Foreign,2760000.0,2008,8,3,14.830741600012107,13.527829818844937
7000000.0,136.0,0.795228,5.1,6.0,Action,16000000.0,2012,5,2,16.588099342704055,15.76142084987672
5990000.0,145.0,8.615159,6.7,33.0,Romance,19450000.0,2012,6,2,16.78335767944261,15.605602137036527
3000000.0,141.0,0.328668,5.6,5.0,Comedy,6600000.0,2009,5,2,15.702580358511794,14.914123179965662
7500000.0,155.0,0.494047,5.1,10.0,Comedy,10000000.0,2010,7,3,16.118095750958314,15.830413711839864
3750000.0,155.0,0.597058,6.2,9.0,Comedy,5000000.0,2010,2,1,15.424948670398354,15.137266664613225
130.0,130.0,2.402032,5.2,29.0,Drama,8.0,2011,8,3,2.1972245773362196,4.875197323201151
13100000.0,140.0,1.417392,5.7,16.0,Drama,4100000.0,2011,4,2,15.226497775576945,16.388122864507256
5.0,141.0,1.109545,5.5,8.0,Thriller,4.0,2014,8,3,1.6094379124341003,1.791759469228055
4200000.0,146.0,2.031919,5.4,15.0,Romance,10000000.0,2014,5,2,16.118095750958314,15.250595321348806
800000.0,83.0,0.170979,6.0,1.0,Comedy,966214.0,2006,12,4,13.781141655718015,13.592368256649284
60720000.0,93.0,5.296052,6.2,76.0,Comedy,553810228.0,2016,2,1,20.132332639097548,17.921783707520685
7000000.0,117.0,13.410522,6.4,926.0,Thriller,1333124.0,2016,6,2,14.103036368207752,15.76142084987672
3000000.0,157.0,1.036233,7.7,19.0,Drama,12000000.0,2010,2,1,16.300417291085605,14.914123179965662
3230939.0,162.0,1.937874,6.7,19.0,Action,18000000.0,2009,4,2,16.705882371415992,14.988283674532074
1333333.0,170.0,0.654216,5.6,6.0,Drama,5333333.0,2006,8,3,15.489487116535939,14.10319313041593
2915739.0,132.0,0.558002,5.6,7.0,Horror,14000000.0,2009,1,1,16.454567959008102,14.885634204898096
440141.0,160.0,0.815203,6.6,5.0,Drama,2640850.0,2007,9,3,14.786611771664237,12.994852681101927
13000000.0,170.0,2.337434,6.7,43.0,Drama,22000000.0,2015,6,2,16.906553056777135,16.380459992348886
13000000.0,102.0,10.564701,7.2,532.0,Drama,18704595.0,2015,9,3,16.74427982702806,16.380459992348886
1000000.0,95.0,14.992311,6.5,156.0,Comedy,14444999.0,2015,11,4,16.485858891882472,13.815511557963774
17000000.0,102.0,1.307263,5.6,19.0,Adventure,2000000.0,1981,11,4,14.508658238524095,16.648723960844016
8000000.0,95.0,7.317816,6.3,395.0,Action,34694.0,2016,2,1,10.45435086333365,15.894952224644102
16000000.0,117.0,7.528099,6.8,191.0,Drama,73883359.0,2016,3,1,18.117998191416554,16.588099342704055
29000000.0,110.0,10.829116,6.7,409.0,Comedy,48902953.0,2016,5,2,17.705348361618505,17.182806422433504
18000000.0,94.0,6.344961,5.6,328.0,Romance,88923251.0,2016,3,1,18.303284218591255,16.705882371415992
300000.0,112.0,0.756243,6.7,11.0,Action,2100000.0,2016,1,1,14.557448378884015,12.611541086966115
13000000.0,123.0,4.654312,5.9,48.0,Drama,1646788.0,2016,2,1,14.314337889234494,16.380459992348886
15000000.0,94.0,7.942084,6.0,434.0,Action,20566327.0,2016,4,2,16.83916573329721,16.52356082573315
1300000.0,92.0,2.159038,6.1,31.0,Horror,101657.0,2015,12,4,11.529369517386161,14.077875591662238
700000.0,88.0,6.021721,5.5,109.0,Drama,200242.0,2016,9,3,12.207286908015,13.45883704259595
3000000.0,94.0,12.822085,6.4,171.0,Comedy,14016568.0,2016,5,2,16.455750687795483,14.914123179965662
400000.0,100.0,0.984906,7.2,10.0,Documentary,88097.0,2015,5,2,11.386205110190993,12.899222326086994
10000000.0,116.0,6.737797,6.3,419.0,Comedy,3400278.0,2016,3,1,15.039368045043279,16.118095750958314
4000000.0,106.0,10.672862,8.0,669.0,Romance,13624522.0,2016,3,1,16.427381888726433,15.201805169084134
5000000.0,118.0,10.300307,7.0,311.0,Comedy,2152738.0,2016,11,4,14.582251542802005,15.424948670398354
115000000.0,114.0,17.260203,6.0,1575.0,Action,164602163.0,2016,4,2,18.91904199314391,18.560442695023177
35000000.0,91.0,9.914008,5.6,1490.0,Comedy,108758521.0,2016,5,2,18.504640588081223,17.370858648025116
4000000.0,160.0,0.372987,6.8,8.0,Action,6000000.0,2011,1,1,15.607270193858982,15.201805169084134
325000.0,118.0,0.867549,8.0,8.0,Drama,1600000.0,2016,2,1,14.285514812209815,12.691583538230217
2100000.0,102.0,5.858112,6.5,70.0,Drama,282382.0,2016,3,1,12.55101958448895,14.557448378884015
16000000.0,142.0,5.127876,6.2,73.0,Action,29251596.0,2016,4,2,17.191444728442306,16.588099342704055
27000000.0,98.0,11.953822,6.5,1096.0,Thriller,93282604.0,2016,5,2,18.351144206848897,17.11134746100564
30000000.0,87.0,10.000208,5.5,289.0,Fantasy,57814445.0,2016,8,3,17.872749233210957,17.216707972959764
20000000.0,112.0,8.468401,6.2,171.0,Comedy,55030051.0,2016,4,2,17.82338999397462,16.811242881518265
10000000.0,111.0,8.28378,6.7,527.0,Drama,18730891.0,2016,2,1,16.745684697418685,16.118095750958314
200000000.0,97.0,14.477677,6.8,4333.0,Adventure,1028570889.0,2016,6,2,20.75143619030186,19.11382792951231
29000000.0,91.0,7.533146,5.5,441.0,Comedy,78636257.0,2016,4,2,18.180343448744278,17.182806422433504
20000000.0,92.0,12.119295,6.0,378.0,Action,14397593.0,2016,4,2,16.48257166725292,16.811242881518265
50000000.0,139.0,10.223582,6.6,439.0,War,25035950.0,2016,6,2,17.035823389843156,17.72753358339242
73000000.0,97.0,11.171927,5.9,1048.0,Family,349779543.0,2016,5,2,19.672813639707872,18.105970012811294
10500000.0,99.0,11.548303,5.1,95.0,Action,100659.0,2016,7,3,11.519503780330352,16.166885910365842
9200000.0,157.0,0.882864,6.0,8.0,Action,21000000.0,2013,10,4,16.860033043306743,16.034714150714915
7900000.0,176.0,0.86433,6.6,14.0,Romance,16000000.0,2015,2,1,16.588099342704055,15.882373444019521
6100000.0,149.0,1.145752,5.6,14.0,Action,28000000.0,2011,8,3,17.147715103853763,15.623799493077952
620000.0,146.0,0.326862,7.4,7.0,Science Fiction,1400000.0,2015,6,2,14.151983508870947,13.3374763699232
5900000.0,161.0,1.915168,5.8,11.0,Action,19000000.0,2014,1,1,16.759949589762293,15.59046307836746
500000.0,157.0,0.509127,6.0,6.0,Romance,500000.0,1999,5,2,13.122365377402328,13.122365377402328
500000.0,157.0,0.45621,6.7,5.0,Action,500000.0,2002,12,4,13.122365377402328,13.122365377402328
500000.0,157.0,0.349478,5.3,5.0,Action,500000.0,2001,1,1,13.122365377402328,13.122365377402328
500000.0,157.0,0.233572,5.9,6.0,Drama,500000.0,2001,6,2,13.122365377402328,13.122365377402328
500000.0,157.0,0.493342,6.6,4.0,Unknown,500000.0,1999,8,3,13.122365377402328,13.122365377402328
500000.0,157.0,0.284847,7.5,2.0,Drama,500000.0,2000,2,1,13.122365377402328,13.122365377402328
500000.0,157.0,0.370114,6.0,2.0,Action,500000.0,1995,9,3,13.122365377402328,13.122365377402328
500000.0,157.0,0.071908,7.0,2.0,Romance,500000.0,1996,7,3,13.122365377402328,13.122365377402328
25000000.0,118.0,8.309565,5.8,391.0,Comedy,48418160.0,2016,4,2,17.69538552857944,17.034386422832473
40000000.0,134.0,14.384554,7.0,1285.0,Drama,37279439.0,2016,9,3,17.433952526209612,17.50439003707821
20000000.0,94.0,9.115939,5.4,188.0,Action,8821329.0,2016,4,2,15.992683210265549,16.811242881518265
16500000.0,93.0,7.35578,5.7,81.0,Thriller,21256.0,2016,4,2,9.964441531873126,16.61887099947687
50000000.0,116.0,16.075615,7.0,2382.0,Action,62788218.0,2016,5,2,17.95527801829878,17.72753358339242
30000000.0,97.0,9.104543,5.8,347.0,Comedy,4212494.0,2016,4,2,15.25356566669843,17.216707972959764
2200000.0,154.0,1.132835,6.9,19.0,Action,9700000.0,2010,5,2,16.08763654656639,14.603968372873895
1.0,140.0,0.43849,5.8,5.0,Action,3.0,2003,5,2,1.3862943611198906,0.6931471805599453
16000000.0,168.0,2.252517,6.6,10.0,Action,98900000.0,2011,10,4,18.409619806704164,16.588099342704055
10000000.0,138.0,5.42046,6.8,47.0,Drama,27305571.0,2016,4,2,17.122601341893198,16.118095750958314
17000000.0,86.0,13.689175,6.2,1619.0,Horror,119100758.0,2016,6,2,18.595480407101192,16.648723960844016
200000.0,95.0,0.164585,7.8,4.0,Comedy,286000.0,2002,1,1,12.563750586299374,12.206077645517674
500000.0,97.0,1.018477,5.9,14.0,Action,198.0,2010,10,4,5.293304824724492,13.122365377402328
22000000.0,146.0,7.366331,6.0,51.0,Action,55000000.0,2014,7,3,17.822843761378564,16.906553056777135
3500000.0,159.0,1.280578,4.9,17.0,Thriller,9250000.0,2004,11,4,16.04013421759671,15.068273812173887
137731.0,83.0,1.78367,3.9,8.0,Adventure,1778391.0,1997,9,3,14.391220143196454,11.833065046970544
8575000.0,145.0,16.727405,8.1,453.0,Thriller,1983204.0,2016,6,2,14.500224780877835,15.964361667634346
170000000.0,113.0,14.61608,6.5,1782.0,Family,299370084.0,2016,5,2,19.51719110845815,18.951309000896888
140000000.0,120.0,18.769476,6.0,1026.0,Adventure,183345589.0,2016,6,2,19.02688339983347,18.757152987716434
19000000.0,83.0,17.56963,5.6,2310.0,Adventure,140705322.0,2016,7,3,18.76217835363623,16.759949589762293
5000000.0,119.0,16.519276,7.9,1569.0,Adventure,5879736.0,2016,7,3,15.58702259098333,15.424948670398354
3537415.0,162.0,9.117054,7.3,270.0,Comedy,1390172.0,2016,7,3,14.144938757793971,15.07890707506866
3200000.0,100.0,5.510288,6.0,89.0,Comedy,4267218.0,2016,4,2,15.266472884968403,14.978661680269907
4881000.0,123.0,2.32186,6.3,42.0,Comedy,81350000.0,2013,3,1,18.214271403921884,15.400860879745313
90000000.0,129.0,39.540653,6.7,3362.0,Action,334901337.0,2016,6,2,19.629346532978907,18.31532023940565
30000000.0,96.0,9.2467,6.4,826.0,Comedy,43763247.0,2016,5,2,17.59430493635834,17.216707972959764
3000000.0,97.0,9.196678,6.8,839.0,Comedy,4210454.0,2016,6,2,15.253081275828274,14.914123179965662
500.0,126.0,1.398756,7.6,25.0,Crime,50.0,2016,2,1,3.9318256327243257,6.2166061010848646
2000000.0,127.0,2.840429,6.7,54.0,Drama,343617.0,2016,5,2,12.747285854216038,14.508658238524095
135000000.0,112.0,13.047776,5.8,984.0,Fantasy,245623848.0,2016,6,2,19.31931185457173,18.72078534381011
4000000.0,92.0,12.187189,4.5,162.0,Horror,10898293.0,2016,5,2,16.204116821188347,15.201805169084134
3347850.0,108.0,2.906503,6.8,74.0,Comedy,1248748.0,2011,4,2,14.037652808143779,15.023829205419561
40000000.0,134.0,14.767317,7.0,2018.0,Horror,320170008.0,2016,5,2,19.584362690804788,17.50439003707821
144000000.0,116.0,17.162744,5.3,2203.0,Action,229147509.0,2016,7,3,19.24987650261555,18.78532386448472
50000000.0,107.0,11.374041,6.2,1699.0,Action,216972543.0,2016,6,2,19.195281378154103,17.72753358339242
5980000.0,149.0,4.195845,7.4,32.0,Thriller,14900000.0,2016,6,2,16.51687183802978,15.60393129315088
5069632.0,136.0,1.434237,6.8,23.0,Mystery,4817642.0,2016,6,2,15.387795362275885,15.438778986359559
120000000.0,123.0,19.133256,5.9,2386.0,Action,415484914.0,2016,7,3,19.844956865944873,18.603002309079653
521873.0,127.0,1.668794,7.1,27.0,Thriller,1013926.0,2016,6,2,13.829341468431256,13.165181458417756
180000000.0,109.0,45.38298,5.5,2488.0,Action,356743061.0,2016,6,2,19.692526366339536,19.00846741441004
10000000.0,105.0,13.1789,6.1,1356.0,Action,118587880.0,2016,6,2,18.59116485549565,16.118095750958314
33000000.0,98.0,12.237571,5.9,901.0,Comedy,77068246.0,2016,7,3,18.160201911939502,17.312018149733785
105000000.0,100.0,20.151037,5.6,1170.0,Adventure,408579038.0,2016,6,2,19.828195939472458,18.46947091764561
4900000.0,81.0,11.494907,6.3,1174.0,Horror,148868835.0,2016,7,3,18.818576180920275,15.404745967162468
65000000.0,102.0,12.189941,6.2,697.0,Adventure,143695338.0,2016,8,3,18.783205914893422,17.989897843244528
10000000.0,110.0,5.927867,5.5,82.0,Western,4500.0,2016,6,2,8.412054873292933,16.118095750958314
19000000.0,96.0,14.9837,7.1,2262.0,Mystery,85241496.0,2016,7,3,18.26099892721786,16.759949589762293
60000000.0,96.0,18.275689,7.0,2106.0,Drama,238470033.0,2016,9,3,19.289754216792982,17.909855136853043
10400000.0,170.0,6.070606,7.0,71.0,Drama,102000000.0,2016,7,3,18.440483381052466,16.15731646026544
1900000.0,130.0,1.188662,7.4,10.0,Drama,5900000.0,2015,12,4,15.59046307836746,14.45736497045232
4180000.0,153.0,1.506777,5.0,17.0,Drama,11000000.0,2008,7,3,16.213405921671733,15.24582204373536
25000000.0,127.0,11.504398,6.6,592.0,Crime,15436808.0,2016,7,3,16.552265410217057,17.034386422832473
40000000.0,114.0,16.453573,6.8,1392.0,Comedy,86234523.0,2016,8,3,18.272581165891857,17.50439003707821
6700000.0,96.0,4.987123,6.1,103.0,Crime,12118661.0,2016,3,1,16.310257136471748,15.717618233614914
3500000.0,72.0,6.488277,6.2,485.0,Action,3775000.0,2016,7,3,15.143911205565889,15.068273812173887
75000.0,57.0,0.251353,5.7,3.0,Crime,1200000.0,1928,7,3,13.997832948091215,11.225256725762893
20000000.0,100.0,9.362056,6.3,1287.0,Comedy,183936074.0,2016,7,3,19.030098836731216,16.811242881518265
12000000.0,102.0,12.565896,7.2,1304.0,Crime,37589296.0,2016,8,3,17.44222991358309,16.300417291085605
9900000.0,88.0,25.869883,6.7,1830.0,Crime,157100845.0,2016,8,3,18.872398488316378,16.108045416114916
5500000.0,89.0,52.854103,5.1,548.0,Drama,44235023.0,2017,6,2,17.605027431456275,15.520258832020865
5000000.0,107.0,1.628629,6.6,28.0,History,13000000.0,2016,7,3,16.380459992348886,15.424948670398354
5.0,141.0,0.00188,0.0,0.0,Drama,135.0,1999,1,1,4.912654885736052,1.791759469228055
13500000.0,90.0,8.969705,5.8,85.0,Adventure,3342697.0,2016,2,1,15.022288823301768,16.41820031748273
9000000.0,104.0,9.51953,7.3,952.0,Comedy,18803648.0,2016,11,4,16.749561504710716,16.012735246411598
9000000.0,120.0,8.475983,6.9,251.0,History,4600000.0,2016,8,3,15.341567078850604,16.012735246411598
9804690.0,130.0,8.226065,6.6,498.0,Drama,2341534.0,2016,5,2,14.666317255177127,16.098371502582587
120000.0,130.0,0.485424,6.1,10.0,Mystery,130000.0,2012,5,2,11.775297421715827,11.695255355062795
8820000.0,118.0,22.685169,7.7,984.0,Action,2129768.0,2016,7,3,14.57152408110018,15.992532541361653
9900000.0,92.0,14.282584,5.3,376.0,Horror,2400000.0,2016,1,1,14.690979711984754,16.108045416114916
40000000.0,99.0,14.288577,5.3,1236.0,Action,125729635.0,2016,8,3,18.649644413472515,17.50439003707821
90000000.0,132.0,13.809622,5.9,2358.0,Adventure,162360636.0,2016,9,3,18.905330573307417,18.31532023940565
15000000.0,107.0,0.732814,6.8,11.0,Adventure,3360800.0,1985,1,1,15.027689896385468,16.52356082573315
32000000.0,107.0,10.912208,5.5,181.0,Action,58500000.0,2016,7,3,17.8845373292961,17.281246492014
4000000.0,111.0,14.171675,7.3,1831.0,Drama,65046687.0,2016,10,4,17.990615846945577,15.201805169084134
4531653.0,100.0,2.238595,6.3,12.0,Romance,84552250.0,2016,7,3,18.252880256254294,15.326597552231418
5210000.0,112.0,6.859858,6.8,110.0,Crime,5900000.0,2016,3,1,15.59046307836746,15.46609060566811
25000000.0,94.0,9.434588,5.6,600.0,Action,29200000.0,2016,9,3,17.189679301485086,17.034386422832473
200000.0,124.0,0.902294,7.8,4.0,Romance,5500000.0,2016,7,3,15.520258832020865,12.206077645517674
60000000.0,102.0,12.321832,7.7,982.0,Animation,69929545.0,2016,8,3,18.062998807452484,17.909855136853043
35000000.0,123.0,10.754139,6.3,972.0,Comedy,211952420.0,2016,9,3,19.17187237820299,17.370858648025116
20000000.0,133.0,8.483245,6.9,403.0,Drama,25956113.0,2016,9,3,17.07191774676163,16.811242881518265
8000000.0,92.0,12.521071,5.7,436.0,Horror,8810591.0,2016,9,3,15.99146519202255,15.894952224644102
15000000.0,124.0,6.164561,7.1,103.0,Drama,10367161.0,2016,9,3,16.154153868690344,16.52356082573315
110000000.0,107.0,13.1984,6.5,1478.0,Drama,121790373.0,2016,9,3,18.617811878918253,18.5159909328476
110000000.0,127.0,36.262655,6.5,3213.0,Drama,296485719.0,2016,9,3,19.50750961335353,18.5159909328476
45000000.0,112.0,10.217291,6.2,1837.0,Crime,173185859.0,2016,10,4,18.969875911037043,17.622173069956816
8500000.0,92.0,10.222143,6.9,70.0,Family,19985196.0,2016,10,4,16.810502407472022,15.955576839107596
44000000.0,128.0,13.465656,6.9,2121.0,Crime,155160045.0,2016,10,4,18.85996769700416,17.599700214609808
5000000.0,121.0,5.957998,5.6,73.0,Drama,23507567.0,2016,4,2,16.972832969823006,15.424948670398354
18700000.0,150.0,2.017961,5.9,21.0,Action,74000000.0,2016,7,3,18.119575664681957,16.74403413530075
15050000.0,155.0,1.423358,6.7,26.0,Adventure,16180000.0,2016,8,3,16.599286531399315,16.52688861560434
8138338.0,125.0,3.55933,7.5,26.0,Drama,1864266.0,2016,10,4,14.438378504313103,15.912096663102808
3250000.0,107.0,1.393391,6.1,8.0,Drama,32788.0,2006,9,3,10.397848372270873,14.99416586199818
1000000.0,112.0,0.594488,5.8,6.0,Comedy,404785.0,2007,4,2,12.911113811377081,13.815511557963774
15000000.0,120.0,9.285519,6.6,152.0,Action,77000000.0,2016,7,3,18.15931599280497,16.52356082573315
2115000.0,92.0,0.109913,7.0,1.0,Music,2039000.0,1950,3,1,14.52797053999296,14.564565843275643
762241.0,140.0,4.860265,7.5,97.0,Drama,285930.0,2016,9,3,12.56350580195316,13.544019369551084
7500000.0,110.0,0.52757,6.1,7.0,Drama,3347647.0,2004,11,4,15.02376856766872,15.830413711839864
6500000.0,100.0,0.797014,8.0,6.0,Drama,2025032.0,2005,10,4,14.52109655468629,15.687312888712007
6500000.0,89.0,0.752508,7.5,2.0,Drama,1325092.0,2006,11,4,14.096993203618595,15.687312888712007
2000000.0,120.0,0.079856,5.0,2.0,Unknown,1672730.0,2003,9,3,14.32996817803923,14.508658238524095
40000000.0,140.0,21.037699,7.8,3294.0,Drama,175302354.0,2016,10,4,18.982022783914175,17.50439003707821
40000000.0,113.0,8.009568,5.9,158.0,Drama,30930984.0,2016,11,4,17.24726899025828,17.50439003707821
5000000.0,90.0,11.901343,4.9,590.0,Thriller,45172994.0,2016,9,3,17.62601001050244,15.424948670398354
3800000.0,105.0,5.723985,6.4,81.0,Comedy,1016985.0,2016,8,3,13.832353908957577,15.150511887854474
9000000.0,123.0,7.977391,6.5,275.0,Drama,8996802.0,2016,11,4,16.012379849971914,16.012735246411598
1500000.0,102.0,6.636625,4.9,193.0,Horror,779820.0,2016,9,3,13.566819685150076,14.220976332738882
10300000.0,120.0,6.165491,6.7,63.0,Drama,47748.0,2016,10,4,10.773713403281205,16.14765455028724
43000000.0,108.0,24.483893,6.8,1023.0,Drama,46652768.0,2016,10,4,17.658242840409258,17.57671069691365
47000000.0,113.0,30.83786,7.2,5729.0,Thriller,203388186.0,2016,11,4,19.13062696221271,17.665658180950928
70000000.0,87.0,12.687521,6.7,706.0,Adventure,182379278.0,2016,9,3,19.02159902717763,18.064005814299346
50000000.0,124.0,3.798504,6.2,22.0,Action,102205175.0,2016,12,4,18.442492880243986,17.72753358339242
8000000.0,66.0,7.321152,7.7,215.0,Animation,292279.0,2016,10,4,12.585467525905154,15.894952224644102
500.0,87.0,0.460016,5.5,3.0,Mystery,500.0,2016,3,1,6.2166061010848646,6.2166061010848646
12823507.0,110.0,2.981184,6.0,20.0,Action,6101904.0,2016,9,3,15.624111575471549,16.366790606970984
30000000.0,128.0,19.681686,7.9,4745.0,Comedy,445435700.0,2016,11,4,19.914563464492236,17.216707972959764
85000000.0,124.0,13.085186,6.6,1415.0,Action,119520023.0,2016,11,4,18.598994480151973,18.258161826219297
75000000.0,121.0,18.311054,5.7,2316.0,Thriller,220021259.0,2016,10,4,19.20923473601128,18.132998684833918
40000000.0,105.0,9.48515,5.9,608.0,Action,29918745.0,2016,10,4,17.213995798427522,17.50439003707821
9000000.0,99.0,10.182974,5.8,735.0,Horror,81705746.0,2016,10,4,18.218634900073557,16.012735246411598
125000000.0,92.0,16.83711,6.7,1054.0,Adventure,346864462.0,2016,10,4,19.664444665066647,18.643824303266577
10000000.0,92.0,6.703892,5.1,234.0,Action,6272403.0,2016,10,4,15.651670252203242,16.118095750958314
10000000.0,109.0,10.754997,6.5,161.0,Drama,4073489.0,2016,9,3,15.22001068383845,16.118095750958314
60000000.0,118.0,15.60562,5.3,1843.0,Action,162146076.0,2016,10,4,18.904008196777074,17.909855136853043
9000000.0,135.0,12.821257,7.5,1553.0,Drama,75026965.0,2016,11,4,18.13335815354584,16.012735246411598
12000000.0,118.0,17.085145,8.0,1699.0,Drama,140302754.0,2016,11,4,18.759313181373123,16.300417291085605
26000000.0,87.0,7.459161,5.0,216.0,Comedy,17782178.0,2016,11,4,16.693707333971794,17.073607134447293
17000000.0,111.0,7.288877,5.4,195.0,Comedy,42487325.0,2016,11,4,17.56471637765597,16.648723960844016
5000000.0,123.0,3.138159,6.7,50.0,History,2387127.0,2016,9,3,14.685601527678822,15.424948670398354
36000000.0,97.0,14.575883,6.9,1553.0,Drama,87416021.0,2016,12,4,18.286189141902863,17.399029524198163
4000000.0,72.0,1.760091,6.1,20.0,Animation,1730000.0,2004,12,4,14.363632544508476,15.201805169084134
4500000.0,65.0,1.833185,6.4,14.0,Adventure,3468423.0,2006,3,1,15.059210870078317,15.319588176962746
12156348.0,98.0,5.662109,6.7,202.0,War,7900000.0,2016,11,4,15.882373444019521,16.3133621427087
14000000.0,111.0,6.249112,6.5,84.0,Drama,13819139.0,2016,11,4,16.44156514571339,16.454567959008102
10000000.0,91.0,6.944457,4.8,162.0,Drama,13082071.0,2016,11,4,16.386753301233753,16.118095750958314
2500000.0,84.0,1.216497,5.4,14.0,Comedy,230069.0,2016,3,1,12.346138889427015,14.731801689838349
150000000.0,107.0,9.143457,7.3,3471.0,Adventure,643034466.0,2016,11,4,20.28170888418674,18.826145858727198
9000000.0,100.0,8.362716,6.5,737.0,Drama,13960394.0,2016,12,4,16.45173495002714,16.012735246411598
45000000.0,105.0,8.228918,5.4,541.0,Comedy,114501299.0,2016,11,4,18.556096734605905,17.622173069956816
5000.0,139.0,3.447894,7.5,17.0,Action,11083449.0,2015,12,4,16.220963562658415,8.517393171418904
135000.0,94.0,0.588872,5.3,2.0,Comedy,10474.0,2010,9,3,9.25674674479034,11.813037464800539
30000000.0,121.0,11.824404,7.2,564.0,Romance,14793385.0,2017,1,1,16.50969074695651,17.216707972959764
200000000.0,133.0,36.567575,7.4,5111.0,Action,1056057273.0,2016,12,4,20.777808257502148,19.11382792951231
108000000.0,129.0,19.94393,6.2,416.0,Crime,22678555.0,2016,12,4,16.93693036636657,18.497641794347754
9000000.0,117.0,28.920839,7.0,4461.0,Horror,276921998.0,2016,11,4,19.43924643243936,16.012735246411598
35000000.0,91.0,20.02976,5.2,1619.0,Action,81093313.0,2016,11,4,18.211111074256827,17.370858648025116
13000000.0,132.0,14.017754,7.2,317.0,Drama,3500605.0,2016,11,4,15.068446654329291,16.380459992348886
25000000.0,127.0,8.167673,5.9,103.0,Comedy,3885342.0,2016,11,4,15.17272182617499,17.034386422832473
11178.0,104.0,0.079287,8.0,1.0,Comedy,34659.0,2012,9,3,10.453341563269596,9.321792297270326
450000.0,134.0,0.354748,6.4,7.0,Adventure,2300000.0,2016,10,4,14.648420115681892,13.017005083966255
300000.0,144.0,0.350207,7.7,6.0,Action,2500000.0,2016,2,1,14.731801689838349,12.611541086966115
110000000.0,116.0,20.303632,6.7,4134.0,Adventure,303144152.0,2016,12,4,19.529719002814563,18.5159909328476
25000000.0,127.0,16.816834,7.8,2178.0,Drama,230698791.0,2016,12,4,19.256623486892735,17.034386422832473
24000000.0,139.0,11.599716,6.7,750.0,Drama,64414761.0,2016,12,4,17.98085338840935,16.993564429978885
6000000.0,116.0,7.873407,6.7,192.0,Drama,6174491.0,2016,11,4,15.635937169887706,15.607270193858982
3000000.0,73.0,1.412333,5.6,15.0,Animation,19010585.0,2010,12,4,16.76050653987062,14.914123179965662
7000000.0,119.0,9.855927,7.3,213.0,Drama,5816211.0,2016,12,4,15.576159748700354,15.76142084987672
150000000.0,103.0,15.884744,5.8,1465.0,Action,331957105.0,2016,12,4,19.620516319738698,18.826145858727198
25000000.0,115.0,17.523343,7.0,855.0,Drama,23964782.0,2016,11,4,16.992095935663187,17.034386422832473
38000000.0,111.0,14.531429,6.3,1203.0,Comedy,118034273.0,2016,12,4,18.586485597882408,17.453096744006448
75000000.0,108.0,20.045673,6.8,2363.0,Animation,632443719.0,2016,11,4,20.26510179436982,18.132998684833918
4300000.0,149.0,3.699552,6.9,46.0,Drama,3376375.0,2016,11,4,15.032313502903898,15.274125813221904
125000000.0,115.0,27.54107,5.4,2776.0,Action,240697856.0,2016,12,4,19.299052999514664,18.643824303266577
22000000.0,100.0,9.863789,6.6,657.0,Comedy,194647323.0,2017,1,1,19.08669988417386,16.906553056777135
10400000.0,161.0,8.792104,8.0,140.0,Drama,310000000.0,2016,12,4,19.552082858669273,16.15731646026544
15000000.0,113.0,2.080781,5.4,27.0,Action,5290.0,2012,12,4,8.57376254290413,16.52356082573315
21500000.0,98.0,31.314013,5.5,164.0,Thriller,4811525.0,2016,8,3,15.386524847484246,16.88356353960952
45000000.0,133.0,14.547939,6.8,631.0,Crime,50548152.0,2016,12,4,17.738436964682116,17.622173069956816
20000000.0,120.0,16.01076,6.6,403.0,Thriller,7227038.0,2016,12,4,15.79333996668061,16.811242881518265
30000000.0,89.0,16.53732,7.1,415.0,Animation,2351359.0,2016,12,4,14.670504442128788,17.216707972959764
125000000.0,105.0,14.801195,6.0,209.0,Action,64493915.0,2016,12,4,17.982081451735667,18.643824303266577
30000000.0,95.0,12.240817,5.8,345.0,Action,32540674.0,2017,1,1,17.29800140324008,17.216707972959764
40000000.0,146.0,13.28436,6.0,939.0,Mystery,26559557.0,2017,2,1,17.09490024086777,17.50439003707821
18000000.0,110.0,5.978316,6.6,38.0,Adventure,1776333.0,2015,12,4,14.390062247915674,16.705882371415992
8000000.0,103.0,9.609879,7.5,195.0,Drama,82703.0,2016,11,4,11.32302324743582,15.894952224644102
85000000.0,107.0,17.918269,5.5,1497.0,Action,346147658.0,2017,1,1,19.662376002101407,18.258161826219297
7400000.0,96.0,19.225832,5.1,262.0,Horror,26667197.0,2017,1,1,17.098944828771547,15.816990693309524
80000000.0,104.0,17.070748,7.2,1473.0,Action,311950384.0,2017,2,1,19.558354710692452,18.197537205138154
10000000.0,97.0,17.046052,5.3,93.0,Mystery,30658387.0,2016,9,3,17.238416853378645,16.118095750958314
65000000.0,130.0,17.630487,5.9,50.0,Mystery,254212245.0,2017,1,1,19.353680090224884,17.989897843244528
1500000.0,112.0,2.254096,7.0,27.0,Drama,2000000.0,2016,10,4,14.508658238524095,14.220976332738882
7500000.0,133.0,1.176258,6.6,14.0,War,9100000.0,2016,9,3,16.02378508137718,15.830413711839864
25000000.0,102.0,24.535733,4.8,1075.0,Horror,83080890.0,2017,2,1,18.23532528151747,17.034386422832473
3500000.0,105.0,1.426776,5.2,20.0,Drama,18000000.0,2011,3,1,16.705882371415992,15.068273812173887
3500000.0,99.0,14.320893,7.0,451.0,Drama,4100000.0,2016,10,4,15.226497775576945,15.068273812173887
40000000.0,122.0,49.247505,6.7,2924.0,Thriller,171539887.0,2017,2,1,18.960326380617396,17.50439003707821
5000000.0,104.0,36.894806,7.2,2978.0,Mystery,252434250.0,2017,2,1,19.346661380692577,15.424948670398354
97000000.0,137.0,54.581997,7.6,6310.0,Action,616801808.0,2017,2,1,20.240058313088472,18.390221546776935
185000000.0,118.0,29.429112,6.2,3161.0,Action,566652812.0,2017,3,1,20.155257351394564,19.035866388448003
18000000.0,117.0,17.645877,7.1,795.0,Crime,41412709.0,2017,1,1,17.53909839651012,16.705882371415992
5000000.0,98.0,38.995136,6.8,651.0,Mystery,10025571.0,2017,3,1,16.120649586885808,15.424948670398354
175000000.0,126.0,44.251369,6.5,1506.0,Action,146175066.0,2017,4,2,18.800315550380613,18.980296537602072
5000000.0,91.0,15.909181,5.1,142.0,Horror,6341855.0,2016,12,4,15.6626820280516,15.424948670398354
160000000.0,129.0,287.253654,6.8,5530.0,Family,1262886337.0,2017,3,1,20.95666568259922,18.8906843794481
125000000.0,97.0,13.392824,6.1,2336.0,Animation,498814908.0,2017,3,1,20.02774566105883,18.643824303266577
40000000.0,107.0,0.75571,5.9,1139.0,Action,312242626.0,2016,12,4,19.55929109420119,17.50439003707821
100000.0,92.0,24.339781,6.8,95.0,Drama,15584255.0,2017,7,3,16.561771731834252,11.51293546492023
110000000.0,107.0,68.726676,5.9,2547.0,Action,169801921.0,2017,3,1,18.950143150976515,18.5159909328476
55000000.0,118.0,29.130443,6.0,2341.0,Drama,378827494.0,2017,2,1,19.75259150111937,17.822843761378564
4000000.0,90.0,10.067238,6.0,39.0,Mystery,1440000.0,2017,1,1,14.180154365996387,15.201805169084134
10000000.0,129.0,12.928712,5.4,179.0,Drama,443684.0,2017,3,1,13.002870130169445,16.118095750958314
1000000.0,93.0,1.896218,5.3,10.0,Thriller,2228115.0,2015,9,3,14.616666943305953,13.815511557963774
300000.0,101.0,0.113042,5.5,3.0,Documentary,2074000.0,2001,9,3,14.544990149931571,12.611541086966115
32745300.0,117.0,17.958512,7.1,64.0,Romance,12173470.0,2017,4,2,16.31476963383084,17.304270028835134
40000000.0,111.0,13.256679,6.5,38.0,Romance,240978.0,2017,3,1,12.392465071746688,17.50439003707821
6000000.0,105.0,11.186981,5.8,239.0,Drama,1305195.0,2016,10,4,14.081863779032187,15.607270193858982
20000000.0,132.0,16.392712,6.9,330.0,Drama,57330873.0,2017,3,1,17.86434984984075,16.811242881518265
58000000.0,103.0,36.263803,6.3,1959.0,Horror,100541806.0,2017,3,1,18.426084189013284,17.87595358575207
30000000.0,140.0,21.791111,6.1,598.0,Action,8574339.0,2016,10,4,15.964284580124065,17.216707972959764
100000000.0,124.0,23.247298,6.3,1321.0,Action,142337240.0,2017,3,1,18.773709736480477,18.420680753952364
97000000.0,122.0,72.884078,5.7,2677.0,Horror,232380243.0,2017,5,2,19.263885570722742,18.390221546776935
10000000.0,90.0,10.403003,6.3,232.0,Action,3565109.0,2017,3,1,15.086705466894482,16.118095750958314
25000000.0,100.0,12.238061,6.2,277.0,Action,26800152.0,2017,3,1,17.103918154420015,17.034386422832473
5000000.0,87.0,8.645067,6.2,192.0,Comedy,3305592.0,2017,1,1,15.011126440286628,15.424948670398354
25000000.0,96.0,15.157255,6.6,543.0,Crime,84618541.0,2017,4,2,18.253663973138483,17.034386422832473
940000.0,138.0,0.739665,5.8,12.0,Drama,5100000.0,2015,4,2,15.444751293772967,13.753636218075409
20000000.0,103.0,3.573865,6.7,22.0,War,557241.0,2017,2,1,13.230754894931515,16.811242881518265
400000.0,80.0,0.038876,5.0,1.0,Documentary,5255.0,2008,3,1,8.567125560164447,12.899222326086994
17820000.0,94.0,9.482248,6.2,228.0,Comedy,14054361.0,2004,1,1,16.45844336819393,16.695832036123658
3500000.0,126.0,0.768181,5.0,13.0,Action,8262833.0,2005,3,1,15.927278185925672,15.068273812173887
60000000.0,89.0,16.972835,6.2,311.0,Adventure,197183546.0,2017,3,1,19.099645563589196,17.909855136853043
20000000.0,126.0,13.655178,7.1,160.0,Drama,13162475.0,2017,3,1,16.392880612060882,16.811242881518265
7000000.0,101.0,16.025911,7.7,549.0,Drama,37461045.0,2017,4,2,17.438812177708368,15.76142084987672
10000000.0,164.0,1.264714,7.1,22.0,Action,15000000.0,2016,5,2,16.52356082573315,16.118095750958314
10500000.0,92.0,10.150041,5.8,162.0,Drama,3451.0,2017,4,2,8.146709052203319,16.166885910365842
22000000.0,91.0,28.176992,6.1,48.0,Comedy,40120144.0,2017,5,2,17.507389135209007,16.906553056777135
7075038.0,140.0,10.181,7.4,20.0,Adventure,9868942.0,2017,4,2,16.104903313476303,15.772083513845873
69000000.0,116.0,35.637691,6.1,1829.0,Action,177856751.0,2017,5,2,18.99648902021499,18.049617077054286
12000000.0,100.0,10.159713,5.7,117.0,Drama,17768012.0,2017,4,2,16.69291037620854,16.300417291085605
42000000.0,90.0,11.214779,5.2,207.0,Action,60845711.0,2017,5,2,17.923851906549967,17.553180200057167
125000000.0,110.0,33.704935,5.4,2122.0,Thriller,407778013.0,2017,6,2,19.826233500968055,18.643824303266577
250000000.0,136.0,48.573287,6.8,3803.0,Action,1238764765.0,2017,4,2,20.937380563618156,19.33697147982652
38000000.0,89.0,88.561239,6.5,159.0,Action,110824373.0,2017,6,2,18.523457290034436,17.453096744006448
175000000.0,109.0,19.148182,6.6,718.0,Family,350170057.0,2017,6,2,19.67392947444627,18.980296537602072
10000000.0,105.0,24.553725,7.6,84.0,Thriller,4219536.0,2017,6,2,15.255235964353183,16.118095750958314
2800000.0,80.0,12.560942,5.7,52.0,Horror,3600000.0,2017,4,2,15.096444681204078,14.845130332288226
916000.0,99.0,4.612622,7.0,20.0,Drama,2403885.0,2017,4,2,14.692597152547767,13.727772735358728
950000.0,76.0,0.820911,6.6,18.0,Animation,1500000.0,1973,8,3,14.220976332738882,13.76421831620775
6000000.0,106.0,0.292296,1.0,1.0,Drama,31000.0,2007,10,4,10.34177474101152,15.607270193858982
65700.0,88.0,0.96053,7.5,2.0,Comedy,214600.0,1975,9,3,12.276535769000125,11.092869425057021
64200.0,94.0,0.91597,8.6,10.0,Comedy,698200.0,1976,1,1,13.456262305906415,11.06977406588073
707503.0,90.0,1.681316,7.2,13.0,Comedy,4781454.0,2017,2,1,15.380255451454834,13.469498562193795
2800000.0,95.0,0.502326,5.0,4.0,Comedy,964206.0,2015,7,3,13.77906128083189,14.845130332288226
3500000.0,95.0,0.524653,1.7,6.0,Romance,179000.0,2014,8,3,12.095146671399466,15.068273812173887
2000000.0,85.0,0.995285,4.6,15.0,Unknown,22212223.0,2010,1,1,16.91615332593172,14.508658238524095
6500000.0,102.0,0.877477,3.0,8.0,Comedy,9816332.0,2011,1,1,16.09955818900285,15.687312888712007
3200000.0,86.0,0.314167,5.6,8.0,Romance,3877492.0,2008,12,4,15.17069936874429,14.978661680269907
18000000.0,161.0,9.042261,6.7,161.0,Action,230000000.0,2017,4,2,19.253589871235295,16.705882371415992
1300000.0,97.0,0.321524,5.0,7.0,War,809000.0,2002,5,2,13.603555432133808,14.077875591662238
5000000.0,125.0,1.792402,4.7,24.0,Comedy,55635037.0,2007,12,4,17.834323740596982,15.424948670398354
7400000.0,193.0,2.37252,6.1,45.0,Drama,17000000.0,2006,8,3,16.648723960844016,15.816990693309524
10500000.0,93.0,36.26051,5.8,279.0,Drama,25442939.0,2017,6,2,17.05194885579669,16.166885910365842
34000000.0,113.0,228.032744,7.2,2083.0,Action,224511319.0,2017,6,2,19.22943668703796,17.341871111992198
3.0,101.0,0.26507,9.0,1.0,Drama,3.0,2002,11,4,1.3862943611198906,1.3862943611198906
20000000.0,101.0,24.317924,5.6,336.0,Drama,45056771.0,2017,6,2,17.623433852586018,16.811242881518265
3500000.0,105.0,1.333969,7.3,34.0,Drama,1492523.0,2016,6,2,14.215979204521616,15.068273812173887
3300000.0,120.0,4.445867,6.5,14.0,Drama,5249225.0,2015,4,2,15.473591195127717,15.009433329466965
1000000.0,108.0,0.333017,7.0,1.0,Drama,11455.0,2006,8,3,9.346268889200427,13.815511557963774
2000000.0,89.0,1.188935,5.9,10.0,Comedy,33700.0,2003,5,2,10.425282789490705,14.508658238524095
6000000.0,135.0,0.471086,5.6,5.0,Action,11171900.0,2007,10,4,16.22891234456863,15.607270193858982
2153912.0,83.0,0.334881,3.9,5.0,Comedy,4864560.0,2014,2,1,15.397487033148373,14.58279674591063
2000000.0,82.0,0.536756,4.5,5.0,Comedy,4803665.0,2013,12,4,15.384889934369506,14.508658238524095
3500000.0,0.0,0.884241,5.1,14.0,Action,2294357.0,2010,4,2,14.645963623780561,15.068273812173887
3000000.0,100.0,1.16103,3.9,9.0,Comedy,17850711.0,2008,12,4,16.6975539533496,14.914123179965662
7000000.0,90.0,1.08213,4.4,6.0,Thriller,1877122.0,2009,10,4,14.445250843522867,15.76142084987672
3500000.0,97.0,1.900502,6.0,13.0,Action,3704408.0,2009,11,4,15.125034289818545,15.068273812173887
5000000.0,115.0,0.824156,6.4,12.0,Comedy,17566040.0,2009,8,3,16.681478107510898,15.424948670398354
80000000.0,96.0,36.631519,6.2,2002.0,Action,1020063384.0,2017,6,2,20.74313060446871,18.197537205138154
60000000.0,90.0,6.55207,5.8,47.0,Adventure,9420546.0,2016,7,3,16.05840371280722,17.909855136853043
2500000.0,91.0,0.928271,4.6,5.0,Mystery,2141028.0,2009,12,4,14.576797112552482,14.731801689838349
6000000.0,99.0,1.822246,4.6,10.0,Action,4588176.0,2012,4,2,15.338993335388734,15.607270193858982
5000000.0,0.0,0.414793,5.6,7.0,Action,3919731.0,2006,10,4,15.181533842082553,15.424948670398354
5000000.0,92.0,8.966129,6.4,25.0,Drama,6700000.0,2016,9,3,15.717618233614914,15.424948670398354
3000000.0,99.0,0.878255,3.6,7.0,Comedy,9713500.0,2008,9,3,16.08902733141047,14.914123179965662
2500000.0,0.0,0.209434,5.9,4.0,Unknown,1477030.0,2010,5,2,14.205544549783445,14.731801689838349
4000000.0,80.0,0.712585,3.5,6.0,Comedy,9938268.0,2012,3,1,16.111903418598562,15.201805169084134
82000.0,76.0,0.75684,5.2,12.0,Drama,2000000.0,1957,6,2,14.508658238524095,11.314486721293981
152000000.0,140.0,146.161786,6.7,1675.0,Drama,369907963.0,2017,7,3,19.728764786714194,18.839391085389497
21000000.0,95.0,20.214579,6.0,244.0,Drama,24527158.0,2017,8,3,17.015291592160832,16.860033043306743
197471676.0,137.0,15.262706,6.7,905.0,Adventure,90024292.0,2017,7,3,18.315590114094313,19.101105724426663
7000000.0,83.0,2.482771,2.0,6.0,Drama,855450.0,2014,4,2,13.659384094227505,15.76142084987672
7400000.0,169.0,0.236466,6.3,6.0,Foreign,22000000.0,1999,11,4,16.906553056777135,15.816990693309524
2000000.0,93.0,0.679141,4.7,5.0,Drama,273137.0,2008,7,3,12.517732440953283,14.508658238524095
10000000.0,120.0,1.557671,5.9,6.0,War,7547762.0,2015,2,1,15.836761785931513,16.118095750958314
5300000.0,168.0,3.003526,6.7,53.0,Action,22175908.0,2006,5,2,16.914517077427995,15.483217567201578
30000000.0,115.0,14.455104,6.1,748.0,Action,90007945.0,2017,7,3,18.315408513286194,17.216707972959764
100000000.0,107.0,30.938854,7.5,2712.0,Action,519876949.0,2017,7,3,20.069102706921974,18.420680753952364
8500000.0,90.0,1.542843,4.7,14.0,Action,5730596.0,1985,5,2,15.561330271745355,15.955576839107596
8520000.0,125.0,1.75859,6.2,5.0,Action,56100000.0,2017,1,1,17.842646388318236,15.957927016176384
16000000.0,93.0,6.480376,6.0,144.0,Adventure,68411275.0,2000,7,3,18.041048222807053,16.588099342704055
260000000.0,149.0,39.186819,6.2,1440.0,Action,604942143.0,2017,6,2,20.220643381670232,19.376192192825954
2000000.0,90.0,1.456046,5.3,9.0,Comedy,11666088.0,2012,12,4,16.27219681527399,14.508658238524095
2000000.0,81.0,0.397106,3.1,7.0,Comedy,8000000.0,2011,7,3,15.894952224644102,14.508658238524095
3000000.0,90.0,0.445269,4.7,3.0,Comedy,1957000.0,2011,2,1,14.486923757364286,14.914123179965662
2196531.0,107.0,0.947509,5.6,10.0,Comedy,2411594.0,2005,12,4,14.695798912282914,14.602390310923765
60000000.0,95.0,50.903593,5.7,688.0,Action,71000000.0,2017,8,3,18.078190449090098,17.909855136853043
50000000.0,86.0,33.694599,5.8,327.0,Comedy,66913939.0,2017,7,3,18.01891787409484,17.72753358339242
11000000.0,111.0,40.796775,7.4,181.0,Action,184770205.0,2017,8,3,19.03462348123032,16.213405921671733
12000000.0,185.0,1.323587,6.9,25.0,Action,19000000.0,2007,6,2,16.759949589762293,16.300417291085605
750000.0,0.0,0.201582,6.0,4.0,Crime,3.0,2014,6,2,1.3862943611198906,13.527829818844937
800000.0,100.0,0.903061,5.8,6.0,Comedy,1328612.0,2006,11,4,14.09964609890122,13.592368256649284
2000000.0,107.0,0.121844,4.0,3.0,Romance,1268793.0,2010,9,3,14.05357740097386,14.508658238524095
5000000.0,91.0,0.039793,1.0,1.0,Action,1413000.0,2007,9,3,14.161226369380497,15.424948670398354
